seq,t_us,n,v_raw,v_lo,v_hi,ir_raw,ir_lo,ir_hi,il_raw,il_lo,il_hi,flags,V_bus_V,I_L_A,I_R_A,P_W
32,774057055,32,20.34,16,29,2061.63,2041,2069,2043.75,2036,2057,193,0.19659,0.05794,0.01673,0.0147
33,774067242,32,20.09,12,26,2061.88,2042,2069,2042.78,2037,2050,193,0.19417,0.02833,0.02436,0.0102
34,774077467,32,20.59,6,37,2062.06,2048,2074,2042.78,2017,2050,193,0.19900,0.02833,0.02985,0.0116
35,774087656,32,21.47,4,36,2062.19,2059,2069,2043.94,2038,2056,193,0.20751,0.06374,0.03382,0.0202
36,774097828,32,20.19,11,28,2061.5,2048,2069,2044.56,2038,2052,193,0.19514,0.08266,0.01276,0.0186
37,774108024,32,21.41,5,56,2062.03,2057,2072,2043.31,2037,2052,193,0.20693,0.04451,0.02894,0.0152
38,774118220,32,19.47,5,25,2061.91,2057,2067,2044.13,2035,2056,193,0.18818,0.06954,0.02527,0.0178
39,774133993,32,18.91,9,27,2061.31,2044,2066,2042.19,2019,2050,193,0.18277,0.01032,0.00696,0.0032
40,774144301,32,19.06,0,26,2062.56,2056,2068,2044.09,2037,2056,193,0.18421,0.06831,0.04512,0.0209
41,774154523,32,19.66,17,26,2062.69,2059,2069,2044.03,2037,2057,193,0.19001,0.06648,0.04908,0.0220
42,774164729,32,20.22,8,27,2060.97,2056,2066,2043.13,2035,2050,193,0.19543,0.03901,-0.00342,0.0070
43,774174941,32,21.03,16,29,2061.66,2051,2075,2043.78,2030,2050,193,0.20325,0.05885,0.01764,0.0155
44,774185105,32,19.91,0,28,2061.75,2045,2067,2042.66,2027,2050,193,0.19243,0.02466,0.02039,0.0087
45,774195255,32,20.5,14,28,2061.41,2058,2067,2042.06,2038,2052,193,0.19813,0.00635,0.01001,0.0032
46,774205458,32,21.38,12,27,2061.88,2049,2077,2043.88,2036,2062,193,0.20664,0.06190,0.02436,0.0178
47,774215676,32,21.0,14,29,2061.91,2052,2067,2044.44,2038,2064,193,0.20297,0.07900,0.02527,0.0212
48,774225854,32,19.88,15,37,2062.03,2057,2072,2043.41,2035,2053,193,0.19214,0.04756,0.02894,0.0147
49,774236037,32,19.44,6,26,2062.19,2058,2088,2043.28,2038,2053,193,0.18789,0.04359,0.03382,0.0145
50,774246219,32,21.31,16,31,2061.22,2039,2068,2043.09,2039,2050,193,0.20596,0.03779,0.00421,0.0087
51,774256433,32,20.28,17,27,2062.16,2054,2077,2042.31,2015,2051,193,0.19601,0.01398,0.03291,0.0092
52,774266633,32,20.06,16,26,2061.75,2053,2067,2044.59,2039,2066,193,0.19388,0.08358,0.02039,0.0202
53,774276813,32,19.63,15,26,2062.91,2056,2080,2042.91,2030,2050,193,0.18972,0.03230,0.05580,0.0167
54,774286998,32,18.13,1,26,2062.72,2057,2083,2043.41,2035,2050,193,0.17523,0.04756,0.05000,0.0171
55,774297179,32,17.66,0,26,2060.66,2057,2066,2043.25,2038,2052,193,0.17068,0.04267,-0.01288,0.0051
56,774307355,32,19.91,10,27,2061.56,2056,2066,2043.28,2029,2053,193,0.19243,0.04359,0.01459,0.0112
57,774317565,32,19.69,0,27,2062.16,2057,2068,2044.31,2037,2071,193,0.19030,0.07503,0.03291,0.0205
58,774327725,32,20.84,17,34,2062.75,2058,2074,2042.59,2026,2053,193,0.20142,0.02253,0.05092,0.0148
59,774337951,32,19.47,12,26,2062.09,2058,2071,2043.34,2036,2052,193,0.18818,0.04542,0.03077,0.0143
60,774348148,32,20.31,4,35,2061.84,2041,2083,2043.97,2038,2067,193,0.19630,0.06465,0.02314,0.0172
61,774358354,32,20.94,13,28,2061.47,2051,2068,2043.69,2030,2053,193,0.20239,0.05610,0.01184,0.0138
62,774368539,32,20.06,17,28,2061.63,2042,2080,2045.44,2040,2051,193,0.19388,0.10952,0.01673,0.0245
63,774378756,32,19.56,16,27,2062.22,2059,2077,2043.53,2038,2064,193,0.18905,0.05122,0.03474,0.0163
64,774388958,32,19.44,8,27,2061.63,2050,2070,2043.88,2038,2050,193,0.18789,0.06190,0.01673,0.0148
65,774399157,32,20.47,14,28,2061.31,2051,2067,2043.0,2036,2051,193,0.19784,0.03504,0.00696,0.0083
66,774409307,32,20.44,14,42,2061.63,2043,2074,2044.16,2038,2050,193,0.19755,0.07045,0.01673,0.0172
67,774419501,32,19.72,14,27,2061.63,2045,2072,2043.63,2019,2056,193,0.19059,0.05427,0.01673,0.0135
68,774429730,32,21.84,13,37,2061.19,2040,2068,2044.31,2038,2051,193,0.21108,0.07503,0.00330,0.0165
69,774439924,32,19.13,6,26,2061.63,2044,2067,2044.06,2040,2050,193,0.18489,0.06740,0.01673,0.0156
70,774450155,32,20.0,11,27,2062.16,2057,2075,2042.78,2040,2050,193,0.19330,0.02833,0.03291,0.0118
71,774460311,32,19.53,0,26,2061.28,2048,2072,2042.84,2033,2051,193,0.18876,0.03016,0.00604,0.0068
72,774470536,32,20.56,17,30,2060.94,2052,2066,2044.56,2036,2064,193,0.19871,0.08266,-0.00433,0.0156
73,774480724,32,20.97,16,26,2061.78,2057,2068,2043.41,2037,2057,193,0.20268,0.04756,0.02131,0.0140
74,774490926,32,19.28,15,26,2062.41,2045,2073,2043.34,2029,2056,193,0.18634,0.04542,0.04054,0.0160
75,774501140,32,21.34,16,30,2062.19,2054,2072,2044.81,2037,2057,193,0.20625,0.09029,0.03382,0.0256
76,774511346,32,20.94,17,33,2062.53,2059,2073,2042.97,2035,2050,193,0.20239,0.03413,0.04420,0.0159
77,774521530,32,20.69,14,28,2061.91,2058,2068,2043.91,2038,2051,193,0.19997,0.06282,0.02527,0.0176
78,774531764,32,20.25,5,40,2061.88,2053,2077,2043.72,2036,2052,193,0.19572,0.05702,0.02436,0.0159
79,774541975,32,20.56,2,34,2062.22,2059,2067,2042.97,2040,2049,193,0.19871,0.03413,0.03474,0.0137
80,774552170,32,20.28,14,26,2061.84,2059,2067,2044.97,2036,2056,193,0.19601,0.09518,0.02314,0.0232
81,774562369,32,20.72,10,35,2062.16,2056,2069,2042.34,2037,2050,193,0.20026,0.01490,0.03291,0.0096
82,774572602,32,19.69,13,27,2061.09,2044,2067,2044.22,2037,2077,193,0.19030,0.07228,0.00024,0.0138
83,774582788,32,20.06,5,30,2061.22,2056,2067,2044.97,2037,2075,193,0.19388,0.09518,0.00421,0.0193
84,774593027,32,19.66,5,26,2061.25,2052,2068,2042.34,2036,2050,193,0.19001,0.01490,0.00513,0.0038
85,774603205,32,19.13,3,26,2061.09,2057,2067,2042.97,2038,2050,193,0.18489,0.03413,0.00024,0.0064
86,774613393,32,20.38,9,29,2061.34,2051,2068,2042.16,2028,2050,193,0.19697,0.00940,0.00788,0.0034
87,774623575,32,21.88,16,53,2061.84,2059,2066,2044.25,2038,2072,193,0.21147,0.07320,0.02314,0.0204
88,774633748,32,20.97,18,29,2061.81,2056,2068,2042.91,2030,2053,193,0.20268,0.03230,0.02222,0.0110
89,774643946,32,20.03,5,27,2062.13,2056,2072,2043.09,2033,2049,193,0.19359,0.03779,0.03199,0.0135
90,774654177,32,19.66,0,27,2062.5,2058,2074,2044.63,2038,2062,193,0.19001,0.08480,0.04328,0.0243
91,774664355,32,20.81,16,27,2060.94,2049,2068,2043.03,2030,2051,193,0.20113,0.03596,-0.00433,0.0064
92,774674572,32,20.06,14,27,2062.03,2052,2074,2044.72,2029,2052,193,0.19388,0.08755,0.02894,0.0226
93,774684789,32,19.53,5,29,2061.75,2057,2067,2043.69,2030,2076,193,0.18876,0.05610,0.02039,0.0144
94,774694965,32,20.16,9,29,2062.41,2057,2073,2044.09,2038,2052,193,0.19485,0.06831,0.04054,0.0212
95,774705152,32,20.5,17,26,2062.72,2053,2085,2043.84,2028,2057,193,0.19813,0.06068,0.05000,0.0219
96,774715319,32,21.78,9,54,2062.53,2052,2067,2045.13,2037,2069,193,0.21050,0.10006,0.04420,0.0304
97,774725503,32,19.94,0,44,2061.66,2052,2076,2042.91,2011,2051,193,0.19272,0.03230,0.01764,0.0096
98,774735718,32,21.69,16,26,2062.41,2054,2067,2044.81,2036,2061,193,0.20963,0.09029,0.04054,0.0274
99,774745897,32,19.97,8,26,2061.84,2053,2075,2044.13,2029,2065,193,0.19301,0.06954,0.02314,0.0179
100,774756069,32,19.59,0,30,2061.81,2058,2067,2043.88,2032,2051,193,0.18934,0.06190,0.02222,0.0159
101,774766275,32,19.78,15,25,2062.31,2058,2067,2043.56,2033,2050,193,0.19117,0.05214,0.03748,0.0171
102,774776464,32,19.59,13,28,2062.09,2058,2068,2044.41,2030,2051,193,0.18934,0.07808,0.03077,0.0206
103,774786659,32,22.31,17,49,2062.59,2058,2070,2044.19,2038,2049,193,0.21563,0.07137,0.04603,0.0253
104,774796846,32,21.16,10,29,2061.66,2041,2077,2042.88,2027,2052,193,0.20451,0.03138,0.01764,0.0100
105,774807029,32,19.47,5,27,2062.84,2058,2070,2044.22,2035,2050,193,0.18818,0.07228,0.05366,0.0237
106,774817225,32,19.72,0,28,2061.84,2059,2070,2042.53,2036,2051,193,0.19059,0.02070,0.02314,0.0084
107,774827406,32,19.91,5,27,2062.34,2050,2067,2045.06,2038,2060,193,0.19243,0.09792,0.03840,0.0262
108,774837572,32,19.56,12,26,2061.94,2052,2067,2043.28,2029,2053,193,0.18905,0.04359,0.02619,0.0132
109,774847767,32,21.03,14,28,2062.56,2058,2075,2043.53,2038,2054,193,0.20325,0.05122,0.04512,0.0196
110,774857978,32,20.81,0,30,2062.31,2057,2067,2043.06,2025,2054,193,0.20113,0.03687,0.03748,0.0150
111,774868184,32,20.78,16,28,2062.0,2058,2075,2043.75,2037,2058,193,0.20084,0.05794,0.02802,0.0173
112,774878336,32,19.94,12,26,2062.09,2048,2078,2043.41,2040,2052,193,0.19272,0.04756,0.03077,0.0151
113,774888540,32,19.44,3,27,2061.47,2057,2068,2042.53,2018,2060,193,0.18789,0.02070,0.01184,0.0061
114,774898750,32,20.34,13,45,2060.97,2044,2066,2044.97,2041,2060,193,0.19659,0.09518,-0.00342,0.0180
115,774908976,32,20.53,14,27,2061.84,2058,2067,2043.47,2030,2050,193,0.19842,0.04939,0.02314,0.0144
116,774919204,32,20.28,9,31,2061.22,2048,2070,2044.72,2040,2058,193,0.19601,0.08755,0.00421,0.0180
117,774929390,32,20.31,0,28,2062.0,2052,2073,2043.34,2018,2067,193,0.19630,0.04542,0.02802,0.0144
118,774939541,32,19.75,15,28,2062.28,2058,2077,2043.78,2035,2052,193,0.19088,0.05885,0.03657,0.0182
119,774949727,32,20.59,10,28,2062.66,2059,2067,2043.09,2032,2062,193,0.19900,0.03779,0.04817,0.0171
120,774959919,32,20.03,11,26,2063.69,2054,2093,2044.0,2030,2051,193,0.19359,0.06557,0.07961,0.0281
121,774970082,32,20.59,12,32,2061.97,2054,2073,2043.5,2037,2050,193,0.19900,0.05031,0.02711,0.0154
122,774980268,32,19.59,15,26,2062.19,2057,2066,2045.16,2038,2056,193,0.18934,0.10098,0.03382,0.0255
123,774990489,32,20.56,10,29,2063.22,2059,2101,2044.28,2037,2054,193,0.19871,0.07411,0.06526,0.0277
124,775000676,32,19.78,0,26,2061.44,2056,2066,2043.25,2039,2060,193,0.19117,0.04267,0.01093,0.0102
125,775010863,32,19.84,14,26,2062.63,2048,2070,2043.09,2029,2051,193,0.19175,0.03779,0.04725,0.0163
126,775021061,32,20.13,4,32,2062.0,2055,2067,2043.38,2038,2051,193,0.19456,0.04664,0.02802,0.0145
127,775031219,32,20.63,13,27,2061.34,2049,2067,2043.94,2034,2065,193,0.19939,0.06374,0.00788,0.0143
128,775041423,32,18.56,2,27,2062.0,2051,2067,2044.72,2037,2090,193,0.17938,0.08755,0.02802,0.0207
129,775051600,32,19.94,12,29,2062.19,2058,2077,2042.72,2038,2050,193,0.19272,0.02650,0.03382,0.0116
130,775061804,32,19.53,11,25,2062.0,2059,2067,2043.56,2033,2057,193,0.18876,0.05214,0.02802,0.0151
131,775071935,32,20.69,11,42,2061.69,2057,2066,2044.25,2038,2075,193,0.19997,0.07320,0.01856,0.0183
132,775082081,32,20.41,11,29,2060.56,2040,2067,2042.69,2033,2050,193,0.19726,0.02558,-0.01593,0.0019
133,775092280,32,20.5,13,26,2062.28,2054,2069,2042.84,2037,2050,193,0.19813,0.03016,0.03657,0.0132
134,775102473,32,22.19,12,57,2061.97,2048,2068,2044.38,2041,2050,193,0.21447,0.07717,0.02711,0.0224
135,775112670,32,20.25,0,40,2062.41,2059,2069,2042.84,2034,2051,193,0.19572,0.03016,0.04054,0.0138
136,775122846,32,21.38,14,34,2061.22,2057,2066,2042.25,2035,2057,193,0.20664,0.01215,0.00421,0.0034
137,775133013,32,20.56,17,30,2061.22,2057,2066,2044.5,2038,2081,193,0.19871,0.08083,0.00421,0.0169
138,775143181,32,21.19,17,26,2063.0,2059,2078,2044.25,2037,2057,193,0.20480,0.07320,0.05855,0.0270
139,775153358,32,19.13,6,26,2061.84,2058,2067,2046.56,2027,2093,193,0.18489,0.14371,0.02314,0.0308
140,775163555,32,19.88,15,28,2062.5,2057,2080,2042.91,2018,2067,193,0.19214,0.03230,0.04328,0.0145
141,775173776,32,19.69,6,27,2061.34,2052,2082,2042.59,2038,2050,193,0.19030,0.02253,0.00788,0.0058
142,775183975,32,21.44,17,26,2062.38,2058,2080,2044.47,2036,2067,193,0.20722,0.07991,0.03962,0.0248
143,775194154,32,21.44,17,32,2061.56,2053,2067,2042.72,2030,2051,193,0.20722,0.02650,0.01459,0.0085
144,775204347,32,20.88,8,27,2061.38,2051,2069,2044.44,2037,2053,193,0.20181,0.07900,0.00910,0.0178
145,775214538,32,19.38,0,29,2062.75,2050,2082,2043.06,2037,2050,193,0.18731,0.03687,0.05092,0.0164
146,775224717,32,20.31,8,34,2061.81,2059,2069,2045.0,2038,2074,193,0.19630,0.09609,0.02222,0.0232
147,775234895,32,19.66,1,28,2062.25,2056,2070,2043.97,2037,2050,193,0.19001,0.06465,0.03565,0.0191
148,775245075,32,20.0,0,33,2062.34,2053,2069,2044.69,2032,2052,193,0.19330,0.08663,0.03840,0.0242
149,775255253,32,19.59,1,26,2062.66,2043,2093,2044.13,2038,2064,193,0.18934,0.06954,0.04817,0.0223
150,775265436,32,23.78,14,62,2062.78,2058,2068,2044.28,2018,2052,193,0.22983,0.07411,0.05183,0.0289
151,775275639,32,20.19,0,35,2063.09,2054,2077,2044.38,2040,2056,193,0.19514,0.07717,0.06129,0.0270
152,775285829,32,20.03,14,27,2062.66,2059,2078,2042.75,2037,2050,193,0.19359,0.02741,0.04817,0.0146
153,775296008,32,20.13,17,26,2061.09,2045,2067,2043.91,2040,2049,193,0.19456,0.06282,0.00024,0.0123
154,775306247,32,20.44,14,26,2061.56,2053,2069,2042.91,2033,2053,193,0.19755,0.03230,0.01459,0.0093
155,775316439,32,19.97,8,27,2062.06,2051,2074,2044.59,2037,2073,193,0.19301,0.08358,0.02985,0.0219
156,775326656,32,20.31,3,28,2062.22,2052,2072,2044.94,2040,2052,193,0.19630,0.09426,0.03474,0.0253
157,775336860,32,21.53,0,37,2061.19,2044,2070,2042.59,2029,2052,193,0.20809,0.02253,0.00330,0.0054
158,775347008,32,20.41,15,26,2063.31,2057,2068,2044.84,2038,2062,193,0.19726,0.09121,0.06801,0.0314
159,775357239,32,20.25,17,26,2061.03,2054,2066,2041.75,2013,2050,193,0.19572,-0.00311,-0.00159,-0.0009
160,775367369,32,20.78,13,32,2062.5,2045,2090,2044.25,2037,2050,193,0.20084,0.07320,0.04328,0.0234
161,775377512,32,19.84,16,27,2061.66,2044,2068,2043.19,2032,2050,193,0.19175,0.04084,0.01764,0.0112
162,775387705,32,20.97,12,28,2061.59,2050,2067,2044.75,2040,2063,193,0.20268,0.08846,0.01551,0.0211
163,775397890,32,18.84,8,28,2061.16,2046,2070,2043.72,2038,2051,193,0.18209,0.05702,0.00238,0.0108
164,775408066,32,21.34,14,39,2062.0,2059,2070,2041.75,2034,2050,193,0.20625,-0.00311,0.02802,0.0051
165,775418215,32,19.53,1,27,2061.31,2057,2068,2041.09,2016,2056,193,0.18876,-0.02326,0.00696,-0.0031
166,775428408,32,19.44,8,26,2062.28,2058,2069,2044.38,2034,2057,193,0.18789,0.07717,0.03657,0.0214
167,775438592,32,19.34,0,27,2061.63,2057,2068,2044.16,2020,2073,193,0.18692,0.07045,0.01673,0.0163
168,775448787,32,21.06,13,37,2061.91,2053,2070,2044.09,2038,2052,193,0.20354,0.06831,0.02527,0.0190
169,775458984,32,19.53,16,25,2062.5,2051,2075,2044.78,2036,2052,193,0.18876,0.08938,0.04328,0.0250
170,775469165,32,20.63,15,58,2063.53,2054,2083,2044.91,2035,2093,193,0.19939,0.09335,0.07473,0.0335
171,775479375,32,22.44,14,36,2060.38,2052,2067,2043.09,2034,2060,193,0.21688,0.03779,-0.02143,0.0035
172,775489587,32,20.81,5,39,2061.81,2054,2068,2043.38,2028,2057,193,0.20113,0.04664,0.02222,0.0139
173,775499785,32,19.72,16,27,2061.88,2053,2067,2043.03,2034,2051,193,0.19059,0.03596,0.02436,0.0115
174,775509975,32,20.69,13,29,2061.44,2054,2074,2041.81,2021,2049,193,0.19997,-0.00128,0.01093,0.0019
175,775520190,32,19.91,5,29,2061.75,2053,2068,2043.72,2036,2078,193,0.19243,0.05702,0.02039,0.0149
176,775530362,32,20.69,17,49,2062.28,2058,2074,2043.28,2038,2056,193,0.19997,0.04359,0.03657,0.0160
177,775540569,32,21.13,11,32,2061.47,2043,2073,2044.25,2028,2061,193,0.20422,0.07320,0.01184,0.0174
178,775550762,32,20.75,17,35,2061.25,2057,2067,2042.88,2028,2051,193,0.20055,0.03138,0.00513,0.0073
179,775560955,32,19.13,0,26,2062.41,2055,2068,2044.28,2036,2066,193,0.18489,0.07411,0.04054,0.0212
180,775571141,32,20.19,14,27,2061.34,2057,2066,2042.81,2038,2050,193,0.19514,0.02924,0.00788,0.0072
181,775581320,32,20.5,5,29,2061.97,2044,2067,2045.53,2037,2066,193,0.19813,0.11227,0.02711,0.0276
182,775591509,32,20.59,12,27,2061.41,2054,2069,2042.16,2032,2050,193,0.19900,0.00940,0.01001,0.0039
183,775601720,32,19.38,13,27,2061.75,2058,2067,2043.63,2038,2050,193,0.18731,0.05427,0.02039,0.0140
184,775611925,32,20.81,12,30,2060.88,2049,2067,2043.41,2038,2050,193,0.20113,0.04756,-0.00617,0.0083
185,775622106,32,20.41,14,30,2061.22,2048,2068,2043.19,2026,2059,193,0.19726,0.04084,0.00421,0.0089
186,775632312,32,20.63,16,29,2061.91,2057,2066,2043.53,2029,2055,193,0.19939,0.05122,0.02527,0.0153
187,775642518,32,20.03,14,26,2061.88,2057,2068,2044.78,2035,2066,193,0.19359,0.08938,0.02436,0.0220
188,775652720,32,20.88,17,27,2060.41,2050,2066,2043.66,2035,2050,193,0.20181,0.05519,-0.02051,0.0070
189,775662902,32,20.0,16,26,2062.28,2051,2067,2043.38,2037,2052,193,0.19330,0.04664,0.03657,0.0161
190,775673075,32,20.13,15,31,2062.31,2054,2069,2042.16,2020,2050,193,0.19456,0.00940,0.03748,0.0091
191,775683308,32,18.5,2,26,2061.28,2056,2066,2043.0,2040,2049,193,0.17880,0.03504,0.00604,0.0073
192,775693451,32,20.59,9,29,2061.81,2059,2074,2043.88,2035,2056,193,0.19900,0.06190,0.02222,0.0167
193,775703661,32,20.16,0,27,2062.66,2057,2080,2043.94,2030,2074,193,0.19485,0.06374,0.04817,0.0218
194,775713872,32,19.63,4,27,2061.03,2052,2068,2042.97,2016,2056,193,0.18972,0.03413,-0.00159,0.0062
195,775724066,32,20.63,17,35,2062.19,2056,2067,2043.88,2040,2051,193,0.19939,0.06190,0.03382,0.0191
196,775734234,32,20.63,15,25,2061.47,2058,2066,2043.13,2034,2050,193,0.19939,0.03901,0.01184,0.0101
197,775744468,32,19.75,17,27,2062.03,2058,2066,2043.47,2036,2053,193,0.19088,0.04939,0.02894,0.0150
198,775754668,32,21.09,15,51,2061.72,2057,2067,2043.31,2022,2060,193,0.20383,0.04451,0.01947,0.0130
199,775764882,32,20.88,0,26,2061.59,2058,2068,2043.56,2024,2052,193,0.20181,0.05214,0.01551,0.0137
200,775775074,32,19.72,0,27,2061.59,2054,2068,2042.75,2035,2050,193,0.19059,0.02741,0.01551,0.0082
201,775785252,32,19.75,4,27,2060.28,2035,2068,2043.59,2034,2050,193,0.19088,0.05305,-0.02448,0.0055
202,775795407,32,20.03,11,26,2061.94,2051,2068,2044.31,2035,2051,193,0.19359,0.07503,0.02619,0.0196
203,775805593,32,20.25,10,26,2061.28,2048,2069,2042.31,2034,2050,193,0.19572,0.01398,0.00604,0.0039
204,775815789,32,20.31,0,28,2061.69,2058,2070,2043.88,2025,2052,193,0.19630,0.06190,0.01856,0.0158
205,775826010,32,19.94,16,29,2062.0,2058,2069,2042.44,2032,2049,193,0.19272,0.01795,0.02802,0.0089
206,775836165,32,19.97,11,26,2061.31,2050,2067,2043.81,2039,2050,193,0.19301,0.05977,0.00696,0.0129
207,775846356,32,20.22,13,26,2062.41,2054,2080,2043.75,2033,2050,193,0.19543,0.05794,0.04054,0.0192
208,775856541,32,20.88,14,30,2061.72,2044,2067,2042.97,2036,2072,193,0.20181,0.03413,0.01947,0.0108
209,775866766,32,19.47,1,31,2062.19,2044,2068,2042.88,2035,2050,193,0.18818,0.03138,0.03382,0.0123
210,775876952,32,20.25,8,29,2061.66,2056,2072,2043.78,2038,2053,193,0.19572,0.05885,0.01764,0.0150
211,775887159,32,22.5,16,66,2062.06,2049,2067,2043.91,2041,2050,193,0.21746,0.06282,0.02985,0.0202
212,775897339,32,20.81,16,42,2062.66,2058,2077,2044.19,2037,2051,193,0.20113,0.07137,0.04817,0.0240
213,775907519,32,20.28,14,33,2061.03,2057,2066,2042.31,2037,2054,193,0.19601,0.01398,-0.00159,0.0024
214,775917702,32,19.34,5,26,2062.88,2059,2069,2043.63,2040,2051,193,0.18692,0.05427,0.05488,0.0204
215,775927919,32,20.09,10,29,2061.84,2058,2067,2043.03,2038,2050,193,0.19417,0.03596,0.02314,0.0115
216,775938107,32,22.0,9,46,2061.69,2054,2071,2042.13,2027,2051,193,0.21263,0.00849,0.01856,0.0058
217,775948265,32,20.0,9,35,2062.13,2052,2069,2044.5,2037,2050,193,0.19330,0.08083,0.03199,0.0218
218,775958408,32,19.66,9,26,2062.0,2059,2072,2043.66,2037,2050,193,0.19001,0.05519,0.02802,0.0158
219,775968580,32,19.44,14,27,2061.91,2058,2067,2043.47,2037,2058,193,0.18789,0.04939,0.02527,0.0140
220,775978805,32,20.47,1,34,2061.13,2058,2066,2044.47,2034,2068,193,0.19784,0.07991,0.00147,0.0161
221,775988998,32,20.53,14,30,2060.97,2049,2067,2043.31,2041,2052,193,0.19842,0.04451,-0.00342,0.0082
222,775999183,32,20.53,14,28,2061.34,2049,2069,2043.5,2040,2049,193,0.19842,0.05031,0.00788,0.0115
223,776009352,32,20.44,17,34,2061.97,2056,2068,2044.09,2036,2051,193,0.19755,0.06831,0.02711,0.0189
224,776019536,32,19.97,14,33,2060.84,2045,2076,2045.09,2035,2077,193,0.19301,0.09884,-0.00739,0.0177
225,776029718,32,19.78,4,36,2061.41,2051,2074,2043.38,2035,2050,193,0.19117,0.04664,0.01001,0.0108
226,776039905,32,20.38,10,26,2062.22,2057,2077,2042.81,2038,2049,193,0.19697,0.02924,0.03474,0.0126
227,776050129,32,19.72,17,26,2061.19,2056,2068,2042.94,2041,2050,193,0.19059,0.03321,0.00330,0.0070
228,776060350,32,19.16,9,29,2062.06,2058,2066,2044.34,2034,2059,193,0.18518,0.07595,0.02985,0.0196
229,776070575,32,19.84,16,28,2062.0,2059,2069,2043.91,2040,2051,193,0.19175,0.06282,0.02802,0.0174
230,776080744,32,20.69,0,43,2060.88,2056,2067,2043.5,2037,2056,193,0.19997,0.05031,-0.00617,0.0088
231,776090920,32,20.38,16,27,2060.94,2051,2067,2042.75,2035,2050,193,0.19697,0.02741,-0.00433,0.0045
232,776101057,32,19.78,12,29,2061.69,2054,2073,2043.81,2040,2052,193,0.19117,0.05977,0.01856,0.0150
233,776111250,32,19.44,0,32,2061.78,2058,2069,2044.25,2037,2070,193,0.18789,0.07320,0.02131,0.0178
234,776121426,32,19.81,17,26,2061.22,2054,2068,2043.38,2040,2050,193,0.19146,0.04664,0.00421,0.0097
235,776131629,32,20.22,13,27,2061.09,2052,2073,2043.91,2040,2059,193,0.19543,0.06282,0.00024,0.0123
236,776141846,32,20.19,16,34,2062.28,2057,2072,2043.56,2029,2053,193,0.19514,0.05214,0.03657,0.0173
237,776152034,32,19.88,12,34,2061.59,2056,2073,2043.09,2030,2064,193,0.19214,0.03779,0.01551,0.0102
238,776162230,32,20.13,14,27,2061.16,2046,2068,2044.03,2035,2056,193,0.19456,0.06648,0.00238,0.0134
239,776172423,32,20.16,14,27,2061.75,2043,2068,2042.44,2036,2050,193,0.19485,0.01795,0.02039,0.0075
240,776182618,32,21.09,16,27,2062.34,2050,2077,2044.13,2038,2053,193,0.20383,0.06954,0.03840,0.0220
241,776192811,32,20.53,13,27,2061.94,2057,2068,2043.56,2033,2054,193,0.19842,0.05214,0.02619,0.0155
242,776203007,32,20.16,10,27,2061.94,2058,2069,2043.59,2038,2051,193,0.19485,0.05305,0.02619,0.0154
243,776213238,32,19.53,12,26,2061.56,2057,2068,2043.94,2040,2062,193,0.18876,0.06374,0.01459,0.0148
244,776223458,32,19.56,12,26,2062.06,2059,2073,2044.31,2038,2051,193,0.18905,0.07503,0.02985,0.0198
245,776233656,32,16.84,0,26,2061.72,2054,2069,2043.28,2037,2053,193,0.16276,0.04359,0.01947,0.0103
246,776243850,32,20.25,15,36,2062.47,2058,2069,2043.97,2035,2057,193,0.19572,0.06465,0.04237,0.0209
247,776254081,32,20.72,8,36,2061.81,2054,2072,2043.91,2035,2053,193,0.20026,0.06282,0.02222,0.0170
248,776264282,32,20.22,13,26,2061.88,2057,2067,2042.47,2025,2052,193,0.19543,0.01886,0.02436,0.0084
249,776274469,32,19.78,17,28,2060.28,2049,2067,2044.06,2037,2059,193,0.19117,0.06740,-0.02448,0.0082
250,776284695,32,21.28,12,46,2062.09,2056,2067,2042.97,2032,2059,193,0.20567,0.03413,0.03077,0.0133
251,776294926,32,20.28,4,28,2061.16,2056,2072,2044.97,2035,2083,193,0.19601,0.09518,0.00238,0.0191
252,776305108,32,21.47,14,35,2062.69,2059,2069,2044.59,2040,2054,193,0.20751,0.08358,0.04908,0.0275
253,776315292,32,20.78,13,28,2062.31,2052,2072,2043.59,2039,2053,193,0.20084,0.05305,0.03748,0.0182
254,776325465,32,20.53,17,27,2061.91,2057,2068,2043.47,2037,2066,193,0.19842,0.04939,0.02527,0.0148
255,776335674,32,21.09,12,58,2061.0,2043,2066,2044.5,2041,2051,193,0.20383,0.08083,-0.00250,0.0160
256,776345836,32,22.25,16,52,2062.38,2053,2067,2044.34,2035,2052,193,0.21505,0.07595,0.03962,0.0249
257,776356016,32,21.66,12,58,2060.69,2058,2066,2043.06,2036,2054,193,0.20934,0.03687,-0.01197,0.0052
258,776366215,32,20.91,14,38,2061.84,2058,2067,2043.78,2038,2057,193,0.20210,0.05885,0.02314,0.0166
259,776376428,32,20.31,16,26,2063.06,2059,2067,2043.81,2031,2054,193,0.19630,0.05977,0.06038,0.0236
260,776386630,32,21.25,8,37,2061.97,2050,2071,2044.34,2040,2058,193,0.20538,0.07595,0.02711,0.0212
261,776396808,32,19.44,14,28,2062.13,2058,2074,2043.78,2033,2055,193,0.18789,0.05885,0.03199,0.0171
262,776406989,32,20.41,13,26,2062.84,2058,2098,2042.56,2022,2057,193,0.19726,0.02161,0.05366,0.0148
263,776417197,32,19.69,17,26,2062.06,2046,2067,2043.31,2019,2054,193,0.19030,0.04451,0.02985,0.0142
264,776427378,32,19.22,0,27,2061.38,2052,2066,2044.09,2039,2056,193,0.18576,0.06831,0.00910,0.0144
265,776437569,32,20.22,17,26,2061.22,2052,2067,2041.34,2016,2049,193,0.19543,-0.01563,0.00421,-0.0022
266,776447745,32,21.25,15,29,2062.25,2057,2085,2043.03,2032,2054,193,0.20538,0.03596,0.03565,0.0147
267,776457899,32,20.22,12,28,2062.31,2058,2070,2044.59,2028,2074,193,0.19543,0.08358,0.03748,0.0237
268,776468091,32,18.31,4,25,2061.91,2059,2075,2044.72,2040,2051,193,0.17697,0.08755,0.02527,0.0200
269,776478280,32,19.94,9,26,2062.44,2055,2066,2044.44,2038,2052,193,0.19272,0.07900,0.04145,0.0232
270,776488462,32,20.94,10,28,2062.34,2057,2084,2043.66,2030,2051,193,0.20239,0.05519,0.03840,0.0189
271,776498661,32,19.25,4,26,2062.34,2059,2069,2044.09,2025,2056,193,0.18605,0.06831,0.03840,0.0199
272,776508838,32,20.28,8,26,2061.84,2057,2067,2043.97,2040,2054,193,0.19601,0.06465,0.02314,0.0172
273,776519022,32,18.91,9,43,2062.34,2056,2069,2044.69,2035,2064,193,0.18277,0.08663,0.03840,0.0229
274,776529214,32,20.06,17,27,2060.59,2046,2067,2043.59,2038,2057,193,0.19388,0.05305,-0.01502,0.0074
275,776539425,32,20.34,15,28,2061.31,2058,2066,2042.44,2037,2050,193,0.19659,0.01795,0.00696,0.0049
276,776549620,32,19.41,14,25,2061.94,2050,2074,2044.25,2032,2066,193,0.18760,0.07320,0.02619,0.0186
277,776559825,32,21.66,10,61,2060.91,2057,2067,2043.88,2034,2056,193,0.20934,0.06190,-0.00525,0.0119
278,776570042,32,20.84,15,26,2062.03,2057,2067,2043.94,2037,2053,193,0.20142,0.06374,0.02894,0.0187
279,776580248,32,19.84,14,35,2062.59,2059,2077,2044.31,2040,2056,193,0.19175,0.07503,0.04603,0.0232
280,776590444,32,20.0,8,28,2062.44,2054,2069,2043.59,2034,2051,193,0.19330,0.05305,0.04145,0.0183
281,776600618,32,20.59,12,36,2061.25,2056,2067,2042.63,2038,2053,193,0.19900,0.02375,0.00513,0.0057
282,776610809,32,19.97,13,28,2061.81,2058,2068,2043.56,2038,2054,193,0.19301,0.05214,0.02222,0.0144
283,776621021,32,21.28,16,36,2061.09,2052,2067,2043.25,2036,2053,193,0.20567,0.04267,0.00024,0.0088
284,776631215,32,19.91,13,38,2062.66,2054,2074,2044.84,2035,2064,193,0.19243,0.09121,0.04817,0.0268
285,776641450,32,20.38,14,35,2062.38,2058,2067,2044.53,2038,2059,193,0.19697,0.08175,0.03962,0.0239
286,776651647,32,19.72,10,38,2061.88,2057,2067,2043.59,2035,2056,193,0.19059,0.05305,0.02436,0.0148
287,776661842,32,19.84,9,26,2062.47,2058,2070,2043.44,2038,2060,193,0.19175,0.04847,0.04237,0.0174
288,776672030,32,19.19,10,26,2061.5,2057,2067,2043.66,2024,2052,193,0.18547,0.05519,0.01276,0.0126
289,776682226,32,20.13,16,30,2062.34,2057,2076,2044.22,2038,2050,193,0.19456,0.07228,0.03840,0.0215
290,776692418,32,20.59,16,28,2062.09,2044,2068,2043.25,2026,2050,193,0.19900,0.04267,0.03077,0.0146
291,776702613,32,21.56,4,56,2061.44,2044,2072,2043.88,2037,2050,193,0.20838,0.06190,0.01093,0.0152
292,776712818,32,20.75,16,33,2061.22,2051,2070,2045.06,2036,2090,193,0.20055,0.09792,0.00421,0.0205
293,776723023,32,20.91,12,27,2061.78,2058,2066,2044.34,2037,2050,193,0.20210,0.07595,0.02131,0.0197
294,776733235,32,19.63,10,27,2062.09,2056,2067,2043.81,2037,2050,193,0.18972,0.05977,0.03077,0.0172
295,776743447,32,19.53,5,27,2061.66,2057,2067,2043.5,2033,2069,193,0.18876,0.05031,0.01764,0.0128
296,776753604,32,19.78,5,33,2062.44,2056,2075,2044.66,2040,2056,193,0.19117,0.08571,0.04145,0.0243
297,776763786,32,21.0,17,30,2061.31,2057,2067,2043.88,2037,2053,193,0.20297,0.06190,0.00696,0.0140
298,776773963,32,21.41,17,43,2061.28,2058,2069,2043.94,2040,2051,193,0.20693,0.06374,0.00604,0.0144
299,776784161,32,19.94,13,26,2062.16,2043,2075,2042.75,2021,2050,193,0.19272,0.02741,0.03291,0.0116
300,776794343,32,21.0,16,27,2061.5,2058,2070,2043.53,2040,2049,193,0.20297,0.05122,0.01276,0.0130
301,776804517,32,19.13,5,30,2061.94,2058,2069,2043.03,2037,2050,193,0.18489,0.03596,0.02619,0.0115
302,776814683,32,19.78,16,26,2062.06,2058,2067,2042.63,2037,2049,193,0.19117,0.02375,0.02985,0.0102
303,776824856,32,20.22,12,28,2062.72,2058,2072,2043.38,2029,2053,193,0.19543,0.04664,0.05000,0.0189
304,776835028,32,20.44,12,40,2061.69,2055,2070,2042.53,2035,2051,193,0.19755,0.02070,0.01856,0.0078
305,776845240,32,20.75,15,40,2062.75,2056,2078,2044.09,2038,2061,193,0.20055,0.06831,0.05092,0.0239
306,776855399,32,21.13,14,30,2063.59,2054,2089,2043.75,2035,2050,193,0.20422,0.05794,0.07656,0.0275
307,776865540,32,19.97,16,26,2061.81,2050,2068,2044.97,2038,2074,193,0.19301,0.09518,0.02222,0.0227
308,776875717,32,21.31,11,59,2062.19,2053,2097,2044.06,2037,2052,193,0.20596,0.06740,0.03382,0.0208
309,776885917,32,20.88,17,27,2061.31,2053,2066,2043.16,2039,2050,193,0.20181,0.03993,0.00696,0.0095
310,776896101,32,19.56,10,40,2062.56,2056,2073,2043.69,2030,2051,193,0.18905,0.05610,0.04512,0.0191
311,776906298,32,19.88,9,40,2061.25,2056,2070,2043.06,2030,2053,193,0.19214,0.03687,0.00513,0.0081
312,776916464,32,20.41,13,40,2061.75,2057,2069,2043.03,2018,2062,193,0.19726,0.03596,0.02039,0.0111
313,776926649,32,20.03,0,28,2061.16,2050,2067,2043.31,2036,2057,193,0.19359,0.04451,0.00238,0.0091
314,776936826,32,19.88,12,30,2062.53,2053,2086,2042.78,2038,2050,193,0.19214,0.02833,0.04420,0.0139
315,776947030,32,19.06,10,38,2062.19,2057,2072,2043.66,2035,2050,193,0.18421,0.05519,0.03382,0.0164
316,776957198,32,20.91,14,31,2062.31,2057,2068,2044.41,2037,2053,193,0.20210,0.07808,0.03748,0.0234
317,776967410,32,21.0,17,32,2063.03,2058,2076,2044.34,2037,2057,193,0.20297,0.07595,0.05946,0.0275
318,776977595,32,19.81,14,29,2063.34,2056,2077,2045.09,2041,2057,193,0.19146,0.09884,0.06893,0.0321
319,776987806,32,21.13,17,28,2061.53,2059,2067,2042.63,2030,2057,193,0.20422,0.02375,0.01368,0.0076
320,776998002,32,20.5,6,31,2062.53,2057,2069,2042.81,2035,2050,193,0.19813,0.02924,0.04420,0.0146
321,777008171,32,20.25,13,27,2062.19,2056,2067,2043.97,2033,2077,193,0.19572,0.06465,0.03382,0.0193
322,777018320,32,20.81,16,35,2061.34,2049,2075,2043.72,2038,2058,193,0.20113,0.05702,0.00788,0.0131
323,777028509,32,20.69,17,37,2062.16,2057,2086,2045.38,2037,2077,193,0.19997,0.10769,0.03291,0.0281
324,777038709,32,21.78,15,58,2061.78,2059,2067,2042.66,2037,2050,193,0.21050,0.02466,0.02131,0.0097
325,777048922,32,21.34,14,27,2061.72,2059,2066,2044.5,2040,2053,193,0.20625,0.08083,0.01947,0.0207
326,777059101,32,21.0,13,31,2062.0,2051,2068,2044.19,2027,2053,193,0.20297,0.07137,0.02802,0.0202
327,777069295,32,20.47,8,37,2062.84,2058,2074,2043.5,2037,2051,193,0.19784,0.05031,0.05366,0.0206
328,777079450,32,19.53,12,29,2062.44,2059,2074,2044.0,2036,2060,193,0.18876,0.06557,0.04145,0.0202
329,777089631,32,19.44,12,27,2061.81,2058,2068,2043.28,2038,2050,193,0.18789,0.04359,0.02222,0.0124
330,777099837,32,19.56,4,26,2062.19,2058,2078,2043.53,2038,2050,193,0.18905,0.05122,0.03382,0.0161
331,777110015,32,19.5,15,26,2061.94,2057,2067,2044.03,2040,2054,193,0.18847,0.06648,0.02619,0.0175
332,777120189,32,19.25,6,26,2060.97,2058,2067,2042.63,2020,2049,193,0.18605,0.02375,-0.00342,0.0038
333,777130396,32,19.44,15,27,2062.44,2052,2068,2044.53,2038,2053,193,0.18789,0.08175,0.04145,0.0231
334,777140615,32,20.75,12,29,2061.97,2051,2070,2043.94,2025,2050,193,0.20055,0.06374,0.02711,0.0182
335,777150791,32,19.84,16,26,2062.72,2057,2078,2043.91,2040,2051,193,0.19175,0.06282,0.05000,0.0216
336,777160982,32,20.5,14,26,2062.69,2058,2069,2044.22,2033,2058,193,0.19813,0.07228,0.04908,0.0240
337,777171174,32,19.03,0,32,2061.13,2051,2068,2042.94,2016,2050,193,0.18392,0.03321,0.00147,0.0064
338,777181400,32,20.03,14,26,2061.34,2036,2068,2043.59,2040,2050,193,0.19359,0.05305,0.00788,0.0118
339,777191592,32,19.5,14,27,2063.25,2060,2083,2042.91,2037,2051,193,0.18847,0.03230,0.06618,0.0186
340,777201739,32,21.06,16,32,2062.91,2054,2090,2043.31,2027,2051,193,0.20354,0.04451,0.05580,0.0204
341,777211943,32,20.72,11,29,2061.97,2050,2072,2043.94,2035,2064,193,0.20026,0.06374,0.02711,0.0182
342,777222114,32,20.13,16,30,2062.38,2057,2068,2042.81,2024,2050,193,0.19456,0.02924,0.03962,0.0134
343,777232312,32,20.22,12,30,2061.53,2052,2067,2043.53,2040,2050,193,0.19543,0.05122,0.01368,0.0127
344,777242507,32,19.91,17,25,2061.94,2057,2070,2043.69,2033,2051,193,0.19243,0.05610,0.02619,0.0158
345,777252693,32,20.97,15,26,2063.47,2058,2078,2045.31,2036,2064,193,0.20268,0.10556,0.07289,0.0362
346,777262888,32,19.19,0,31,2060.5,2043,2067,2043.72,2033,2059,193,0.18547,0.05702,-0.01777,0.0073
347,777273065,32,20.22,9,26,2062.72,2059,2069,2044.66,2040,2053,193,0.19543,0.08571,0.05000,0.0265
348,777283249,32,20.81,9,34,2061.25,2053,2067,2044.78,2040,2061,193,0.20113,0.08938,0.00513,0.0190
349,777293411,32,20.13,1,26,2061.91,2053,2068,2043.31,2035,2052,193,0.19456,0.04451,0.02527,0.0136
350,777303620,32,19.88,14,26,2062.69,2059,2077,2043.63,2032,2060,193,0.19214,0.05427,0.04908,0.0199
351,777313850,32,21.91,16,59,2062.28,2052,2070,2044.94,2040,2054,193,0.21176,0.09426,0.03657,0.0277
352,777324085,32,19.88,12,26,2061.66,2051,2067,2043.75,2030,2050,193,0.19214,0.05794,0.01764,0.0145
353,777334240,32,21.22,15,34,2062.34,2057,2080,2044.16,2037,2051,193,0.20509,0.07045,0.03840,0.0223
354,777344468,32,19.63,14,28,2061.03,2049,2068,2043.59,2037,2052,193,0.18972,0.05305,-0.00159,0.0098
355,777354676,32,21.91,16,37,2062.19,2058,2068,2043.41,2033,2052,193,0.21176,0.04756,0.03382,0.0172
356,777364895,32,19.28,0,32,2062.0,2059,2072,2044.13,2033,2053,193,0.18634,0.06954,0.02802,0.0182
357,777375084,32,21.56,17,37,2061.94,2053,2074,2044.19,2037,2051,193,0.20838,0.07137,0.02619,0.0203
358,777385279,32,20.41,8,27,2061.81,2059,2067,2043.44,2025,2052,193,0.19726,0.04847,0.02222,0.0139
359,777395465,32,20.31,16,26,2061.41,2056,2069,2043.41,2029,2051,193,0.19630,0.04756,0.01001,0.0113
360,777405665,32,19.69,11,31,2061.5,2050,2074,2044.19,2030,2056,193,0.19030,0.07137,0.01276,0.0160
361,777415855,32,19.31,0,27,2061.81,2057,2067,2042.59,2027,2050,193,0.18663,0.02253,0.02222,0.0084
362,777426061,32,21.56,16,32,2061.34,2056,2068,2042.28,2029,2049,193,0.20838,0.01306,0.00788,0.0044
363,777436245,32,20.16,10,27,2061.75,2041,2068,2043.69,2017,2050,193,0.19485,0.05610,0.02039,0.0149
364,777446446,32,19.78,3,26,2060.38,2053,2068,2042.34,2022,2050,193,0.19117,0.01490,-0.02143,-0.0012
365,777456646,32,21.16,18,30,2061.25,2044,2068,2043.44,2040,2060,193,0.20451,0.04847,0.00513,0.0110
366,777466824,32,21.53,16,29,2060.91,2043,2078,2044.78,2038,2053,193,0.20809,0.08938,-0.00525,0.0175
367,777477018,32,19.97,14,28,2062.28,2052,2075,2042.34,2034,2051,193,0.19301,0.01490,0.03657,0.0099
368,777487206,32,20.78,17,28,2061.53,2058,2067,2043.56,2035,2062,193,0.20084,0.05214,0.01368,0.0132
369,777497394,32,23.09,12,66,2062.03,2059,2066,2043.09,2028,2051,193,0.22316,0.03779,0.02894,0.0149
370,777507572,32,20.16,16,27,2063.53,2057,2093,2044.34,2030,2054,193,0.19485,0.07595,0.07473,0.0294
371,777517772,32,20.0,0,26,2062.44,2054,2068,2043.13,2040,2050,193,0.19330,0.03901,0.04145,0.0156
372,777527965,32,21.06,10,27,2062.09,2054,2076,2043.84,2040,2051,193,0.20354,0.06068,0.03077,0.0186
373,777538189,32,19.88,14,26,2062.28,2057,2079,2045.44,2038,2089,193,0.19214,0.10952,0.03657,0.0281
374,777548379,32,19.53,16,26,2060.22,2036,2067,2043.63,2031,2051,193,0.18876,0.05427,-0.02631,0.0053
375,777558562,32,20.22,6,26,2061.59,2054,2078,2043.16,2036,2050,193,0.19543,0.03993,0.01551,0.0108
376,777568762,32,19.31,0,27,2061.88,2058,2066,2045.13,2038,2066,193,0.18663,0.10006,0.02436,0.0232
377,777578972,32,19.78,11,25,2062.0,2056,2069,2043.09,2037,2049,193,0.19117,0.03779,0.02802,0.0126
378,777589133,32,19.53,0,42,2061.34,2049,2068,2043.31,2032,2057,193,0.18876,0.04451,0.00788,0.0099
379,777599354,32,21.16,11,28,2061.38,2053,2071,2044.13,2037,2050,193,0.20451,0.06954,0.00910,0.0161
380,777609534,32,19.81,10,26,2062.66,2058,2075,2043.59,2038,2050,193,0.19146,0.05305,0.04817,0.0194
381,777619727,32,19.09,0,26,2061.69,2056,2067,2043.75,2039,2052,193,0.18450,0.05794,0.01856,0.0141
382,777629905,32,19.94,17,27,2061.59,2050,2078,2045.84,2024,2077,193,0.19272,0.12173,0.01551,0.0264
383,777640110,32,21.63,17,35,2061.06,2048,2066,2044.41,2032,2059,193,0.20905,0.07808,-0.00067,0.0162
384,777650342,32,20.28,13,32,2061.34,2049,2067,2044.75,2036,2059,193,0.19601,0.08846,0.00788,0.0189
385,777660493,32,21.09,14,28,2062.59,2058,2067,2043.38,2037,2050,193,0.20383,0.04664,0.04603,0.0189
386,777670676,32,23.47,16,53,2060.94,2049,2077,2043.19,2036,2049,193,0.22684,0.04084,-0.00433,0.0083
387,777680868,32,19.56,9,28,2060.72,2049,2068,2044.63,2040,2069,193,0.18905,0.08480,-0.01105,0.0139
388,777691051,32,21.63,15,51,2061.53,2058,2066,2041.97,2022,2052,193,0.20905,0.00360,0.01368,0.0036
389,777701239,32,19.66,14,29,2061.44,2051,2077,2043.31,2030,2052,193,0.19001,0.04451,0.01093,0.0105
390,777711425,32,20.59,16,32,2062.03,2043,2068,2043.34,2036,2050,193,0.19900,0.04542,0.02894,0.0148
391,777721631,32,20.25,11,26,2061.75,2056,2067,2042.34,2028,2050,193,0.19572,0.01490,0.02039,0.0069
392,777731786,32,20.88,16,35,2063.5,2052,2095,2042.25,2021,2052,193,0.20181,0.01215,0.07381,0.0173
393,777741958,32,19.69,5,34,2061.88,2056,2068,2042.91,2026,2050,193,0.19030,0.03230,0.02436,0.0108
394,777752143,32,20.63,14,28,2061.47,2052,2067,2043.84,2030,2050,193,0.19939,0.06068,0.01184,0.0145
395,777762318,32,20.97,17,45,2061.47,2043,2066,2043.78,2033,2051,193,0.20268,0.05885,0.01184,0.0143
396,777772497,32,20.22,10,31,2062.31,2058,2067,2043.63,2036,2050,193,0.19543,0.05427,0.03748,0.0179
397,777782705,32,19.81,3,26,2062.88,2059,2080,2044.66,2037,2064,193,0.19146,0.08571,0.05488,0.0269
398,777792891,32,19.69,17,36,2062.44,2058,2073,2042.91,2034,2051,193,0.19030,0.03230,0.04145,0.0140
399,777803111,32,20.44,3,60,2062.41,2054,2093,2043.31,2034,2050,193,0.19755,0.04451,0.04054,0.0168
400,777813306,32,20.59,14,40,2062.63,2057,2074,2043.94,2037,2054,193,0.19900,0.06374,0.04725,0.0221
401,777823501,32,19.16,0,27,2062.22,2055,2072,2043.75,2033,2051,193,0.18518,0.05794,0.03474,0.0172
402,777833662,32,20.66,11,38,2062.03,2056,2086,2043.75,2038,2052,193,0.19968,0.05794,0.02894,0.0173
403,777843832,32,19.28,0,29,2062.72,2059,2073,2043.53,2030,2059,193,0.18634,0.05122,0.05000,0.0189
404,777854066,32,20.41,15,28,2061.81,2054,2067,2043.34,2034,2051,193,0.19726,0.04542,0.02222,0.0133
405,777864284,32,21.75,14,48,2061.25,2059,2067,2043.31,2037,2049,193,0.21021,0.04451,0.00513,0.0104
406,777874449,32,21.22,17,28,2062.91,2059,2069,2043.59,2030,2050,193,0.20509,0.05305,0.05580,0.0223
407,777884644,32,20.75,17,26,2062.28,2057,2072,2043.31,2034,2052,193,0.20055,0.04451,0.03657,0.0163
408,777894818,32,19.56,13,26,2061.63,2056,2068,2042.84,2021,2054,193,0.18905,0.03016,0.01673,0.0089
409,777905028,32,20.47,11,28,2062.78,2054,2068,2044.75,2035,2050,193,0.19784,0.08846,0.05183,0.0278
410,777915222,32,20.72,16,26,2062.03,2058,2067,2043.88,2038,2057,193,0.20026,0.06190,0.02894,0.0182
411,777925447,32,20.97,14,44,2061.5,2058,2067,2042.72,2030,2050,193,0.20268,0.02650,0.01276,0.0080
412,777935637,32,19.75,13,27,2062.63,2055,2067,2043.34,2006,2056,193,0.19088,0.04542,0.04725,0.0177
413,777945797,32,21.0,11,27,2061.53,2056,2067,2043.53,2036,2051,193,0.20297,0.05122,0.01368,0.0132
414,777955991,32,19.75,3,27,2061.63,2057,2086,2043.47,2040,2056,193,0.19088,0.04939,0.01673,0.0126
415,777966174,32,21.41,9,44,2063.06,2051,2074,2045.56,2040,2080,193,0.20693,0.11319,0.06038,0.0359
416,777976387,32,21.28,15,41,2061.31,2056,2071,2043.47,2033,2074,193,0.20567,0.04939,0.00696,0.0116
417,777986568,32,20.41,9,28,2061.84,2049,2072,2044.13,2039,2050,193,0.19726,0.06954,0.02314,0.0183
418,777996755,32,21.16,11,42,2063.13,2057,2098,2043.41,2036,2050,193,0.20451,0.04756,0.06252,0.0225
419,778006956,32,20.16,3,26,2062.28,2057,2066,2044.34,2038,2069,193,0.19485,0.07595,0.03657,0.0219
420,778017180,32,20.88,16,30,2062.91,2059,2077,2043.56,2028,2050,193,0.20181,0.05214,0.05580,0.0218
421,778027371,32,19.81,6,26,2061.97,2057,2069,2044.13,2038,2052,193,0.19146,0.06954,0.02711,0.0185
422,778037582,32,19.34,12,29,2061.59,2054,2070,2043.19,2034,2051,193,0.18692,0.04084,0.01551,0.0105
423,778047777,32,20.56,14,27,2062.41,2059,2080,2043.28,2033,2051,193,0.19871,0.04359,0.04054,0.0167
424,778057934,32,20.06,10,26,2061.69,2045,2068,2043.19,2028,2060,193,0.19388,0.04084,0.01856,0.0115
425,778068157,32,21.16,14,37,2061.81,2059,2067,2044.53,2028,2057,193,0.20451,0.08175,0.02222,0.0213
426,778078354,32,20.5,13,28,2062.22,2057,2068,2043.63,2033,2050,193,0.19813,0.05427,0.03474,0.0176
427,778088550,32,19.69,10,27,2060.78,2041,2069,2044.38,2032,2057,193,0.19030,0.07717,-0.00922,0.0129
428,778098776,32,19.56,4,27,2062.22,2057,2069,2043.13,2032,2052,193,0.18905,0.03901,0.03474,0.0139
429,778108978,32,21.09,17,26,2061.97,2052,2073,2045.31,2024,2055,193,0.20383,0.10556,0.02711,0.0270
430,778119175,32,21.0,13,35,2059.88,2046,2067,2042.06,2032,2050,193,0.20297,0.00635,-0.03669,-0.0062
431,778129333,32,20.19,14,26,2061.78,2058,2067,2042.5,2035,2059,193,0.19514,0.01978,0.02131,0.0080
432,778139521,32,21.63,17,28,2062.16,2049,2079,2043.84,2037,2052,193,0.20905,0.06068,0.03291,0.0196
433,778149733,32,18.63,0,26,2060.75,2052,2066,2045.94,2038,2068,193,0.18006,0.12479,-0.01013,0.0206
434,778159952,32,21.63,5,38,2062.09,2054,2067,2046.69,2041,2065,193,0.20905,0.14768,0.03077,0.0373
435,778170153,32,19.91,3,64,2061.38,2058,2066,2042.25,2038,2050,193,0.19243,0.01215,0.00910,0.0041
436,778180298,32,19.84,14,28,2061.69,2048,2069,2043.88,2035,2062,193,0.19175,0.06190,0.01856,0.0154
437,778190468,32,20.13,13,36,2061.16,2044,2077,2045.59,2038,2068,193,0.19456,0.11410,0.00238,0.0227
438,778200649,32,20.53,4,37,2062.31,2058,2075,2043.66,2038,2050,193,0.19842,0.05519,0.03748,0.0184
439,778210856,32,19.31,9,27,2061.31,2054,2067,2043.88,2038,2061,193,0.18663,0.06190,0.00696,0.0129
440,778221048,32,19.97,8,38,2060.94,2050,2070,2042.75,2033,2051,193,0.19301,0.02741,-0.00433,0.0045
441,778231231,32,19.5,11,26,2060.63,2053,2066,2044.72,2035,2072,193,0.18847,0.08755,-0.01380,0.0139
442,778241404,32,19.5,12,28,2062.38,2058,2067,2044.63,2040,2062,193,0.18847,0.08480,0.03962,0.0234
443,778251588,32,20.5,10,30,2063.06,2057,2098,2043.41,2036,2050,193,0.19813,0.04756,0.06038,0.0214
444,778261791,32,19.09,0,25,2061.91,2056,2073,2043.75,2033,2051,193,0.18450,0.05794,0.02527,0.0154
445,778271964,32,20.88,17,32,2061.44,2058,2067,2043.56,2030,2059,193,0.20181,0.05214,0.01093,0.0127
446,778282141,32,19.72,16,26,2061.16,2044,2066,2044.69,2038,2050,193,0.19059,0.08663,0.00238,0.0170
447,778292333,32,19.78,3,26,2061.56,2058,2067,2043.19,2038,2052,193,0.19117,0.04084,0.01459,0.0106
448,778302530,32,20.91,16,35,2061.63,2057,2067,2044.47,2035,2073,193,0.20210,0.07991,0.01673,0.0195
449,778312731,32,19.22,0,28,2062.09,2059,2076,2043.69,2040,2050,193,0.18576,0.05610,0.03077,0.0161
450,778322911,32,19.59,0,29,2061.28,2058,2068,2045.0,2037,2057,193,0.18934,0.09609,0.00604,0.0193
451,778333088,32,19.63,16,33,2061.5,2058,2067,2043.75,2038,2068,193,0.18972,0.05794,0.01276,0.0134
452,778343222,32,20.56,0,50,2062.69,2054,2081,2043.59,2030,2050,193,0.19871,0.05305,0.04908,0.0203
453,778353411,32,21.0,10,56,2062.38,2058,2081,2044.94,2035,2062,193,0.20297,0.09426,0.03962,0.0272
454,778363604,32,19.28,11,26,2061.25,2040,2067,2042.97,2038,2051,193,0.18634,0.03413,0.00513,0.0073
455,778373766,32,19.47,12,26,2062.25,2052,2070,2044.75,2036,2067,193,0.18818,0.08846,0.03565,0.0234
456,778383916,32,20.03,16,26,2062.94,2058,2088,2043.78,2040,2058,193,0.19359,0.05885,0.05672,0.0224
457,778394113,32,20.19,17,26,2062.25,2057,2068,2042.5,2029,2049,193,0.19514,0.01978,0.03565,0.0108
458,778404271,32,21.41,0,54,2062.84,2059,2073,2044.19,2038,2052,193,0.20693,0.07137,0.05366,0.0259
459,778414477,32,20.13,16,25,2061.34,2057,2067,2043.53,2026,2065,193,0.19456,0.05122,0.00788,0.0115
460,778424660,32,20.25,3,31,2061.16,2056,2068,2042.94,2034,2050,193,0.19572,0.03321,0.00238,0.0070
461,778434852,32,20.94,17,29,2061.09,2056,2074,2041.91,2015,2050,193,0.20239,0.00177,0.00024,0.0004
462,778445058,32,21.19,14,31,2062.47,2057,2073,2044.69,2018,2053,193,0.20480,0.08663,0.04237,0.0264
463,778455271,32,20.88,4,34,2061.28,2057,2067,2044.19,2010,2086,193,0.20181,0.07137,0.00604,0.0156
464,778465421,32,20.75,16,26,2061.31,2058,2067,2042.53,2015,2068,193,0.20055,0.02070,0.00696,0.0055
465,778475612,32,20.69,15,53,2062.56,2058,2068,2044.0,2030,2052,193,0.19997,0.06557,0.04512,0.0221
466,778485791,32,18.81,3,26,2061.09,2052,2067,2043.94,2038,2054,193,0.18180,0.06374,0.00024,0.0116
467,778495977,32,19.69,14,27,2060.94,2052,2067,2042.06,2023,2067,193,0.19030,0.00635,-0.00433,0.0004
468,778506170,32,21.09,15,32,2061.34,2049,2076,2043.03,2038,2050,193,0.20383,0.03596,0.00788,0.0089
469,778516374,32,20.63,14,27,2062.59,2059,2067,2044.69,2040,2064,193,0.19939,0.08663,0.04603,0.0265
470,778526544,32,20.94,13,37,2061.66,2056,2077,2044.59,2038,2058,193,0.20239,0.08358,0.01764,0.0205
471,778536734,32,21.44,13,43,2062.03,2044,2073,2043.09,2030,2050,193,0.20722,0.03779,0.02894,0.0138
472,778546956,32,19.47,6,32,2062.16,2058,2078,2043.19,2036,2053,193,0.18818,0.04084,0.03291,0.0139
473,778557156,32,19.66,14,26,2062.44,2059,2067,2042.28,2019,2050,193,0.19001,0.01306,0.04145,0.0104
474,778567350,32,21.25,15,53,2062.53,2058,2089,2043.59,2040,2050,193,0.20538,0.05305,0.04420,0.0200
475,778577567,32,19.72,14,26,2061.84,2058,2070,2043.5,2040,2050,193,0.19059,0.05031,0.02314,0.0140
476,778587738,32,20.66,16,26,2061.94,2057,2068,2041.78,2009,2052,193,0.19968,-0.00220,0.02619,0.0048
477,778597923,32,19.81,0,37,2061.31,2057,2075,2043.03,2037,2050,193,0.19146,0.03596,0.00696,0.0082
478,778608133,32,19.75,0,26,2063.72,2059,2096,2044.69,2036,2056,193,0.19088,0.08663,0.08052,0.0319
479,778618354,32,18.81,4,26,2061.5,2053,2067,2043.84,2037,2051,193,0.18180,0.06068,0.01276,0.0134
480,778628542,32,20.63,17,43,2061.69,2057,2073,2041.91,2017,2065,193,0.19939,0.00177,0.01856,0.0041
481,778638751,32,18.88,8,27,2062.38,2049,2084,2043.94,2031,2052,193,0.18248,0.06374,0.03962,0.0189
482,778648960,32,19.97,11,34,2061.75,2043,2069,2043.94,2037,2050,193,0.19301,0.06374,0.02039,0.0162
483,778659117,32,21.72,16,37,2062.09,2058,2072,2042.78,2018,2057,193,0.20992,0.02833,0.03077,0.0124
484,778669327,32,20.94,14,30,2061.16,2049,2067,2043.66,2037,2059,193,0.20239,0.05519,0.00238,0.0117
485,778679525,32,20.66,15,26,2061.88,2058,2073,2043.47,2036,2052,193,0.19968,0.04939,0.02436,0.0147
486,778689725,32,21.81,1,57,2061.94,2044,2097,2044.16,2033,2066,193,0.21079,0.07045,0.02619,0.0204
487,778699914,32,19.84,8,30,2062.53,2044,2094,2044.0,2038,2052,193,0.19175,0.06557,0.04420,0.0210
488,778710065,32,19.97,13,32,2061.38,2057,2067,2044.25,2033,2057,193,0.19301,0.07320,0.00910,0.0159
489,778720236,32,20.69,16,27,2062.16,2057,2066,2044.13,2032,2074,193,0.19997,0.06954,0.03291,0.0205
490,778730445,32,19.03,1,26,2060.41,2049,2070,2043.0,2038,2049,193,0.18392,0.03504,-0.02051,0.0027
491,778740651,32,20.38,14,26,2061.53,2056,2068,2044.06,2028,2077,193,0.19697,0.06740,0.01368,0.0160
492,778750862,32,20.72,11,39,2062.5,2058,2070,2044.59,2032,2066,193,0.20026,0.08358,0.04328,0.0254
493,778761028,32,20.19,13,26,2062.81,2060,2076,2044.63,2038,2051,193,0.19514,0.08480,0.05275,0.0268
494,778771225,32,20.66,15,36,2061.97,2057,2067,2042.72,2030,2053,193,0.19968,0.02650,0.02711,0.0107
495,778781425,32,20.06,16,27,2061.97,2057,2075,2044.0,2027,2057,193,0.19388,0.06557,0.02711,0.0180
496,778791587,32,19.59,4,29,2061.19,2056,2067,2043.13,2038,2051,193,0.18934,0.03901,0.00330,0.0080
497,778801799,32,20.13,2,37,2061.97,2058,2077,2042.94,2026,2050,193,0.19456,0.03321,0.02711,0.0117
498,778811984,32,21.41,4,61,2061.44,2057,2066,2044.22,2038,2050,193,0.20693,0.07228,0.01093,0.0172
499,778822173,32,21.84,16,56,2061.69,2059,2068,2045.28,2038,2084,193,0.21108,0.10464,0.01856,0.0260
500,778832369,32,21.16,17,29,2061.94,2058,2068,2045.56,2039,2083,193,0.20451,0.11319,0.02619,0.0285
501,778842580,32,20.63,16,32,2061.63,2058,2067,2043.91,2016,2056,193,0.19939,0.06282,0.01673,0.0159
502,778852784,32,19.16,6,25,2061.41,2048,2078,2043.81,2040,2050,193,0.18518,0.05977,0.01001,0.0129
503,778862972,32,20.66,16,26,2061.78,2057,2070,2042.56,2024,2051,193,0.19968,0.02161,0.02131,0.0086
504,778873181,32,20.25,14,25,2062.69,2057,2068,2044.5,2040,2061,193,0.19572,0.08083,0.04908,0.0254
505,778883351,32,20.38,9,35,2062.19,2057,2074,2046.09,2040,2054,193,0.19697,0.12936,0.03382,0.0321
506,778893562,32,20.13,11,27,2062.97,2058,2074,2043.66,2034,2058,193,0.19456,0.05519,0.05763,0.0219
507,778903735,32,20.19,11,27,2061.09,2056,2067,2043.41,2032,2066,193,0.19514,0.04756,0.00024,0.0093
508,778913945,32,18.66,0,28,2060.41,2043,2066,2043.63,2033,2051,193,0.18035,0.05427,-0.02051,0.0061
509,778924180,32,19.41,9,26,2062.09,2057,2067,2044.22,2033,2053,193,0.18760,0.07228,0.03077,0.0193
510,778934356,32,19.72,12,26,2061.75,2057,2068,2042.59,2017,2060,193,0.19059,0.02253,0.02039,0.0082
511,778950157,32,20.72,15,27,2062.03,2058,2068,2041.63,2024,2049,193,0.20026,-0.00678,0.02894,0.0044
512,778960403,32,20.5,12,28,2063.0,2052,2075,2043.31,2035,2049,193,0.19813,0.04451,0.05855,0.0204
513,778970550,32,20.91,17,27,2062.53,2053,2067,2044.5,2040,2051,193,0.20210,0.08083,0.04420,0.0253
514,778980744,32,22.06,17,38,2061.38,2050,2069,2046.47,2040,2096,193,0.21321,0.14096,0.00910,0.0320
515,778990974,32,20.94,8,37,2062.22,2050,2073,2045.0,2038,2058,193,0.20239,0.09609,0.03474,0.0265
516,779001147,32,19.5,8,28,2062.16,2057,2073,2043.56,2035,2050,193,0.18847,0.05214,0.03291,0.0160
517,779011343,32,19.69,13,29,2061.22,2050,2068,2044.03,2038,2053,193,0.19030,0.06648,0.00421,0.0135
518,779021576,32,20.44,16,29,2061.25,2050,2067,2045.09,2038,2055,193,0.19755,0.09884,0.00513,0.0205
519,779031758,32,20.41,16,27,2061.94,2042,2069,2043.53,2037,2050,193,0.19726,0.05122,0.02619,0.0153
520,779041977,32,19.38,1,27,2061.75,2057,2067,2042.72,2036,2051,193,0.18731,0.02650,0.02039,0.0088
521,779052144,32,19.47,8,27,2062.22,2059,2068,2045.5,2032,2070,193,0.18818,0.11136,0.03474,0.0275
522,779062322,32,20.16,12,26,2061.22,2059,2066,2043.31,2040,2050,193,0.19485,0.04451,0.00421,0.0095
523,779072513,32,20.53,0,43,2060.0,2048,2065,2043.66,2033,2051,193,0.19842,0.05519,-0.03303,0.0044
524,779082711,32,20.34,0,37,2061.19,2042,2077,2043.28,2040,2049,193,0.19659,0.04359,0.00330,0.0092
525,779092886,32,19.22,6,30,2061.56,2057,2072,2043.41,2037,2051,193,0.18576,0.04756,0.01459,0.0115
526,779103097,32,18.5,2,26,2060.84,2049,2069,2043.53,2016,2060,193,0.17880,0.05122,-0.00739,0.0078
527,779113301,32,20.81,13,29,2062.28,2058,2076,2043.06,2037,2051,193,0.20113,0.03687,0.03657,0.0148
528,779123474,32,20.88,14,28,2061.72,2054,2075,2042.75,2040,2054,193,0.20181,0.02741,0.01947,0.0095
529,779133654,32,19.69,16,27,2061.88,2053,2078,2044.91,2036,2050,193,0.19030,0.09335,0.02436,0.0224
530,779143877,32,20.47,16,27,2062.22,2053,2078,2044.13,2038,2051,193,0.19784,0.06954,0.03474,0.0206
531,779154079,32,19.25,10,49,2060.81,2042,2068,2043.63,2040,2050,193,0.18605,0.05427,-0.00830,0.0086
532,779164251,32,19.38,14,26,2061.56,2058,2066,2044.84,2040,2065,193,0.18731,0.09121,0.01459,0.0198
533,779174446,32,19.66,14,27,2061.19,2053,2067,2043.69,2037,2060,193,0.19001,0.05610,0.00330,0.0113
534,779184681,32,19.56,10,26,2061.44,2048,2067,2043.41,2020,2051,193,0.18905,0.04756,0.01093,0.0111
535,779194915,32,20.88,8,42,2061.31,2058,2066,2045.53,2037,2057,193,0.20181,0.11227,0.00696,0.0241
536,779205099,32,20.28,13,26,2062.03,2058,2067,2043.16,2017,2051,193,0.19601,0.03993,0.02894,0.0135
537,779215280,32,21.28,17,36,2062.38,2051,2073,2043.63,2040,2051,193,0.20567,0.05427,0.03962,0.0193
538,779225483,32,20.75,17,26,2062.56,2057,2070,2043.97,2038,2051,193,0.20055,0.06465,0.04512,0.0220
539,779235629,32,21.28,17,33,2062.03,2053,2067,2043.78,2029,2059,193,0.20567,0.05885,0.02894,0.0181
540,779245856,32,19.88,11,29,2062.22,2057,2068,2043.5,2033,2052,193,0.19214,0.05031,0.03474,0.0163
541,779256049,32,20.38,17,27,2062.06,2051,2068,2044.0,2035,2060,193,0.19697,0.06557,0.02985,0.0188
542,779266225,32,19.66,4,27,2062.25,2053,2070,2043.31,2040,2054,193,0.19001,0.04451,0.03565,0.0152
543,779276388,32,20.91,9,28,2061.69,2051,2067,2043.88,2040,2054,193,0.20210,0.06190,0.01856,0.0163
544,779286581,32,19.56,3,30,2061.97,2058,2067,2042.91,2033,2051,193,0.18905,0.03230,0.02711,0.0112
545,779296765,32,19.81,0,29,2061.72,2057,2067,2043.59,2034,2050,193,0.19146,0.05305,0.01947,0.0139
546,779306988,32,20.16,4,29,2061.75,2057,2068,2042.5,2035,2050,193,0.19485,0.01978,0.02039,0.0078
547,779317138,32,20.5,14,30,2061.5,2051,2067,2045.0,2039,2057,193,0.19813,0.09609,0.01276,0.0216
548,779327242,32,20.81,13,28,2061.06,2054,2066,2043.97,2038,2051,193,0.20113,0.06465,-0.00067,0.0129
549,779337460,32,20.53,16,28,2061.16,2052,2069,2043.16,2034,2057,193,0.19842,0.03993,0.00238,0.0084
550,779347660,32,19.94,7,31,2061.09,2055,2067,2042.44,2032,2051,193,0.19272,0.01795,0.00024,0.0035
551,779357863,32,19.41,8,26,2061.72,2059,2075,2041.56,2030,2052,193,0.18760,-0.00891,0.01947,0.0020
552,779368074,32,21.03,16,28,2062.63,2059,2071,2044.16,2038,2053,193,0.20325,0.07045,0.04725,0.0239
553,779378291,32,20.31,17,35,2060.91,2050,2067,2043.84,2032,2051,193,0.19630,0.06068,-0.00525,0.0109
554,779388480,32,19.16,0,27,2061.41,2057,2067,2045.16,2038,2076,193,0.18518,0.10098,0.01001,0.0206
555,779398680,32,20.88,9,36,2062.13,2056,2074,2042.5,2032,2049,193,0.20181,0.01978,0.03199,0.0104
556,779408898,32,20.19,2,27,2061.0,2051,2069,2040.72,2022,2053,193,0.19514,-0.03455,-0.00250,-0.0072
557,779419026,32,20.13,13,26,2061.31,2052,2066,2043.78,2034,2057,193,0.19456,0.05885,0.00696,0.0128
558,779429214,32,18.66,6,25,2060.78,2032,2067,2047.0,2036,2086,193,0.18035,0.15714,-0.00922,0.0267
559,779439415,32,20.72,14,30,2062.88,2059,2067,2043.53,2033,2050,193,0.20026,0.05122,0.05488,0.0212
560,779449585,32,20.53,17,27,2061.41,2052,2067,2043.75,2038,2052,193,0.19842,0.05794,0.01001,0.0135
561,779459785,32,19.13,0,26,2062.81,2052,2081,2041.69,2006,2049,193,0.18489,-0.00495,0.05275,0.0088
562,779469986,32,20.81,14,50,2061.41,2052,2067,2042.16,2025,2049,193,0.20113,0.00940,0.01001,0.0039
563,779480172,32,20.34,16,30,2061.81,2050,2069,2042.78,2036,2050,193,0.19659,0.02833,0.02222,0.0099
564,779490368,32,20.84,16,32,2061.03,2051,2067,2043.41,2033,2057,193,0.20142,0.04756,-0.00159,0.0093
565,779500568,32,20.03,0,27,2063.03,2059,2068,2044.13,2036,2054,193,0.19359,0.06954,0.05946,0.0250
566,779510792,32,20.38,13,37,2061.38,2056,2067,2043.13,2025,2053,193,0.19697,0.03901,0.00910,0.0095
567,779520974,32,19.84,14,34,2061.13,2053,2066,2043.41,2040,2050,193,0.19175,0.04756,0.00147,0.0094
568,779531161,32,20.78,13,27,2061.59,2051,2069,2043.16,2032,2054,193,0.20084,0.03993,0.01551,0.0111
569,779541369,32,19.59,6,28,2061.63,2056,2068,2042.59,2036,2049,193,0.18934,0.02253,0.01673,0.0074
570,779551558,32,20.59,16,29,2061.25,2057,2067,2043.91,2036,2062,193,0.19900,0.06282,0.00513,0.0135
571,779561719,32,20.72,13,33,2062.25,2056,2074,2044.13,2038,2050,193,0.20026,0.06954,0.03565,0.0211
572,779571909,32,21.5,15,35,2060.75,2045,2066,2044.13,2038,2058,193,0.20780,0.06954,-0.01013,0.0123
573,779582055,32,19.69,9,28,2061.16,2041,2078,2043.84,2038,2057,193,0.19030,0.06068,0.00238,0.0120
574,779592253,32,20.59,16,32,2061.31,2048,2067,2044.31,2038,2051,193,0.19900,0.07503,0.00696,0.0163
575,779602448,32,20.5,12,41,2059.03,2038,2070,2042.69,2037,2050,193,0.19813,0.02558,-0.06264,-0.0073
576,779612632,32,20.69,11,51,2056.56,2042,2071,2042.88,2035,2060,193,0.19997,0.03138,-0.13803,-0.0213
577,779622828,32,20.19,17,26,2056.13,2037,2073,2038.84,2031,2060,193,0.19514,-0.09194,-0.15116,-0.0474
578,779633011,32,22.38,13,52,2055.09,2005,2085,2039.09,2024,2066,193,0.21630,-0.08431,-0.18291,-0.0578
579,779643221,32,20.63,9,64,2051.34,2036,2069,2035.69,2014,2045,193,0.19939,-0.18810,-0.29737,-0.0968
580,779653420,32,20.0,0,29,2052.97,2043,2062,2033.44,2027,2043,193,0.19330,-0.25678,-0.24762,-0.0975
581,779663591,32,20.09,0,35,2054.5,2051,2061,2032.94,2025,2043,193,0.19417,-0.27204,-0.20092,-0.0918
582,779673721,32,21.69,13,27,2050.59,2037,2057,2039.53,2028,2051,193,0.20963,-0.07088,-0.32027,-0.0820
583,779683923,32,19.47,1,51,2047.44,2043,2053,2034.09,2008,2045,193,0.18818,-0.23694,-0.41642,-0.1229
584,779694149,32,20.0,8,28,2046.5,2041,2053,2030.97,2018,2037,193,0.19330,-0.33217,-0.44512,-0.1502
585,779704279,32,19.84,16,29,2049.59,2040,2056,2031.5,2024,2044,193,0.19175,-0.31599,-0.35079,-0.1279
586,779714448,32,18.03,0,33,2047.22,2020,2053,2034.91,2028,2042,193,0.17426,-0.21190,-0.42314,-0.1107
587,779724610,32,21.19,14,41,2048.97,2041,2093,2034.16,2010,2050,193,0.20480,-0.23480,-0.36972,-0.1238
588,779734816,32,20.44,11,27,2047.09,2034,2065,2032.91,2026,2040,193,0.19755,-0.27295,-0.42711,-0.1383
589,779745027,32,18.66,0,29,2046.22,2035,2078,2033.69,2026,2041,193,0.18035,-0.24915,-0.45366,-0.1268
590,779755201,32,20.25,15,29,2044.63,1996,2056,2033.16,2009,2041,193,0.19572,-0.26532,-0.50220,-0.1502
591,779765389,32,21.97,14,65,2045.97,2041,2051,2034.44,2020,2051,193,0.21234,-0.22625,-0.46129,-0.1460
592,779775600,32,19.16,0,41,2045.56,2035,2051,2032.31,1984,2041,193,0.18518,-0.29127,-0.47381,-0.1417
593,779785808,32,20.59,16,34,2045.38,2035,2053,2033.72,2025,2042,193,0.19900,-0.24823,-0.47930,-0.1448
594,779796006,32,19.66,13,26,2044.03,2038,2051,2034.47,2009,2061,193,0.19001,-0.22534,-0.52051,-0.1417
595,779806203,32,19.94,0,37,2045.31,2038,2050,2031.94,2017,2041,193,0.19272,-0.30256,-0.48144,-0.1511
596,779816384,32,19.53,6,35,2043.44,2035,2052,2031.22,2013,2038,193,0.18876,-0.32454,-0.53852,-0.1629
597,779826579,32,21.03,4,55,2043.5,2034,2054,2032.72,2025,2041,193,0.20325,-0.27875,-0.53669,-0.1657
598,779836759,32,20.0,8,26,2044.53,2028,2053,2032.28,2029,2038,193,0.19330,-0.29219,-0.50525,-0.1541
599,779846941,32,21.03,15,29,2044.75,2025,2095,2031.91,2025,2038,193,0.20325,-0.30348,-0.49853,-0.1630
600,779857125,32,20.34,13,33,2044.47,2040,2054,2030.13,1998,2056,193,0.19659,-0.35781,-0.50708,-0.1700
601,779867333,32,22.84,14,52,2043.03,2038,2049,2032.44,2028,2059,193,0.22075,-0.28730,-0.55104,-0.1851
602,779877525,32,20.09,14,28,2044.06,2034,2049,2033.25,2029,2055,193,0.19417,-0.26258,-0.51960,-0.1519
603,779887696,32,20.94,15,35,2042.66,2038,2049,2032.19,2020,2040,193,0.20239,-0.29493,-0.56233,-0.1735
604,779897924,32,20.47,17,27,2042.75,2029,2050,2031.94,2026,2042,193,0.19784,-0.30256,-0.55958,-0.1706
605,779908105,32,19.72,0,32,2043.0,2032,2052,2031.47,2028,2041,193,0.19059,-0.31691,-0.55195,-0.1656
606,779918247,32,20.06,13,26,2043.88,2022,2050,2032.84,2022,2048,193,0.19388,-0.27509,-0.52509,-0.1551
607,779928486,32,20.56,13,48,2042.28,2036,2051,2029.72,1952,2049,193,0.19871,-0.37033,-0.57393,-0.1876
608,779938694,32,21.78,13,49,2043.28,2037,2056,2031.0,2025,2044,193,0.21050,-0.33126,-0.54341,-0.1841
609,779948890,32,18.69,0,31,2042.19,2029,2051,2032.16,2026,2048,193,0.18064,-0.29585,-0.57668,-0.1576
610,779959071,32,19.03,0,27,2044.31,2036,2072,2030.88,2013,2048,193,0.18392,-0.33492,-0.51197,-0.1558
611,779969249,32,20.25,17,31,2044.0,2039,2065,2031.31,2015,2049,193,0.19572,-0.32179,-0.52143,-0.1650
612,779979397,32,22.0,14,41,2042.88,2025,2082,2032.28,2003,2081,193,0.21263,-0.29219,-0.55562,-0.1803
613,779989590,32,19.47,6,34,2042.59,2036,2049,2031.16,2026,2040,193,0.18818,-0.32637,-0.56447,-0.1676
614,779999780,32,20.53,12,42,2042.47,2036,2056,2030.84,2024,2053,193,0.19842,-0.33614,-0.56813,-0.1794
615,780010002,32,20.91,14,61,2041.78,2032,2051,2030.84,2027,2042,193,0.20210,-0.33614,-0.58919,-0.1870
616,780020191,32,21.59,8,35,2041.94,2032,2056,2029.5,2010,2040,193,0.20867,-0.37704,-0.58431,-0.2006
617,780030380,32,20.88,0,43,2041.16,2020,2051,2030.94,2022,2038,193,0.20181,-0.33309,-0.60812,-0.1899
618,780040590,32,20.22,0,40,2042.09,2036,2054,2030.59,2012,2049,193,0.19543,-0.34377,-0.57973,-0.1805
619,780050784,32,26.34,9,200,2042.69,2021,2077,2031.13,2024,2044,193,0.25458,-0.32729,-0.56142,-0.2262
620,780060992,32,20.81,5,45,2042.22,2034,2049,2031.78,2020,2052,193,0.20113,-0.30745,-0.57576,-0.1776
621,780071196,32,19.84,9,30,2041.25,2012,2051,2032.06,2027,2069,193,0.19175,-0.29890,-0.60537,-0.1734
622,780081371,32,20.44,16,28,2042.09,2033,2050,2031.28,2026,2038,193,0.19755,-0.32271,-0.57973,-0.1783
623,780091569,32,20.09,12,32,2039.56,1970,2060,2030.19,2021,2051,193,0.19417,-0.35598,-0.65696,-0.1967
624,780101770,32,19.69,11,40,2041.88,2033,2052,2031.69,2027,2066,193,0.19030,-0.31020,-0.58614,-0.1706
625,780111990,32,20.16,13,27,2041.78,2037,2046,2034.34,2025,2064,193,0.19485,-0.22930,-0.58919,-0.1595
626,780122201,32,22.41,14,68,2040.69,2019,2049,2033.03,2026,2105,193,0.21659,-0.26929,-0.62247,-0.1931
627,780132432,32,21.28,4,36,2041.63,2036,2052,2030.94,2025,2037,193,0.20567,-0.33309,-0.59377,-0.1906
628,780142614,32,20.41,5,28,2041.78,2029,2058,2031.34,2027,2038,193,0.19726,-0.32088,-0.58919,-0.1795
629,780152810,32,19.03,8,26,2042.34,2037,2050,2030.0,2021,2037,193,0.18392,-0.36178,-0.57210,-0.1718
630,780163011,32,19.5,4,35,2041.25,2034,2052,2030.31,2020,2044,193,0.18847,-0.35232,-0.60537,-0.1805
631,780173153,32,19.19,9,26,2040.63,2032,2046,2030.91,2019,2061,193,0.18547,-0.33400,-0.62430,-0.1777
632,780183366,32,21.13,9,50,2040.34,2034,2048,2030.44,2003,2043,193,0.20422,-0.34835,-0.63315,-0.2004
633,780193554,32,21.22,13,40,2040.0,2025,2045,2029.84,2019,2040,193,0.20509,-0.36667,-0.64353,-0.2072
634,780203746,32,20.41,8,32,2041.31,2036,2057,2031.44,2026,2045,193,0.19726,-0.31783,-0.60354,-0.1818
635,780213963,32,19.91,14,26,2040.63,2036,2045,2029.38,2014,2037,193,0.19243,-0.38071,-0.62430,-0.1934
636,780224179,32,21.53,14,28,2040.38,2021,2048,2031.0,2027,2056,193,0.20809,-0.33126,-0.63193,-0.2004
637,780234335,32,17.56,0,26,2041.69,2031,2054,2029.66,2019,2038,193,0.16972,-0.37216,-0.59194,-0.1636
638,780244533,32,20.44,16,43,2040.44,2028,2057,2029.78,2025,2042,193,0.19755,-0.36850,-0.63010,-0.1973
639,780254712,32,20.13,16,34,2040.06,2031,2048,2030.5,2025,2040,193,0.19456,-0.34652,-0.64170,-0.1923
640,780264888,32,19.84,9,29,2039.53,1986,2053,2030.09,2022,2037,193,0.19175,-0.35904,-0.65787,-0.1950
641,780275114,32,21.16,14,45,2040.22,2034,2045,2028.91,2007,2038,193,0.20451,-0.39505,-0.63681,-0.2110
642,780285302,32,20.47,0,32,2039.34,2024,2045,2030.91,2028,2037,193,0.19784,-0.33400,-0.66367,-0.1974
643,780295497,32,18.84,0,28,2039.91,2036,2045,2029.94,2027,2035,193,0.18209,-0.36361,-0.64628,-0.1839
644,780305736,32,18.5,0,25,2039.59,2033,2049,2028.38,2017,2037,193,0.17880,-0.41123,-0.65604,-0.1908
645,780315925,32,19.34,0,26,2041.22,2036,2054,2030.0,2023,2041,193,0.18692,-0.36178,-0.60629,-0.1810
646,780326097,32,21.69,10,49,2040.47,2021,2048,2030.94,2026,2036,193,0.20963,-0.33309,-0.62918,-0.2017
647,780336308,32,22.22,18,34,2040.25,2036,2057,2031.56,2026,2067,193,0.21476,-0.31416,-0.63590,-0.2040
648,780346490,32,20.0,8,31,2040.81,2037,2053,2030.41,2009,2040,193,0.19330,-0.34927,-0.61880,-0.1871
649,780356683,32,20.47,17,26,2039.69,2037,2045,2030.53,2004,2044,193,0.19784,-0.34560,-0.65299,-0.1976
650,780366864,32,20.16,14,29,2041.41,2035,2077,2029.47,2019,2037,193,0.19485,-0.37796,-0.60049,-0.1906
651,780377074,32,18.47,0,29,2039.75,2035,2045,2028.88,2014,2034,193,0.17851,-0.39597,-0.65116,-0.1869
652,780387252,32,21.22,15,33,2041.13,2034,2054,2032.0,2017,2061,193,0.20509,-0.30073,-0.60903,-0.1866
653,780397405,32,20.13,16,26,2038.16,2021,2050,2030.53,2020,2041,193,0.19456,-0.34560,-0.69969,-0.2034
654,780407622,32,20.84,17,31,2040.69,2035,2045,2030.75,2026,2041,193,0.20142,-0.33889,-0.62247,-0.1936
655,780417802,32,20.91,10,39,2040.28,2022,2053,2029.44,2015,2038,193,0.20210,-0.37888,-0.63498,-0.2049
656,780428008,32,18.91,0,26,2041.0,2035,2048,2029.59,2022,2037,193,0.18277,-0.37430,-0.61300,-0.1804
657,780438175,32,20.25,4,34,2041.31,2037,2050,2030.94,2015,2059,193,0.19572,-0.33309,-0.60354,-0.1833
658,780448329,32,22.19,3,45,2039.94,2022,2050,2029.38,2008,2057,193,0.21447,-0.38071,-0.64536,-0.2201
659,780458523,32,20.69,0,53,2042.31,2037,2052,2030.47,2026,2041,193,0.19997,-0.34744,-0.57302,-0.1841
660,780468727,32,20.41,12,37,2041.13,2024,2048,2029.84,2004,2048,193,0.19726,-0.36667,-0.60903,-0.1925
661,780478906,32,18.31,0,35,2041.19,2035,2056,2030.44,2025,2040,193,0.17697,-0.34835,-0.60720,-0.1691
662,780489084,32,21.94,18,38,2040.38,2016,2050,2029.56,2013,2039,193,0.21205,-0.37521,-0.63193,-0.2136
663,780499281,32,20.94,0,36,2041.66,2037,2051,2028.34,2003,2041,193,0.20239,-0.41245,-0.59286,-0.2035
664,780509463,32,20.72,14,29,2040.28,1980,2052,2030.09,2015,2037,193,0.20026,-0.35904,-0.63498,-0.1991
665,780519644,32,21.19,16,32,2040.81,2027,2049,2031.25,2021,2057,193,0.20480,-0.32363,-0.61880,-0.1930
666,780529824,32,23.03,16,59,2039.59,2018,2056,2029.91,2024,2038,193,0.22258,-0.36453,-0.65604,-0.2272
667,780539999,32,20.03,0,30,2040.25,2024,2051,2027.16,1961,2037,193,0.19359,-0.44847,-0.63590,-0.2099
668,780550160,32,20.69,13,27,2042.56,2034,2084,2031.0,2016,2065,193,0.19997,-0.33126,-0.56538,-0.1793
669,780560344,32,19.75,0,29,2041.59,2036,2048,2029.0,2009,2049,193,0.19088,-0.39231,-0.59499,-0.1885
670,780570492,32,20.5,14,28,2042.28,2037,2049,2030.22,2016,2041,193,0.19813,-0.35507,-0.57393,-0.1841
671,780580687,32,21.41,16,43,2043.06,2033,2061,2028.94,2001,2038,193,0.20693,-0.39414,-0.55012,-0.1954
672,780590890,32,20.59,9,29,2041.69,2024,2062,2029.0,2020,2038,193,0.19900,-0.39231,-0.59194,-0.1959
673,780601069,32,20.28,10,28,2041.0,2034,2048,2029.69,2002,2040,193,0.19601,-0.37125,-0.61300,-0.1929
674,780611266,32,20.38,11,29,2041.19,2025,2048,2029.09,2020,2038,193,0.19697,-0.38956,-0.60720,-0.1963
675,780621454,32,17.66,0,46,2040.75,2034,2048,2028.31,2020,2037,193,0.17068,-0.41337,-0.62063,-0.1765
676,780631623,32,20.31,13,27,2042.0,2037,2050,2028.56,2012,2035,193,0.19630,-0.40574,-0.58248,-0.1940
677,780641791,32,19.0,0,25,2042.5,2037,2081,2029.53,2024,2044,193,0.18363,-0.37613,-0.56722,-0.1732
678,780651970,32,19.81,2,37,2041.34,2034,2049,2028.75,2022,2043,193,0.19146,-0.39994,-0.60262,-0.1920
679,780662173,32,20.56,0,53,2041.5,2035,2049,2029.5,2027,2037,193,0.19871,-0.37704,-0.59774,-0.1937
680,780672332,32,19.5,10,27,2042.41,2028,2059,2028.88,2018,2035,193,0.18847,-0.39597,-0.56996,-0.1820
681,780682521,32,20.28,17,31,2041.81,2035,2056,2029.59,2021,2036,193,0.19601,-0.37430,-0.58828,-0.1887
682,780692747,32,19.44,6,26,2040.59,2032,2048,2029.38,2023,2051,193,0.18789,-0.38071,-0.62552,-0.1891
683,780702989,32,20.09,0,27,2041.5,2034,2048,2028.47,1995,2035,193,0.19417,-0.40849,-0.59774,-0.1954
684,780713193,32,21.91,0,53,2042.06,2030,2052,2027.88,2001,2035,193,0.21176,-0.42650,-0.58065,-0.2133
685,780723392,32,20.44,12,40,2041.72,2034,2049,2031.31,2024,2048,193,0.19755,-0.32179,-0.59103,-0.1803
686,780733602,32,21.34,17,35,2044.72,2030,2145,2030.06,2011,2071,193,0.20625,-0.35995,-0.49945,-0.1773
687,780743803,32,21.94,10,42,2042.16,2030,2067,2029.16,2011,2036,193,0.21205,-0.38742,-0.57759,-0.2046
688,780753993,32,19.94,0,35,2042.44,2029,2059,2030.72,2025,2041,193,0.19272,-0.33980,-0.56905,-0.1752
689,780764221,32,18.66,11,25,2042.0,2036,2052,2035.84,2021,2203,193,0.18035,-0.18352,-0.58248,-0.1381
690,780774409,32,20.72,14,29,2041.72,2026,2062,2032.22,2020,2057,193,0.20026,-0.29402,-0.59103,-0.1772
691,780784600,32,19.94,11,31,2041.22,2037,2045,2029.72,2022,2044,193,0.19272,-0.37033,-0.60629,-0.1882
692,780794779,32,21.5,17,33,2040.97,2032,2051,2029.47,2022,2035,193,0.20780,-0.37796,-0.61392,-0.2061
693,780804964,32,20.09,4,26,2040.97,2034,2048,2030.19,2016,2054,193,0.19417,-0.35598,-0.61392,-0.1883
694,780815152,32,20.56,0,36,2037.81,1944,2049,2029.0,2020,2038,193,0.19871,-0.39231,-0.71038,-0.2191
695,780825312,32,20.69,13,27,2041.56,2032,2048,2030.66,2021,2043,193,0.19997,-0.34164,-0.59591,-0.1875
696,780835487,32,20.63,13,38,2042.44,2027,2059,2029.47,2018,2042,193,0.19939,-0.37796,-0.56905,-0.1888
697,780845676,32,20.53,5,33,2042.28,2024,2060,2029.69,2008,2054,193,0.19842,-0.37125,-0.57393,-0.1875
698,780855864,32,20.28,16,27,2041.53,2022,2046,2031.06,2022,2040,193,0.19601,-0.32943,-0.59682,-0.1816
699,780866072,32,21.34,10,97,2041.91,2035,2050,2028.78,2022,2035,193,0.20625,-0.39902,-0.58523,-0.2030
700,780876264,32,20.41,3,29,2042.81,2025,2057,2029.78,2020,2037,193,0.19726,-0.36850,-0.55775,-0.1827
701,780886439,32,21.28,14,28,2040.56,2029,2049,2029.19,2011,2037,193,0.20567,-0.38651,-0.62643,-0.2083
702,780896623,32,21.13,16,28,2042.28,2037,2052,2030.25,2022,2040,193,0.20422,-0.35415,-0.57393,-0.1895
703,780906798,32,20.56,14,28,2040.13,2035,2045,2028.81,2017,2056,193,0.19871,-0.39811,-0.63956,-0.2062
704,780916985,32,20.91,16,30,2041.06,2036,2051,2028.84,2017,2038,193,0.20210,-0.39719,-0.61117,-0.2038
705,780927173,32,19.53,10,30,2040.84,2030,2049,2030.09,2020,2060,193,0.18876,-0.35904,-0.61789,-0.1844
706,780937368,32,19.06,0,26,2042.66,2037,2055,2030.25,2022,2038,193,0.18421,-0.35415,-0.56233,-0.1688
707,780947547,32,19.44,0,29,2041.56,2035,2061,2029.78,2020,2050,193,0.18789,-0.36850,-0.59591,-0.1812
708,780957743,32,20.53,14,29,2040.28,2020,2048,2030.69,2019,2043,193,0.19842,-0.34072,-0.63498,-0.1936
709,780967976,32,19.38,5,28,2042.19,2037,2048,2028.84,2024,2035,193,0.18731,-0.39719,-0.57668,-0.1824
710,780978170,32,19.72,7,26,2043.19,2028,2106,2029.78,2008,2049,193,0.19059,-0.36850,-0.54615,-0.1743
711,780988391,32,21.13,16,27,2040.19,2027,2048,2029.53,2024,2035,193,0.20422,-0.37613,-0.63773,-0.2071
712,780998568,32,21.06,12,27,2042.0,2036,2059,2033.03,2025,2098,193,0.20354,-0.26929,-0.58248,-0.1734
713,781008756,32,22.88,17,57,2041.47,2030,2050,2030.66,2025,2048,193,0.22114,-0.34164,-0.59866,-0.2079
714,781018943,32,21.16,0,61,2041.41,2035,2053,2030.72,2021,2054,193,0.20451,-0.33980,-0.60049,-0.1923
715,781029131,32,18.84,0,29,2041.66,2032,2059,2026.69,1969,2035,193,0.18209,-0.46282,-0.59286,-0.1922
716,781039277,32,19.81,14,26,2041.66,2033,2048,2030.13,2008,2088,193,0.19146,-0.35781,-0.59286,-0.1820
717,781049438,32,19.78,9,26,2041.97,2036,2060,2031.66,2026,2059,193,0.19117,-0.31111,-0.58339,-0.1710
718,781059620,32,20.19,10,41,2040.97,2032,2049,2030.69,2025,2061,193,0.19514,-0.34072,-0.61392,-0.1863
719,781069849,32,21.22,8,36,2041.97,2024,2050,2031.47,2000,2083,193,0.20509,-0.31691,-0.58339,-0.1846
720,781080027,32,19.75,0,32,2041.91,2036,2048,2031.03,2024,2039,193,0.19088,-0.33034,-0.58523,-0.1748
721,781090191,32,21.34,0,61,2042.03,2037,2051,2030.28,2026,2065,193,0.20625,-0.35324,-0.58156,-0.1928
722,781100392,32,20.41,16,38,2042.47,2034,2051,2030.25,2018,2036,193,0.19726,-0.35415,-0.56813,-0.1819
723,781110567,32,19.97,0,34,2043.19,2038,2052,2031.34,2010,2066,193,0.19301,-0.32088,-0.54615,-0.1673
724,781120786,32,21.09,17,38,2042.66,2038,2054,2029.13,2025,2035,193,0.20383,-0.38834,-0.56233,-0.1938
725,781130966,32,19.69,1,39,2041.13,2035,2049,2030.75,2024,2038,193,0.19030,-0.33889,-0.60903,-0.1804
726,781141146,32,19.78,9,37,2041.22,2037,2048,2028.41,1989,2035,193,0.19117,-0.41032,-0.60629,-0.1943
727,781151343,32,21.59,6,61,2042.97,2037,2058,2027.47,1995,2035,193,0.20867,-0.43901,-0.55287,-0.2070
728,781161550,32,20.5,12,26,2039.69,1969,2048,2029.31,2017,2037,193,0.19813,-0.38284,-0.65299,-0.2052
729,781171732,32,22.16,16,38,2041.5,2037,2048,2025.84,1949,2037,193,0.21418,-0.48877,-0.59774,-0.2327
730,781181883,32,19.06,0,35,2043.63,2037,2101,2028.19,2004,2035,193,0.18421,-0.41703,-0.53272,-0.1750
731,781192080,32,21.03,15,36,2042.69,2033,2059,2029.44,2024,2052,193,0.20325,-0.37888,-0.56142,-0.1911
732,781202286,32,20.66,14,35,2041.91,2029,2057,2032.59,2025,2059,193,0.19968,-0.28272,-0.58523,-0.1733
733,781212493,32,21.41,12,45,2043.72,2038,2049,2030.06,2009,2037,193,0.20693,-0.35995,-0.52998,-0.1842
734,781222741,32,21.41,16,41,2041.06,2025,2049,2029.03,2017,2035,193,0.20693,-0.39139,-0.61117,-0.2075
735,781232946,32,21.13,16,29,2042.28,2033,2060,2029.59,2017,2040,193,0.20422,-0.37430,-0.57393,-0.1936
736,781243119,32,21.34,16,40,2041.44,2035,2049,2029.31,2014,2037,193,0.20625,-0.38284,-0.59957,-0.2026
737,781253307,32,20.25,11,35,2040.66,2021,2048,2028.97,2020,2037,193,0.19572,-0.39322,-0.62338,-0.1990
738,781263472,32,20.56,13,33,2043.66,2022,2072,2030.38,2021,2035,193,0.19871,-0.35018,-0.53181,-0.1753
739,781273669,32,21.94,17,37,2042.31,2033,2054,2030.03,2025,2038,193,0.21205,-0.36087,-0.57302,-0.1980
740,781283892,32,21.13,14,26,2043.25,2037,2080,2030.97,2003,2078,193,0.20422,-0.33217,-0.54432,-0.1790
741,781294067,32,19.25,14,26,2041.84,2029,2051,2031.16,2027,2038,193,0.18605,-0.32637,-0.58736,-0.1700
742,781304244,32,18.41,5,26,2041.84,2028,2060,2030.72,2024,2035,193,0.17793,-0.33980,-0.58736,-0.1650
743,781314429,32,21.5,12,37,2041.94,2038,2050,2030.75,2016,2057,193,0.20780,-0.33889,-0.58431,-0.1918
744,781324584,32,19.66,13,27,2042.59,2032,2048,2029.16,2021,2034,193,0.19001,-0.38742,-0.56447,-0.1809
745,781334779,32,17.75,0,26,2041.94,2038,2050,2029.34,2019,2036,193,0.17155,-0.38193,-0.58431,-0.1658
746,781344951,32,20.59,2,114,2044.47,2038,2113,2028.72,2021,2037,193,0.19900,-0.40085,-0.50708,-0.1807
747,781355171,32,20.38,14,28,2042.59,2037,2050,2029.34,2010,2036,193,0.19697,-0.38193,-0.56447,-0.1864
748,781365367,32,20.78,5,37,2042.0,2037,2056,2029.16,2014,2036,193,0.20084,-0.38742,-0.58248,-0.1948
749,781375510,32,19.97,13,30,2038.0,1900,2049,2031.97,2021,2050,193,0.19301,-0.30165,-0.70458,-0.1942
750,781385696,32,19.78,10,30,2041.81,2027,2049,2029.03,2020,2053,193,0.19117,-0.39139,-0.58828,-0.1873
751,781395927,32,20.28,12,26,2041.47,2032,2049,2026.44,1929,2044,193,0.19601,-0.47045,-0.59866,-0.2096
752,781406116,32,20.13,6,32,2042.06,2038,2048,2028.66,2003,2062,193,0.19456,-0.40269,-0.58065,-0.1913
753,781416272,32,18.91,1,26,2043.13,2036,2058,2029.22,2020,2040,193,0.18277,-0.38559,-0.54798,-0.1706
754,781426476,32,22.16,3,59,2041.38,2033,2053,2028.75,1998,2043,193,0.21418,-0.39994,-0.60140,-0.2145
755,781436650,32,20.81,16,38,2041.34,2037,2046,2030.66,2020,2037,193,0.20113,-0.34164,-0.60262,-0.1899
756,781446840,32,20.72,14,45,2041.56,2022,2057,2032.16,2026,2052,193,0.20026,-0.29585,-0.59591,-0.1786
757,781457029,32,17.44,0,27,2042.31,2029,2058,2030.56,2025,2036,193,0.16856,-0.34469,-0.57302,-0.1547
758,781467233,32,20.38,11,34,2042.63,2038,2049,2030.53,2012,2059,193,0.19697,-0.34560,-0.56325,-0.1790
759,781477445,32,20.5,0,30,2041.94,2033,2056,2028.03,2009,2036,193,0.19813,-0.42192,-0.58431,-0.1994
760,781487618,32,20.16,14,26,2041.91,2036,2054,2029.03,1974,2044,193,0.19485,-0.39139,-0.58523,-0.1903
761,781497828,32,21.06,14,33,2042.16,2035,2052,2028.56,2022,2036,193,0.20354,-0.40574,-0.57759,-0.2002
762,781508021,32,19.41,8,28,2043.09,2033,2076,2030.47,2019,2067,193,0.18760,-0.34744,-0.54921,-0.1682
763,781518217,32,21.66,16,59,2042.56,2038,2049,2030.59,2025,2039,193,0.20934,-0.34377,-0.56538,-0.1903
764,781528398,32,18.97,0,27,2042.53,2035,2061,2028.06,2011,2037,193,0.18335,-0.42100,-0.56630,-0.1810
765,781538622,32,20.66,9,34,2041.63,2037,2048,2028.97,2014,2036,193,0.19968,-0.39322,-0.59377,-0.1971
766,781548821,32,20.03,13,28,2041.09,2033,2049,2032.0,2026,2041,193,0.19359,-0.30073,-0.61026,-0.1764
767,781558973,32,20.78,0,32,2043.59,2025,2076,2030.97,2022,2044,193,0.20084,-0.33217,-0.53394,-0.1739
768,781569129,32,20.56,10,40,2043.19,2037,2057,2030.19,2020,2040,193,0.19871,-0.35598,-0.54615,-0.1793
769,781579379,32,19.94,8,28,2042.84,2038,2051,2030.47,2025,2037,193,0.19272,-0.34744,-0.55684,-0.1743
770,781589575,32,20.56,14,29,2042.69,2036,2067,2029.06,2005,2036,193,0.19871,-0.39048,-0.56142,-0.1892
771,781599773,32,19.75,12,31,2042.34,2010,2054,2030.25,2015,2049,193,0.19088,-0.35415,-0.57210,-0.1768
772,781609930,32,20.19,13,35,2043.34,2038,2051,2031.31,1998,2048,193,0.19514,-0.32179,-0.54157,-0.1685
773,781620110,32,20.19,16,37,2041.41,2029,2054,2029.16,2021,2041,193,0.19514,-0.38742,-0.60049,-0.1928
774,781630320,32,20.97,9,28,2042.56,2024,2052,2029.81,2021,2041,193,0.20268,-0.36758,-0.56538,-0.1891
775,781640516,32,20.03,9,29,2041.53,2033,2049,2029.47,2013,2036,193,0.19359,-0.37796,-0.59682,-0.1887
776,781650703,32,19.06,0,27,2042.78,2033,2054,2029.5,2022,2040,193,0.18421,-0.37704,-0.55867,-0.1724
777,781660890,32,19.44,1,26,2042.16,2035,2050,2029.31,2018,2037,193,0.18789,-0.38284,-0.57759,-0.1805
778,781671070,32,21.13,14,28,2041.5,2030,2048,2029.03,2018,2037,193,0.20422,-0.39139,-0.59774,-0.2020
779,781681258,32,19.5,6,26,2040.88,2029,2048,2029.31,2025,2037,193,0.18847,-0.38284,-0.61667,-0.1884
780,781691450,32,20.28,13,33,2043.03,2037,2049,2029.22,1988,2037,193,0.19601,-0.38559,-0.55104,-0.1836
781,781701663,32,18.06,4,26,2042.28,2033,2056,2028.56,2003,2037,193,0.17455,-0.40574,-0.57393,-0.1710
782,781711866,32,19.31,6,26,2043.19,2033,2049,2029.53,2020,2035,193,0.18663,-0.37613,-0.54615,-0.1721
783,781722060,32,19.78,0,29,2040.81,2019,2048,2031.75,2027,2048,193,0.19117,-0.30836,-0.61880,-0.1772
784,781732273,32,18.81,3,42,2042.16,2034,2048,2031.31,2024,2053,193,0.18180,-0.32179,-0.57759,-0.1635
785,781742490,32,20.03,16,27,2041.28,2030,2051,2030.19,2025,2041,193,0.19359,-0.35598,-0.60446,-0.1859
786,781752686,32,18.94,0,32,2041.88,2014,2063,2030.88,2024,2051,193,0.18306,-0.33492,-0.58614,-0.1686
787,781762851,32,20.78,15,48,2044.84,2032,2128,2029.78,2021,2040,193,0.20084,-0.36850,-0.49579,-0.1736
788,781773052,32,21.03,10,39,2043.0,2034,2054,2030.03,2022,2050,193,0.20325,-0.36087,-0.55195,-0.1855
789,781783223,32,19.34,12,30,2041.84,2022,2049,2029.22,2019,2036,193,0.18692,-0.38559,-0.58736,-0.1819
790,781793426,32,20.31,11,36,2042.56,2034,2049,2030.28,2026,2035,193,0.19630,-0.35324,-0.56538,-0.1803
791,781803599,32,21.28,5,60,2043.19,2027,2053,2030.63,2004,2040,193,0.20567,-0.34255,-0.54615,-0.1828
792,781813823,32,20.28,11,38,2042.91,2021,2059,2030.41,2016,2044,193,0.19601,-0.34927,-0.55470,-0.1772
793,781824006,32,19.97,13,26,2042.19,2024,2058,2030.66,2024,2042,193,0.19301,-0.34164,-0.57668,-0.1772
794,781834215,32,19.41,16,38,2040.66,2025,2048,2031.72,2020,2061,193,0.18760,-0.30928,-0.62338,-0.1750
795,781844402,32,19.94,15,26,2042.28,2037,2054,2031.19,2027,2040,193,0.19272,-0.32546,-0.57393,-0.1733
796,781854591,32,19.72,0,32,2044.5,2037,2128,2029.69,2011,2036,193,0.19059,-0.37125,-0.50617,-0.1672
797,781864764,32,21.38,16,36,2041.0,2027,2053,2028.81,2016,2036,193,0.20664,-0.39811,-0.61300,-0.2089
798,781874923,32,19.97,6,26,2041.63,2037,2051,2031.06,2005,2038,193,0.19301,-0.32943,-0.59377,-0.1782
799,781885121,32,19.25,0,33,2041.69,2030,2049,2030.28,2019,2043,193,0.18605,-0.35324,-0.59194,-0.1759
800,781895326,32,20.5,9,27,2041.47,2030,2053,2029.0,2015,2040,193,0.19813,-0.39231,-0.59866,-0.1963
801,781905505,32,20.69,17,37,2045.84,2035,2121,2030.34,2025,2036,193,0.19997,-0.35140,-0.46526,-0.1633
802,781915692,32,19.34,11,25,2041.91,2031,2048,2029.47,2025,2036,193,0.18692,-0.37796,-0.58523,-0.1800
803,781925888,32,20.28,0,38,2041.28,2038,2050,2028.25,2020,2035,193,0.19601,-0.41520,-0.60446,-0.1999
804,781936065,32,18.75,0,27,2042.38,2036,2061,2029.78,2018,2037,193,0.18122,-0.36850,-0.57088,-0.1702
805,781946260,32,19.28,4,38,2042.75,2038,2060,2029.72,2009,2043,193,0.18634,-0.37033,-0.55958,-0.1733
806,781956435,32,20.78,0,44,2042.41,2037,2060,2029.38,2021,2036,193,0.20084,-0.38071,-0.56996,-0.1909
807,781966635,32,19.91,17,27,2040.28,2034,2048,2030.75,2001,2045,193,0.19243,-0.33889,-0.63498,-0.1874
808,781976812,32,20.19,16,29,2039.59,2028,2048,2029.69,2025,2044,193,0.19514,-0.37125,-0.65604,-0.2005
809,781987031,32,20.41,0,34,2040.47,2026,2048,2029.5,2013,2035,193,0.19726,-0.37704,-0.62918,-0.1985
810,781997179,32,20.13,0,29,2040.63,2013,2058,2030.97,2026,2041,193,0.19456,-0.33217,-0.62430,-0.1861
811,782007375,32,20.44,16,27,2041.22,2035,2058,2029.0,2011,2040,193,0.19755,-0.39231,-0.60629,-0.1973
812,782017573,32,20.13,8,34,2040.66,2025,2062,2030.19,2026,2036,193,0.19456,-0.35598,-0.62338,-0.1905
813,782027774,32,19.56,0,26,2041.41,2029,2066,2029.91,2022,2035,193,0.18905,-0.36453,-0.60049,-0.1824
814,782037978,32,20.16,9,36,2041.25,2012,2058,2029.16,2005,2053,193,0.19485,-0.38742,-0.60537,-0.1934
815,782048169,32,21.25,5,53,2042.19,2032,2080,2032.06,2019,2068,193,0.20538,-0.29890,-0.57668,-0.1798
816,782058345,32,20.5,10,27,2041.91,2036,2056,2028.84,1957,2054,193,0.19813,-0.39719,-0.58523,-0.1946
817,782068512,32,20.78,16,42,2041.97,2033,2074,2029.53,2004,2042,193,0.20084,-0.37613,-0.58339,-0.1927
818,782078697,32,20.53,14,36,2040.97,2028,2050,2030.69,2025,2049,193,0.19842,-0.34072,-0.61392,-0.1894
819,782088889,32,20.41,14,34,2040.59,2037,2050,2029.81,2025,2044,193,0.19726,-0.36758,-0.62552,-0.1959
820,782099113,32,19.72,0,45,2041.56,2031,2052,2029.38,2013,2048,193,0.19059,-0.38071,-0.59591,-0.1861
821,782109303,32,22.78,17,40,2042.69,2038,2073,2030.0,2020,2049,193,0.22017,-0.36178,-0.56142,-0.2033
822,782119518,32,19.84,3,41,2041.91,2033,2072,2029.28,2005,2042,193,0.19175,-0.38376,-0.58523,-0.1858
823,782129714,32,20.09,9,28,2041.16,2033,2048,2030.59,2026,2048,193,0.19417,-0.34377,-0.60812,-0.1848
824,782139925,32,21.25,17,27,2041.06,2019,2048,2029.19,2025,2036,193,0.20538,-0.38651,-0.61117,-0.2049
825,782150088,32,20.53,14,30,2041.53,2037,2049,2029.56,2020,2036,193,0.19842,-0.37521,-0.59682,-0.1929
826,782160307,32,23.25,15,68,2039.94,2004,2062,2029.41,2019,2050,193,0.22471,-0.37979,-0.64536,-0.2304
827,782170483,32,19.69,0,45,2041.38,2037,2049,2029.84,2018,2042,193,0.19030,-0.36667,-0.60140,-0.1842
828,782180641,32,19.84,4,30,2042.06,2033,2049,2031.34,2026,2063,193,0.19175,-0.32088,-0.58065,-0.1729
829,782190852,32,20.75,14,54,2040.41,2019,2049,2029.28,2021,2040,193,0.20055,-0.38376,-0.63101,-0.2035
830,782201020,32,21.47,8,33,2042.56,2034,2049,2028.75,2003,2041,193,0.20751,-0.39994,-0.56538,-0.2003
831,782211241,32,20.88,1,49,2040.88,2030,2053,2028.75,2017,2035,193,0.20181,-0.39994,-0.61667,-0.2052
832,782221396,32,21.66,12,61,2041.0,2014,2050,2028.22,2003,2039,193,0.20934,-0.41612,-0.61300,-0.2154
833,782231581,32,19.91,3,29,2042.5,2037,2059,2028.78,2022,2043,193,0.19243,-0.39902,-0.56722,-0.1859
834,782241792,32,20.97,16,27,2042.78,2038,2056,2030.22,2018,2037,193,0.20268,-0.35507,-0.55867,-0.1852
835,782251963,32,20.22,13,27,2041.22,2035,2050,2032.44,2026,2060,193,0.19543,-0.28730,-0.60629,-0.1746
836,782262142,32,20.31,0,44,2042.0,2034,2049,2029.5,2012,2035,193,0.19630,-0.37704,-0.58248,-0.1884
837,782272297,32,21.03,17,28,2041.44,2024,2051,2028.72,2016,2039,193,0.20325,-0.40085,-0.59957,-0.2033
838,782282507,32,21.06,11,35,2043.34,2026,2088,2029.53,2022,2036,193,0.20354,-0.37613,-0.54157,-0.1868
839,782292705,32,22.16,17,40,2044.56,2032,2115,2028.28,2015,2041,193,0.21418,-0.41429,-0.50433,-0.1967
840,782302901,32,18.94,13,26,2041.91,2036,2050,2030.44,2015,2051,193,0.18306,-0.34835,-0.58523,-0.1709
841,782313114,32,20.81,5,33,2041.88,2034,2061,2028.56,2019,2056,193,0.20113,-0.40574,-0.58614,-0.1995
842,782323271,32,20.88,9,43,2041.31,2026,2051,2030.56,2003,2072,193,0.20181,-0.34469,-0.60354,-0.1914
843,782333483,32,19.84,16,26,2042.34,2029,2057,2030.25,2009,2070,193,0.19175,-0.35415,-0.57210,-0.1776
844,782343643,32,20.53,16,26,2042.31,2037,2048,2031.06,2024,2049,193,0.19842,-0.32943,-0.57302,-0.1791
845,782353872,32,20.72,13,32,2041.28,2032,2049,2025.88,1932,2037,193,0.20026,-0.48755,-0.60446,-0.2187
846,782364061,32,20.22,0,34,2041.72,2035,2058,2029.75,2021,2042,193,0.19543,-0.36941,-0.59103,-0.1877
847,782374264,32,19.66,13,25,2040.81,2017,2056,2029.16,2005,2057,193,0.19001,-0.38742,-0.61880,-0.1912
848,782384468,32,21.09,17,27,2043.09,2033,2069,2030.06,2026,2036,193,0.20383,-0.35995,-0.54921,-0.1853
849,782394674,32,21.91,5,34,2042.53,2036,2049,2029.28,2013,2037,193,0.21176,-0.38376,-0.56630,-0.2012
850,782404850,32,22.56,15,58,2043.19,2037,2052,2029.69,2008,2077,193,0.21804,-0.37125,-0.54615,-0.2000
851,782415051,32,20.59,16,32,2042.5,2037,2049,2029.41,2023,2037,193,0.19900,-0.37979,-0.56722,-0.1885
852,782425235,32,19.56,0,29,2043.25,2035,2060,2028.91,2013,2036,193,0.18905,-0.39505,-0.54432,-0.1776
853,782435400,32,20.0,9,27,2042.44,2028,2049,2029.31,2020,2038,193,0.19330,-0.38284,-0.56905,-0.1840
854,782445597,32,19.78,15,27,2041.69,2037,2049,2030.81,2027,2060,193,0.19117,-0.33706,-0.59194,-0.1776
855,782455802,32,20.91,14,35,2040.38,2030,2051,2029.22,2012,2048,193,0.20210,-0.38559,-0.63193,-0.2056
856,782465999,32,21.5,16,41,2042.44,2032,2049,2030.69,2025,2045,193,0.20780,-0.34072,-0.56905,-0.1890
857,782476187,32,20.56,12,29,2041.88,2036,2048,2030.53,2021,2045,193,0.19871,-0.34560,-0.58614,-0.1851
858,782486363,32,20.03,14,26,2042.91,2038,2058,2027.63,2019,2037,193,0.19359,-0.43413,-0.55470,-0.1914
859,782496586,32,20.34,14,30,2042.5,2036,2049,2030.5,2021,2038,193,0.19659,-0.34652,-0.56722,-0.1796
860,782506738,32,21.34,16,29,2041.13,2035,2056,2030.0,2025,2039,193,0.20625,-0.36178,-0.60903,-0.2002
861,782516914,32,20.69,0,36,2043.72,2005,2073,2028.31,2009,2036,193,0.19997,-0.41337,-0.52998,-0.1886
862,782527124,32,19.97,9,26,2041.19,2031,2052,2030.19,2025,2038,193,0.19301,-0.35598,-0.60720,-0.1859
863,782537333,32,20.94,0,54,2042.44,2040,2054,2029.63,2020,2039,193,0.20239,-0.37308,-0.56905,-0.1907
864,782547507,32,19.22,14,26,2041.69,2030,2059,2028.97,2011,2035,193,0.18576,-0.39322,-0.59194,-0.1830
865,782557698,32,19.84,17,26,2041.97,2033,2060,2030.0,2025,2036,193,0.19175,-0.36178,-0.58339,-0.1812
866,782567885,32,19.97,13,30,2041.94,2037,2055,2028.06,1998,2041,193,0.19301,-0.42100,-0.58431,-0.1940
867,782578081,32,20.56,1,32,2043.94,2040,2062,2029.25,2017,2048,193,0.19871,-0.38468,-0.52326,-0.1804
868,782588258,32,20.97,15,27,2041.72,2035,2052,2028.81,2020,2049,193,0.20268,-0.39811,-0.59103,-0.2005
869,782598440,32,19.94,0,28,2041.31,2027,2048,2029.91,2022,2038,193,0.19272,-0.36453,-0.60354,-0.1866
870,782608634,32,19.88,14,28,2041.56,2035,2049,2029.81,2023,2037,193,0.19214,-0.36758,-0.59591,-0.1851
871,782618824,32,19.66,16,27,2042.44,2026,2050,2028.66,2019,2035,193,0.19001,-0.40269,-0.56905,-0.1846
872,782629027,32,20.13,12,34,2042.31,2029,2049,2028.44,2004,2034,193,0.19456,-0.40940,-0.57302,-0.1911
873,782639216,32,20.13,10,26,2041.78,2036,2051,2028.78,1971,2044,193,0.19456,-0.39902,-0.58919,-0.1923
874,782649413,32,19.19,3,28,2042.13,2037,2051,2029.84,2019,2043,193,0.18547,-0.36667,-0.57851,-0.1753
875,782659595,32,18.88,0,28,2042.78,2038,2054,2028.0,1996,2035,193,0.18248,-0.42283,-0.55867,-0.1791
876,782669775,32,18.78,0,28,2042.25,2034,2070,2029.66,2022,2051,193,0.18151,-0.37216,-0.57485,-0.1719
877,782679974,32,21.63,13,57,2040.59,2009,2049,2029.28,2004,2039,193,0.20905,-0.38376,-0.62552,-0.2110
878,782690166,32,20.5,0,27,2042.38,2036,2053,2029.88,2017,2050,193,0.19813,-0.36545,-0.57088,-0.1855
879,782700351,32,20.06,11,31,2041.75,2028,2062,2028.34,2021,2035,193,0.19388,-0.41245,-0.59011,-0.1944
880,782710504,32,20.28,12,26,2043.5,2035,2064,2030.22,2018,2052,193,0.19601,-0.35507,-0.53669,-0.1748
881,782720660,32,18.88,12,30,2042.44,2036,2049,2029.84,2024,2036,193,0.18248,-0.36667,-0.56905,-0.1707
882,782730847,32,21.34,0,36,2042.38,2032,2049,2029.13,2013,2044,193,0.20625,-0.38834,-0.57088,-0.1978
883,782741040,32,20.28,13,29,2040.22,2008,2048,2031.5,2017,2061,193,0.19601,-0.31599,-0.63681,-0.1868
884,782751259,32,20.94,14,38,2042.84,2040,2050,2029.41,2009,2037,193,0.20239,-0.37979,-0.55684,-0.1896
885,782761464,32,20.03,13,26,2041.94,2033,2050,2031.31,2020,2057,193,0.19359,-0.32179,-0.58431,-0.1754
886,782771664,32,19.47,5,26,2045.84,2034,2146,2033.38,2025,2107,193,0.18818,-0.25861,-0.46526,-0.1362
887,782781882,32,19.72,8,27,2041.88,2035,2057,2030.13,2026,2048,193,0.19059,-0.35781,-0.58614,-0.1799
888,782792092,32,20.34,13,37,2042.59,2037,2049,2029.56,2017,2037,193,0.19659,-0.37521,-0.56447,-0.1847
889,782802279,32,22.09,16,52,2042.34,2037,2060,2028.25,1980,2050,193,0.21350,-0.41520,-0.57210,-0.2108
890,782812477,32,24.16,16,96,2042.59,2040,2057,2030.03,2025,2051,193,0.23351,-0.36087,-0.56447,-0.2161
891,782822684,32,20.0,10,29,2042.19,2033,2051,2033.72,2022,2178,193,0.19330,-0.24823,-0.57668,-0.1595
892,782832845,32,19.34,0,26,2043.69,2037,2065,2031.53,2017,2054,193,0.18692,-0.31508,-0.53089,-0.1581
893,782843057,32,20.56,14,29,2042.59,2023,2052,2030.88,2022,2069,193,0.19871,-0.33492,-0.56447,-0.1787
894,782853263,32,21.97,7,37,2042.13,2025,2053,2029.84,2022,2041,193,0.21234,-0.36667,-0.57851,-0.2007
895,782863476,32,20.22,0,30,2041.63,2036,2049,2028.78,2018,2055,193,0.19543,-0.39902,-0.59377,-0.1940
896,782873671,32,20.94,16,41,2042.09,2034,2061,2027.81,2006,2034,193,0.20239,-0.42863,-0.57973,-0.2041
897,782883885,32,20.78,16,36,2041.81,2033,2049,2030.03,2026,2037,193,0.20084,-0.36087,-0.58828,-0.1906
898,782894080,32,19.28,0,35,2043.78,2037,2051,2031.22,2027,2037,193,0.18634,-0.32454,-0.52814,-0.1589
899,782904279,32,19.75,11,27,2041.88,2027,2049,2029.91,2024,2038,193,0.19088,-0.36453,-0.58614,-0.1815
900,782914455,32,20.94,16,27,2042.75,2036,2049,2029.94,1999,2038,193,0.20239,-0.36361,-0.55958,-0.1868
901,782924625,32,17.47,0,22,2042.78,2025,2049,2029.66,2017,2036,193,0.16885,-0.37216,-0.55867,-0.1572
902,782934821,32,20.78,17,29,2042.88,2028,2063,2030.09,2025,2041,193,0.20084,-0.35904,-0.55562,-0.1837
903,782945013,32,23.34,17,54,2039.59,2019,2049,2029.09,2024,2037,193,0.22558,-0.38956,-0.65604,-0.2359
904,782955202,32,20.09,0,45,2043.0,2034,2049,2029.88,2012,2042,193,0.19417,-0.36545,-0.55195,-0.1781
905,782965364,32,19.34,6,26,2042.66,2038,2049,2029.88,2022,2036,193,0.18692,-0.36545,-0.56233,-0.1734
906,782975577,32,20.19,17,26,2040.66,2004,2051,2030.34,2024,2040,193,0.19514,-0.35140,-0.62338,-0.1902
907,782985753,32,22.34,16,41,2042.94,2030,2051,2028.59,1993,2045,193,0.21592,-0.40482,-0.55378,-0.2070
908,782995960,32,20.16,8,27,2046.5,2039,2113,2028.06,1997,2046,193,0.19485,-0.42100,-0.44512,-0.1688
909,783006163,32,19.53,6,26,2041.16,2029,2056,2031.16,2026,2040,193,0.18876,-0.32637,-0.60812,-0.1764
910,783016365,32,21.0,16,27,2042.78,2032,2051,2030.38,2007,2048,193,0.20297,-0.35018,-0.55867,-0.1845
911,783026551,32,21.97,10,40,2042.66,2016,2049,2030.69,2008,2041,193,0.21234,-0.34072,-0.56233,-0.1918
912,783036750,32,19.75,4,28,2041.13,2025,2049,2030.38,2024,2039,193,0.19088,-0.35018,-0.60903,-0.1831
913,783046914,32,20.38,16,33,2042.63,2029,2052,2029.38,2017,2036,193,0.19697,-0.38071,-0.56325,-0.1859
914,783057101,32,20.25,2,32,2041.16,2021,2057,2029.19,2025,2035,193,0.19572,-0.38651,-0.60812,-0.1947
915,783067287,32,20.25,12,29,2043.72,2033,2063,2031.47,2024,2072,193,0.19572,-0.31691,-0.52998,-0.1657
916,783077468,32,20.16,10,29,2042.75,2034,2050,2032.19,2017,2058,193,0.19485,-0.29493,-0.55958,-0.1665
917,783087651,32,20.47,8,35,2043.44,2039,2052,2027.44,2000,2043,193,0.19784,-0.43993,-0.53852,-0.1936
918,783097853,32,21.09,6,64,2041.91,2033,2049,2030.41,2024,2036,193,0.20383,-0.34927,-0.58523,-0.1905
919,783108064,32,20.72,18,30,2042.84,2025,2067,2029.0,2012,2036,193,0.20026,-0.39231,-0.55684,-0.1901
920,783118214,32,19.72,6,28,2041.28,2030,2048,2029.25,2021,2038,193,0.19059,-0.38468,-0.60446,-0.1885
921,783128398,32,21.28,9,44,2042.0,2036,2052,2028.31,1986,2041,193,0.20567,-0.41337,-0.58248,-0.2048
922,783138585,32,21.78,17,36,2043.81,2040,2050,2029.25,2016,2037,193,0.21050,-0.38468,-0.52723,-0.1920
923,783148761,32,19.94,6,30,2044.25,2016,2101,2028.66,2014,2037,193,0.19272,-0.40269,-0.51380,-0.1766
924,783158932,32,22.44,13,53,2042.59,2028,2053,2029.59,2025,2035,193,0.21688,-0.37430,-0.56447,-0.2036
925,783169125,32,19.97,8,33,2041.84,2031,2052,2030.34,2020,2037,193,0.19301,-0.35140,-0.58736,-0.1812
926,783179329,32,22.06,5,91,2042.63,2027,2061,2030.97,2024,2044,193,0.21321,-0.33217,-0.56325,-0.1909
927,783189501,32,20.69,13,27,2042.78,2034,2048,2028.91,1990,2036,193,0.19997,-0.39505,-0.55867,-0.1907
928,783199693,32,19.72,10,38,2041.31,2032,2049,2031.03,2024,2050,193,0.19059,-0.33034,-0.60354,-0.1780
929,783209923,32,20.31,17,34,2042.66,2030,2054,2029.72,2022,2042,193,0.19630,-0.37033,-0.56233,-0.1831
930,783220136,32,20.34,2,37,2042.22,2038,2050,2031.19,2025,2050,193,0.19659,-0.32546,-0.57576,-0.1772
931,783230313,32,20.28,11,29,2041.94,2030,2053,2031.34,2020,2061,193,0.19601,-0.32088,-0.58431,-0.1774
932,783240521,32,20.47,9,42,2042.5,2038,2061,2029.13,2013,2068,193,0.19784,-0.38834,-0.56722,-0.1890
933,783250717,32,19.38,9,28,2042.13,2027,2052,2031.69,2023,2091,193,0.18731,-0.31020,-0.57851,-0.1665
934,783260955,32,20.09,14,44,2041.97,2030,2059,2028.78,2019,2035,193,0.19417,-0.39902,-0.58339,-0.1908
935,783271166,32,19.56,0,26,2042.56,2037,2048,2030.16,2013,2041,193,0.18905,-0.35690,-0.56538,-0.1744
936,783281345,32,19.44,0,35,2043.44,2035,2057,2030.38,2008,2039,193,0.18789,-0.35018,-0.53852,-0.1670
937,783291566,32,20.5,0,27,2042.41,2040,2056,2030.72,2027,2037,193,0.19813,-0.33980,-0.56996,-0.1803
938,783301731,32,19.88,16,26,2043.16,2037,2052,2031.03,2025,2042,193,0.19214,-0.33034,-0.54707,-0.1686
939,783311943,32,22.41,13,49,2041.44,2032,2052,2028.75,2025,2045,193,0.21659,-0.39994,-0.59957,-0.2165
940,783322149,32,20.63,12,27,2041.22,2025,2051,2027.97,1992,2035,193,0.19939,-0.42375,-0.60629,-0.2054
941,783332351,32,17.94,0,37,2044.59,2040,2066,2028.41,2008,2036,193,0.17339,-0.41032,-0.50342,-0.1584
942,783342543,32,20.97,10,64,2041.69,2033,2048,2029.63,2018,2038,193,0.20268,-0.37308,-0.59194,-0.1956
943,783352755,32,20.09,3,40,2041.97,2035,2048,2030.0,2025,2041,193,0.19417,-0.36178,-0.58339,-0.1835
944,783362938,32,21.88,14,46,2042.63,2037,2051,2029.09,2020,2037,193,0.21147,-0.38956,-0.56325,-0.2015
945,783373150,32,20.59,0,37,2042.94,2037,2049,2029.41,2011,2049,193,0.19900,-0.37979,-0.55378,-0.1858
946,783383348,32,20.94,18,36,2041.91,2035,2049,2029.75,2017,2063,193,0.20239,-0.36941,-0.58523,-0.1932
947,783393512,32,20.72,0,34,2042.09,2026,2051,2029.69,2024,2037,193,0.20026,-0.37125,-0.57973,-0.1904
948,783403707,32,19.5,12,27,2041.94,2029,2050,2029.47,2012,2041,193,0.18847,-0.37796,-0.58431,-0.1814
949,783413893,32,20.31,16,32,2042.41,2029,2052,2028.53,2006,2035,193,0.19630,-0.40665,-0.56996,-0.1917
950,783424117,32,19.69,4,36,2041.47,2030,2049,2030.34,2024,2035,193,0.19030,-0.35140,-0.59866,-0.1808
951,783434302,32,18.38,1,25,2045.59,2038,2123,2029.16,2020,2041,193,0.17764,-0.38742,-0.47289,-0.1528
952,783444486,32,26.34,12,145,2042.56,2038,2049,2030.91,2027,2036,193,0.25458,-0.33400,-0.56538,-0.2290
953,783454663,32,19.78,11,30,2042.94,2028,2056,2030.41,2021,2048,193,0.19117,-0.34927,-0.55378,-0.1726
954,783464822,32,20.47,3,45,2041.97,2019,2049,2030.06,2017,2052,193,0.19784,-0.35995,-0.58339,-0.1866
955,783475032,32,21.47,12,32,2041.91,2034,2049,2029.53,2024,2039,193,0.20751,-0.37613,-0.58523,-0.1995
956,783485250,32,19.53,10,29,2042.56,2037,2068,2029.72,2014,2054,193,0.18876,-0.37033,-0.56538,-0.1766
957,783495455,32,20.19,12,32,2043.19,2033,2059,2030.03,2017,2037,193,0.19514,-0.36087,-0.54615,-0.1770
958,783505660,32,19.44,0,29,2042.53,2033,2054,2030.13,2014,2054,193,0.18789,-0.35781,-0.56630,-0.1736
959,783515871,32,20.63,16,36,2041.88,2032,2050,2029.88,2024,2035,193,0.19939,-0.36545,-0.58614,-0.1897
960,783526059,32,20.5,12,27,2045.03,2035,2132,2030.31,2020,2049,193,0.19813,-0.35232,-0.48999,-0.1669
961,783536239,32,20.5,13,28,2041.38,2032,2048,2031.09,2026,2044,193,0.19813,-0.32851,-0.60140,-0.1842
962,783546445,32,19.66,4,38,2041.94,2035,2049,2029.47,2024,2045,193,0.19001,-0.37796,-0.58431,-0.1828
963,783556662,32,20.0,10,29,2041.56,2027,2048,2028.13,1987,2042,193,0.19330,-0.41886,-0.59591,-0.1962
964,783566826,32,20.94,14,35,2040.63,2028,2051,2029.09,2019,2038,193,0.20239,-0.38956,-0.62430,-0.2052
965,783577009,32,22.38,13,37,2041.91,2036,2056,2029.69,2021,2038,193,0.21630,-0.37125,-0.58523,-0.2069
966,783587220,32,20.91,17,31,2041.38,2025,2048,2030.56,2017,2036,193,0.20210,-0.34469,-0.60140,-0.1912
967,783597425,32,19.22,0,27,2042.5,2038,2060,2029.63,2024,2059,193,0.18576,-0.37308,-0.56722,-0.1747
968,783607618,32,21.5,16,42,2041.66,2037,2048,2030.69,2022,2038,193,0.20780,-0.34072,-0.59286,-0.1940
969,783617795,32,21.13,16,64,2043.34,2026,2066,2030.91,2027,2040,193,0.20422,-0.33400,-0.54157,-0.1788
970,783627960,32,21.25,17,30,2041.5,2036,2072,2030.13,2020,2035,193,0.20538,-0.35781,-0.59774,-0.1963
971,783638109,32,19.53,12,27,2040.41,2035,2048,2030.03,2009,2040,193,0.18876,-0.36087,-0.63101,-0.1872
972,783648325,32,20.66,12,36,2040.59,2027,2048,2029.78,2026,2037,193,0.19968,-0.36850,-0.62552,-0.1985
973,783658522,32,19.16,3,28,2040.63,2037,2045,2030.56,2027,2036,193,0.18518,-0.34469,-0.62430,-0.1794
974,783668695,32,19.53,4,36,2040.97,2032,2048,2032.38,2006,2061,193,0.18876,-0.28913,-0.61392,-0.1705
975,783678897,32,19.38,14,25,2040.44,2026,2050,2033.63,2025,2146,193,0.18731,-0.25098,-0.63010,-0.1650
976,783689099,32,18.13,0,29,2042.28,2037,2060,2029.63,2012,2040,193,0.17523,-0.37308,-0.57393,-0.1659
977,783699308,32,20.31,0,51,2037.63,1939,2046,2031.0,2026,2037,193,0.19630,-0.33126,-0.71587,-0.2055
978,783709467,32,20.66,13,28,2042.34,2037,2050,2027.91,1953,2042,193,0.19968,-0.42558,-0.57210,-0.1992
979,783719638,32,20.84,0,32,2041.56,2036,2050,2028.91,2020,2036,193,0.20142,-0.39505,-0.59591,-0.1996
980,783729824,32,20.06,15,27,2040.38,2029,2051,2030.63,2018,2058,193,0.19388,-0.34255,-0.63193,-0.1889
981,783740033,32,20.09,14,30,2041.94,2028,2058,2030.97,2026,2037,193,0.19417,-0.33217,-0.58431,-0.1780
982,783755723,32,20.0,13,31,2042.16,2033,2057,2029.06,2019,2035,193,0.19330,-0.39048,-0.57759,-0.1871
983,783765998,32,19.75,0,50,2039.47,2024,2048,2030.0,2022,2049,193,0.19088,-0.36178,-0.65971,-0.1950
984,783776199,32,20.53,9,35,2040.78,2012,2051,2029.34,1995,2035,193,0.19842,-0.38193,-0.61972,-0.1987
985,783786413,32,20.97,16,35,2041.22,2032,2055,2028.19,2009,2038,193,0.20268,-0.41703,-0.60629,-0.2074
986,783796690,32,20.16,8,34,2042.56,2027,2075,2030.5,2022,2057,193,0.19485,-0.34652,-0.56538,-0.1777
987,783806872,32,20.22,16,26,2040.63,2030,2048,2030.84,2022,2049,193,0.19543,-0.33614,-0.62430,-0.1877
988,783817092,32,20.78,14,32,2042.91,2028,2069,2030.09,2002,2037,193,0.20084,-0.35904,-0.55470,-0.1835
989,783827266,32,21.0,14,28,2040.06,2029,2045,2032.31,2006,2076,193,0.20297,-0.29127,-0.64170,-0.1894
990,783837474,32,21.78,16,52,2042.47,2037,2049,2030.81,2006,2046,193,0.21050,-0.33706,-0.56813,-0.1905
991,783847671,32,20.63,17,35,2041.53,2035,2049,2029.72,2022,2041,193,0.19939,-0.37033,-0.59682,-0.1928
992,783857879,32,19.97,12,30,2041.88,2022,2056,2029.53,2014,2036,193,0.19301,-0.37613,-0.58614,-0.1857
993,783868097,32,20.84,10,30,2041.91,2020,2056,2029.88,2024,2048,193,0.20142,-0.36545,-0.58523,-0.1915
994,783878320,32,20.03,12,26,2042.31,2036,2053,2031.22,2025,2042,193,0.19359,-0.32454,-0.57302,-0.1738
995,783888515,32,19.88,12,26,2041.47,2024,2052,2029.59,2025,2038,193,0.19214,-0.37430,-0.59866,-0.1869
996,783898684,32,20.66,2,33,2042.16,2018,2051,2030.75,2022,2041,193,0.19968,-0.33889,-0.57759,-0.1830
997,783908861,32,19.88,3,28,2041.88,2026,2071,2030.69,2020,2037,193,0.19214,-0.34072,-0.58614,-0.1781
998,783919052,32,19.88,9,27,2041.31,2032,2050,2028.53,2011,2036,193,0.19214,-0.40665,-0.60354,-0.1941
999,783929233,32,19.16,1,26,2042.13,2022,2052,2030.25,2026,2053,193,0.18518,-0.35415,-0.57851,-0.1727
1000,783939375,32,19.59,2,28,2042.19,2021,2050,2029.69,2001,2041,193,0.18934,-0.37125,-0.57668,-0.1795
1001,783949591,32,19.72,13,34,2041.75,2032,2048,2025.59,1916,2035,193,0.19059,-0.49640,-0.59011,-0.2071
1002,783959780,32,19.63,2,32,2041.34,2002,2060,2029.88,2011,2048,193,0.18972,-0.36545,-0.60262,-0.1837
1003,783969979,32,18.94,0,26,2041.34,2025,2048,2029.84,2016,2043,193,0.18306,-0.36667,-0.60262,-0.1774
1004,783980148,32,21.16,10,61,2042.47,2036,2051,2030.09,2014,2043,193,0.20451,-0.35904,-0.56813,-0.1896
1005,783990383,32,19.22,0,37,2042.03,2028,2053,2030.41,2015,2062,193,0.18576,-0.34927,-0.58156,-0.1729
1006,784000577,32,20.78,14,28,2042.19,2037,2048,2031.81,2024,2060,193,0.20084,-0.30653,-0.57668,-0.1774
1007,784010782,32,22.16,14,43,2042.5,2037,2048,2030.94,2025,2044,193,0.21418,-0.33309,-0.56722,-0.1928
1008,784020998,32,19.38,8,26,2042.03,2034,2053,2030.72,2018,2051,193,0.18731,-0.33980,-0.58156,-0.1726
1009,784031226,32,19.81,9,27,2042.03,2033,2049,2030.69,2021,2048,193,0.19146,-0.34072,-0.58156,-0.1766
1010,784041433,32,20.34,14,27,2042.91,2026,2058,2031.47,1993,2074,193,0.19659,-0.31691,-0.55470,-0.1713
1011,784051603,32,20.88,13,48,2045.19,2036,2126,2030.72,2025,2050,193,0.20181,-0.33980,-0.48510,-0.1665
1012,784061820,32,20.66,16,31,2041.25,2035,2050,2030.28,2026,2041,193,0.19968,-0.35324,-0.60537,-0.1914
1013,784072029,32,19.97,15,27,2043.5,2037,2067,2029.97,2003,2037,193,0.19301,-0.36270,-0.53669,-0.1736
1014,784082197,32,22.66,15,50,2043.88,2034,2084,2028.94,2020,2037,193,0.21901,-0.39414,-0.52509,-0.2013
1015,784092412,32,20.13,13,26,2040.53,1971,2049,2029.81,2021,2038,193,0.19456,-0.36758,-0.62735,-0.1936
1016,784102622,32,19.06,2,28,2043.25,2040,2049,2029.97,2019,2036,193,0.18421,-0.36270,-0.54432,-0.1671
1017,784112812,32,18.63,6,26,2042.03,2030,2050,2030.44,2024,2043,193,0.18006,-0.34835,-0.58156,-0.1674
1018,784123014,32,19.25,6,27,2042.31,2026,2049,2029.28,2026,2038,193,0.18605,-0.38376,-0.57302,-0.1780
1019,784133206,32,18.81,14,25,2042.19,2032,2048,2030.31,2026,2038,193,0.18180,-0.35232,-0.57668,-0.1689
1020,784143402,32,19.69,8,28,2042.56,2036,2050,2029.91,2005,2057,193,0.19030,-0.36453,-0.56538,-0.1770
1021,784153587,32,22.34,10,50,2041.84,2013,2056,2028.56,2014,2037,193,0.21592,-0.40574,-0.58736,-0.2144
1022,784163781,32,21.03,16,27,2043.66,2037,2075,2029.03,2019,2036,193,0.20325,-0.39139,-0.53181,-0.1876
1023,784173967,32,20.41,13,56,2040.81,2029,2049,2028.06,2018,2036,193,0.19726,-0.42100,-0.61880,-0.2051
1024,784184164,32,20.84,10,58,2041.78,2034,2069,2028.81,2026,2034,193,0.20142,-0.39811,-0.58919,-0.1989
1025,784194433,32,20.47,9,28,2041.44,2029,2050,2030.44,2019,2049,193,0.19784,-0.34835,-0.59957,-0.1875
1026,784204650,32,19.75,5,28,2043.88,2028,2062,2029.34,2003,2045,193,0.19088,-0.38193,-0.52509,-0.1731
1027,784214818,32,20.03,9,49,2041.34,2033,2050,2031.31,2024,2054,193,0.19359,-0.32179,-0.60262,-0.1790
1028,784225034,32,20.13,0,32,2041.13,2003,2062,2028.09,1999,2035,193,0.19456,-0.42009,-0.60903,-0.2002
1029,784235250,32,21.19,8,55,2043.63,2033,2077,2028.97,1977,2039,193,0.20480,-0.39322,-0.53272,-0.1896
1030,784245445,32,19.0,0,30,2041.59,2037,2061,2029.91,2009,2035,193,0.18363,-0.36453,-0.59499,-0.1762
1031,784255623,32,22.41,17,44,2041.91,2031,2053,2030.91,2019,2037,193,0.21659,-0.33400,-0.58523,-0.1991
1032,784265810,32,20.19,11,29,2045.19,2032,2091,2029.97,2022,2037,193,0.19514,-0.36270,-0.48510,-0.1654
1033,784276014,32,22.34,14,71,2042.28,2036,2048,2027.38,1916,2044,193,0.21592,-0.44176,-0.57393,-0.2193
1034,784286241,32,20.31,11,38,2042.63,2037,2049,2030.81,2024,2041,193,0.19630,-0.33706,-0.56325,-0.1767
1035,784296442,32,19.69,0,27,2042.38,2032,2050,2030.0,2024,2040,193,0.19030,-0.36178,-0.57088,-0.1775
1036,784306597,32,19.38,0,33,2042.47,2035,2056,2031.66,2017,2053,193,0.18731,-0.31111,-0.56813,-0.1647
1037,784316768,32,18.78,15,26,2043.63,2040,2064,2030.69,2027,2048,193,0.18151,-0.34072,-0.53272,-0.1585
1038,784326975,32,21.75,9,35,2041.13,2025,2073,2029.19,2017,2036,193,0.21021,-0.38651,-0.60903,-0.2093
1039,784337148,32,22.28,16,52,2041.22,2031,2050,2030.78,2026,2043,193,0.21534,-0.33797,-0.60629,-0.2033
1040,784347356,32,20.0,8,27,2042.06,2027,2048,2029.59,2021,2037,193,0.19330,-0.37430,-0.58065,-0.1846
1041,784357517,32,19.47,0,27,2043.34,2031,2065,2029.88,2021,2037,193,0.18818,-0.36545,-0.54157,-0.1707
1042,784367724,32,20.38,6,26,2044.97,2038,2078,2029.34,2005,2035,193,0.19697,-0.38193,-0.49182,-0.1721
1043,784377932,32,19.63,16,26,2041.16,2019,2063,2030.78,2025,2038,193,0.18972,-0.33797,-0.60812,-0.1795
1044,784388123,32,20.47,13,27,2041.22,2035,2048,2030.78,2009,2050,193,0.19784,-0.33797,-0.60629,-0.1868
1045,784398323,32,20.88,8,36,2041.75,2030,2048,2031.59,2027,2038,193,0.20181,-0.31325,-0.59011,-0.1823
1046,784408481,32,20.44,2,37,2043.38,2029,2066,2029.47,2014,2036,193,0.19755,-0.37796,-0.54035,-0.1814
1047,784418681,32,19.47,11,25,2043.69,2037,2066,2029.84,2021,2042,193,0.18818,-0.36667,-0.53089,-0.1689
1048,784428883,32,19.53,16,35,2041.66,2035,2052,2031.81,2021,2057,193,0.18876,-0.30653,-0.59286,-0.1698
1049,784439070,32,20.28,2,36,2038.38,1916,2050,2029.75,2021,2044,193,0.19601,-0.36941,-0.69298,-0.2082
1050,784449234,32,21.19,9,36,2041.94,2031,2058,2028.56,2002,2036,193,0.20480,-0.40574,-0.58431,-0.2028
1051,784459433,32,18.91,0,26,2041.91,2037,2049,2030.34,2020,2059,193,0.18277,-0.35140,-0.58523,-0.1712
1052,784469636,32,20.69,9,40,2041.91,2037,2059,2030.41,2019,2043,193,0.19997,-0.34927,-0.58523,-0.1869
1053,784479824,32,19.47,11,48,2040.81,2028,2048,2029.94,2022,2044,193,0.18818,-0.36361,-0.61880,-0.1849
1054,784490043,32,22.84,15,60,2044.19,2035,2097,2029.59,2009,2038,193,0.22075,-0.37430,-0.51563,-0.1964
1055,784500261,32,19.84,11,28,2043.09,2031,2058,2031.09,2011,2037,193,0.19175,-0.32851,-0.54921,-0.1683
1056,784510445,32,19.59,8,28,2042.53,2037,2049,2030.91,2018,2037,193,0.18934,-0.33400,-0.56630,-0.1705
1057,784520662,32,19.59,0,41,2042.19,2028,2058,2030.03,2024,2036,193,0.18934,-0.36087,-0.57668,-0.1775
1058,784530862,32,21.81,9,51,2043.28,2038,2057,2031.25,2020,2050,193,0.21079,-0.32363,-0.54341,-0.1828
1059,784541055,32,20.97,16,40,2042.78,2035,2070,2030.56,2022,2038,193,0.20268,-0.34469,-0.55867,-0.1831
1060,784551246,32,20.06,13,27,2044.38,2040,2049,2030.59,2024,2040,193,0.19388,-0.34377,-0.50983,-0.1655
1061,784561460,32,19.25,0,28,2042.53,2022,2050,2027.38,1989,2036,193,0.18605,-0.44176,-0.56630,-0.1876
1062,784571643,32,19.84,14,28,2043.28,2036,2049,2030.19,2022,2037,193,0.19175,-0.35598,-0.54341,-0.1725
1063,784581825,32,19.75,10,28,2042.66,2035,2051,2029.5,2014,2067,193,0.19088,-0.37704,-0.56233,-0.1793
1064,784592009,32,20.38,17,37,2042.16,2036,2049,2029.09,2020,2034,193,0.19697,-0.38956,-0.57759,-0.1905
1065,784602209,32,19.03,14,27,2042.53,2026,2051,2029.91,2001,2043,193,0.18392,-0.36453,-0.56630,-0.1712
1066,784612417,32,20.88,9,42,2040.94,2024,2050,2028.84,1993,2066,193,0.20181,-0.39719,-0.61483,-0.2042
1067,784622586,32,20.63,0,29,2043.66,2040,2062,2030.09,2012,2037,193,0.19939,-0.35904,-0.53181,-0.1776
1068,784632781,32,19.88,0,33,2043.41,2036,2056,2028.88,2011,2042,193,0.19214,-0.39597,-0.53944,-0.1797
1069,784642960,32,19.25,0,26,2041.09,2020,2056,2030.31,2014,2058,193,0.18605,-0.35232,-0.61026,-0.1791
1070,784653139,32,20.63,4,38,2043.41,2038,2054,2028.94,1995,2036,193,0.19939,-0.39414,-0.53944,-0.1861
1071,784663348,32,20.19,12,26,2044.13,2037,2057,2031.81,2021,2104,193,0.19514,-0.30653,-0.51746,-0.1608
1072,784673571,32,19.91,6,28,2043.72,2038,2060,2026.13,1941,2038,193,0.19243,-0.47991,-0.52998,-0.1943
1073,784683766,32,21.25,11,62,2044.06,2034,2060,2029.06,2005,2036,193,0.20538,-0.39048,-0.51960,-0.1869
1074,784693936,32,21.47,16,35,2041.94,2029,2057,2030.28,2020,2037,193,0.20751,-0.35324,-0.58431,-0.1945
1075,784704167,32,20.44,11,43,2041.88,2029,2054,2030.94,2025,2057,193,0.19755,-0.33309,-0.58614,-0.1816
1076,784714371,32,19.97,0,29,2040.13,2009,2049,2034.22,2026,2102,193,0.19301,-0.23297,-0.63956,-0.1684
1077,784724568,32,22.81,6,58,2041.94,2022,2049,2030.75,2022,2038,193,0.22046,-0.33889,-0.58431,-0.2035
1078,784734725,32,21.44,12,35,2041.72,2028,2049,2028.63,2004,2038,193,0.20722,-0.40360,-0.59103,-0.2061
1079,784744929,32,19.13,10,26,2040.63,2037,2048,2030.41,2022,2061,193,0.18489,-0.34927,-0.62430,-0.1800
1080,784755137,32,19.88,12,38,2043.16,2038,2061,2029.66,2004,2052,193,0.19214,-0.37216,-0.54707,-0.1766
1081,784765342,32,20.44,0,59,2042.88,2028,2066,2030.19,2025,2038,193,0.19755,-0.35598,-0.55562,-0.1801
1082,784775515,32,19.34,16,26,2042.25,2034,2053,2031.16,2027,2050,193,0.18692,-0.32637,-0.57485,-0.1685
1083,784785714,32,19.94,15,27,2041.09,2030,2048,2027.88,1940,2056,193,0.19272,-0.42650,-0.61026,-0.1998
1084,784795972,32,19.91,0,29,2043.72,2039,2048,2030.91,2020,2054,193,0.19243,-0.33400,-0.52998,-0.1663
1085,784806154,32,19.06,0,26,2042.47,2037,2056,2029.34,1986,2049,193,0.18421,-0.38193,-0.56813,-0.1750
1086,784816362,32,21.81,14,32,2040.66,1999,2048,2030.75,2021,2056,193,0.21079,-0.33889,-0.62338,-0.2028
1087,784826538,32,18.59,0,26,2042.38,2037,2050,2028.72,2016,2036,193,0.17967,-0.40085,-0.57088,-0.1746
1088,784836743,32,20.44,17,27,2041.63,2018,2056,2029.59,2017,2037,193,0.19755,-0.37430,-0.59377,-0.1912
1089,784846929,32,19.97,8,49,2041.25,2024,2048,2030.28,2020,2041,193,0.19301,-0.35324,-0.60537,-0.1850
1090,784857092,32,20.13,0,38,2043.03,2038,2058,2029.97,2022,2037,193,0.19456,-0.36270,-0.55104,-0.1778
1091,784867276,32,21.03,12,27,2042.03,2035,2048,2030.03,2024,2041,193,0.20325,-0.36087,-0.58156,-0.1916
1092,784877486,32,19.44,10,27,2041.47,2022,2051,2029.84,2025,2035,193,0.18789,-0.36667,-0.59866,-0.1814
1093,784887662,32,20.09,11,31,2043.03,2026,2060,2030.09,2017,2036,193,0.19417,-0.35904,-0.55104,-0.1767
1094,784897871,32,20.0,0,41,2043.0,2034,2061,2029.44,2022,2041,193,0.19330,-0.37888,-0.55195,-0.1799
1095,784908012,32,20.53,1,29,2041.22,2036,2048,2030.38,2022,2043,193,0.19842,-0.35018,-0.60629,-0.1898
1096,784918203,32,20.34,0,34,2042.97,2037,2050,2029.94,2025,2042,193,0.19659,-0.36361,-0.55287,-0.1802
1097,784928402,32,20.38,2,52,2041.78,2033,2053,2029.84,2016,2053,193,0.19697,-0.36667,-0.58919,-0.1883
1098,784938580,32,19.84,4,34,2042.47,2035,2052,2030.84,2024,2041,193,0.19175,-0.33614,-0.56813,-0.1734
1099,784948757,32,19.81,4,33,2041.88,2024,2060,2026.53,1923,2036,193,0.19146,-0.46770,-0.58614,-0.2018
1100,784958950,32,21.19,0,30,2041.06,2035,2050,2030.22,2026,2038,193,0.20480,-0.35507,-0.61117,-0.1979
1101,784969154,32,19.97,0,28,2043.75,2035,2051,2032.47,2021,2056,193,0.19301,-0.28639,-0.52906,-0.1574
1102,784979322,32,19.81,0,36,2042.25,2034,2053,2030.5,2017,2036,193,0.19146,-0.34652,-0.57485,-0.1764
1103,784989485,32,21.06,2,46,2041.63,2028,2049,2030.66,2014,2041,193,0.20354,-0.34164,-0.59377,-0.1904
1104,784999680,32,19.69,14,29,2042.22,2030,2050,2030.91,2026,2052,193,0.19030,-0.33400,-0.57576,-0.1731
1105,785009873,32,20.38,5,42,2043.06,2038,2068,2030.25,2000,2048,193,0.19697,-0.35415,-0.55012,-0.1781
1106,785020042,32,20.97,13,26,2041.09,2025,2049,2028.09,1968,2035,193,0.20268,-0.42009,-0.61026,-0.2088
1107,785030240,32,19.75,0,33,2042.09,2036,2049,2030.22,2017,2045,193,0.19088,-0.35507,-0.57973,-0.1784
1108,785040433,32,20.78,13,32,2043.22,2029,2104,2030.5,2022,2036,193,0.20084,-0.34652,-0.54524,-0.1791
1109,785050629,32,18.63,6,26,2042.31,2036,2050,2031.69,2022,2040,193,0.18006,-0.31020,-0.57302,-0.1590
1110,785060827,32,20.56,14,34,2042.59,2033,2053,2029.31,2020,2036,193,0.19871,-0.38284,-0.56447,-0.1882
1111,785071060,32,21.38,14,43,2042.5,2034,2053,2030.13,2019,2060,193,0.20664,-0.35781,-0.56722,-0.1911
1112,785081231,32,22.94,16,70,2041.53,2029,2050,2031.97,2024,2043,193,0.22172,-0.30165,-0.59682,-0.1992
1113,785091434,32,23.41,15,52,2043.75,2034,2052,2029.91,2021,2052,193,0.22626,-0.36453,-0.52906,-0.2022
1114,785101629,32,21.44,13,32,2043.34,2039,2058,2030.47,2026,2039,193,0.20722,-0.34744,-0.54157,-0.1842
1115,785111795,32,21.44,8,34,2042.28,2013,2058,2028.81,2015,2035,193,0.20722,-0.39811,-0.57393,-0.2014
1116,785121975,32,22.22,16,47,2042.69,2032,2067,2031.97,2022,2100,193,0.21476,-0.30165,-0.56142,-0.1853
1117,785132168,32,20.75,6,27,2043.84,2036,2073,2031.22,2024,2038,193,0.20055,-0.32454,-0.52631,-0.1706
1118,785142367,32,19.66,10,36,2042.22,2035,2049,2029.56,2018,2060,193,0.19001,-0.37521,-0.57576,-0.1807
1119,785152584,32,18.94,2,37,2043.16,2035,2056,2031.16,2025,2040,193,0.18306,-0.32637,-0.54707,-0.1599
1120,785162761,32,19.53,6,28,2042.78,2034,2050,2028.19,2003,2035,193,0.18876,-0.41703,-0.55867,-0.1842
1121,785172999,32,20.69,17,28,2041.69,2037,2050,2028.31,2021,2035,193,0.19997,-0.41337,-0.59194,-0.2010
1122,785183202,32,19.72,12,26,2042.94,2036,2080,2030.22,2013,2043,193,0.19059,-0.35507,-0.55378,-0.1732
1123,785193388,32,23.09,12,48,2043.41,2038,2050,2030.31,2026,2049,193,0.22316,-0.35232,-0.53944,-0.1990
1124,785203571,32,19.5,0,26,2041.19,2035,2053,2030.41,2025,2037,193,0.18847,-0.34927,-0.60720,-0.1803
1125,785213749,32,21.47,11,43,2041.78,2035,2049,2028.94,2002,2036,193,0.20751,-0.39414,-0.58919,-0.2040
1126,785223958,32,19.0,2,26,2039.16,2020,2048,2029.06,2013,2042,193,0.18363,-0.39048,-0.66917,-0.1946
1127,785234135,32,21.5,15,48,2043.19,2040,2048,2030.47,2023,2038,193,0.20780,-0.34744,-0.54615,-0.1857
1128,785244334,32,20.69,0,51,2040.63,2019,2050,2029.94,2019,2042,193,0.19997,-0.36361,-0.62430,-0.1976
1129,785254505,32,20.25,1,32,2041.78,2028,2057,2031.0,2023,2050,193,0.19572,-0.33126,-0.58919,-0.1801
1130,785264656,32,21.25,11,36,2040.84,2025,2048,2030.31,2018,2041,193,0.20538,-0.35232,-0.61789,-0.1993
1131,785274846,32,20.44,13,28,2041.81,2032,2051,2030.31,2025,2037,193,0.19755,-0.35232,-0.58828,-0.1858
1132,785285020,32,19.5,0,27,2042.69,2037,2068,2030.59,2027,2044,193,0.18847,-0.34377,-0.56142,-0.1706
1133,785295195,32,20.5,11,27,2041.94,2034,2048,2030.84,2019,2053,193,0.19813,-0.33614,-0.58431,-0.1824
1134,785305420,32,21.19,17,29,2041.69,2030,2051,2030.44,2013,2065,193,0.20480,-0.34835,-0.59194,-0.1926
1135,785315627,32,21.44,14,56,2041.16,2034,2051,2029.53,2016,2040,193,0.20722,-0.37613,-0.60812,-0.2040
1136,785325855,32,20.38,4,30,2041.44,2034,2046,2030.69,2019,2037,193,0.19697,-0.34072,-0.59957,-0.1852
1137,785336026,32,18.66,0,26,2041.5,2033,2049,2030.22,2022,2041,193,0.18035,-0.35507,-0.59774,-0.1718
1138,785346229,32,19.44,0,30,2041.78,2032,2050,2030.69,2024,2038,193,0.18789,-0.34072,-0.58919,-0.1747
1139,785356384,32,20.78,6,32,2040.56,2030,2050,2031.47,2027,2050,193,0.20084,-0.31691,-0.62643,-0.1895
1140,785366563,32,19.72,10,28,2043.22,2030,2069,2030.78,2028,2037,193,0.19059,-0.33797,-0.54524,-0.1683
1141,785376783,32,19.09,0,52,2043.94,2024,2097,2030.56,2021,2039,193,0.18450,-0.34469,-0.52326,-0.1601
1142,785386976,32,19.53,12,26,2042.97,2029,2065,2030.53,2026,2037,193,0.18876,-0.34560,-0.55287,-0.1696
1143,785397165,32,19.5,1,29,2042.03,2038,2061,2032.03,2026,2039,193,0.18847,-0.29982,-0.58156,-0.1661
1144,785407370,32,20.69,17,30,2042.63,2038,2053,2029.91,2009,2054,193,0.19997,-0.36453,-0.56325,-0.1855
1145,785417567,32,20.19,16,27,2041.06,2027,2048,2031.5,2021,2072,193,0.19514,-0.31599,-0.61117,-0.1809
1146,785427780,32,21.0,14,30,2041.97,2029,2049,2029.84,2008,2042,193,0.20297,-0.36667,-0.58339,-0.1928
1147,785437951,32,21.31,15,42,2041.91,2037,2048,2031.16,2025,2043,193,0.20596,-0.32637,-0.58523,-0.1878
1148,785448141,32,20.31,16,32,2042.25,2029,2060,2031.13,2021,2059,193,0.19630,-0.32729,-0.57485,-0.1771
1149,785458317,32,22.91,17,93,2042.28,2036,2050,2030.88,2027,2037,193,0.22143,-0.33492,-0.57393,-0.2012
1150,785468523,32,19.53,0,34,2042.47,2020,2065,2029.31,2007,2037,193,0.18876,-0.38284,-0.56813,-0.1795
1151,785478692,32,19.0,0,26,2043.75,2037,2050,2029.47,2005,2038,193,0.18363,-0.37796,-0.52906,-0.1666
1152,785488856,32,19.06,0,26,2042.19,2037,2049,2030.09,2022,2042,193,0.18421,-0.35904,-0.57668,-0.1724
1153,785499085,32,19.56,11,28,2043.19,2030,2102,2029.69,2013,2045,193,0.18905,-0.37125,-0.54615,-0.1734
1154,785509276,32,20.03,4,27,2042.06,2036,2051,2029.47,2018,2036,193,0.19359,-0.37796,-0.58065,-0.1856
1155,785519496,32,21.09,13,26,2041.0,2033,2049,2030.91,2016,2041,193,0.20383,-0.33400,-0.61300,-0.1930
1156,785529681,32,19.34,5,56,2043.88,2033,2096,2030.13,2019,2041,193,0.18692,-0.35781,-0.52509,-0.1650
1157,785539859,32,19.81,12,35,2042.69,2038,2050,2030.41,2025,2042,193,0.19146,-0.34927,-0.56142,-0.1744
1158,785550054,32,19.72,0,41,2042.88,2030,2048,2029.63,2020,2042,193,0.19059,-0.37308,-0.55562,-0.1770
1159,785560259,32,20.63,9,40,2040.69,2019,2049,2030.13,2010,2037,193,0.19939,-0.35781,-0.62247,-0.1955
1160,785570473,32,20.41,17,27,2043.13,2040,2048,2030.06,2019,2049,193,0.19726,-0.35995,-0.54798,-0.1791
1161,785580676,32,21.19,17,32,2041.63,2032,2052,2030.09,2016,2037,193,0.20480,-0.35904,-0.59377,-0.1951
1162,785590880,32,20.47,13,27,2041.84,2029,2050,2030.13,2027,2035,193,0.19784,-0.35781,-0.58736,-0.1870
1163,785601093,32,21.53,14,27,2042.31,2027,2059,2030.53,2022,2041,193,0.20809,-0.34560,-0.57302,-0.1912
1164,785611332,32,19.94,14,25,2041.69,2025,2049,2029.34,1985,2037,193,0.19272,-0.38193,-0.59194,-0.1877
1165,785621536,32,19.72,3,36,2044.47,2035,2088,2026.53,1938,2038,193,0.19059,-0.46770,-0.50708,-0.1858
1166,785631729,32,19.0,14,27,2043.59,2035,2058,2029.88,2024,2042,193,0.18363,-0.36545,-0.53394,-0.1652
1167,785641900,32,19.81,12,26,2041.34,2027,2053,2029.56,2019,2037,193,0.19146,-0.37521,-0.60262,-0.1872
1168,785652099,32,18.88,0,25,2044.88,2040,2081,2031.28,2020,2043,193,0.18248,-0.32271,-0.49457,-0.1491
1169,785662315,32,20.38,5,39,2043.03,2034,2056,2030.78,2015,2048,193,0.19697,-0.33797,-0.55104,-0.1751
1170,785672513,32,20.69,13,58,2042.94,2030,2056,2030.28,2021,2037,193,0.19997,-0.35324,-0.55378,-0.1814
1171,785682709,32,20.59,15,41,2041.84,2033,2048,2031.5,2026,2050,193,0.19900,-0.31599,-0.58736,-0.1798
1172,785692868,32,20.94,15,26,2043.03,2027,2054,2027.38,1999,2036,193,0.20239,-0.44176,-0.55104,-0.2009
1173,785703087,32,20.5,14,37,2042.5,2025,2050,2031.09,2025,2058,193,0.19813,-0.32851,-0.56722,-0.1775
1174,785713269,32,20.0,8,27,2043.81,2032,2056,2028.25,2006,2037,193,0.19330,-0.41520,-0.52723,-0.1822
1175,785723403,32,20.81,9,42,2040.88,2026,2052,2028.41,2016,2040,193,0.20113,-0.41032,-0.61667,-0.2066
1176,785733576,32,19.94,13,29,2042.78,2038,2048,2029.59,2001,2037,193,0.19272,-0.37430,-0.55867,-0.1798
1177,785743742,32,21.56,16,38,2042.75,2025,2059,2032.72,2026,2113,193,0.20838,-0.27875,-0.55958,-0.1747
1178,785753902,32,20.5,0,36,2042.97,2028,2054,2031.38,2025,2068,193,0.19813,-0.31966,-0.55287,-0.1729
1179,785764096,32,21.0,14,26,2041.34,2013,2050,2029.03,2022,2042,193,0.20297,-0.39139,-0.60262,-0.2018
1180,785774276,32,20.59,12,38,2042.13,2026,2050,2030.06,2025,2042,193,0.19900,-0.35995,-0.57851,-0.1868
1181,785784472,32,19.22,8,27,2043.88,2039,2053,2029.97,2025,2036,193,0.18576,-0.36270,-0.52509,-0.1649
1182,785794657,32,18.81,2,30,2041.75,2034,2049,2031.0,2025,2062,193,0.18180,-0.33126,-0.59011,-0.1675
1183,785804819,32,20.38,12,42,2042.69,2035,2051,2030.31,2022,2038,193,0.19697,-0.35232,-0.56142,-0.1800
1184,785815039,32,20.22,14,27,2042.66,2033,2058,2031.41,2026,2070,193,0.19543,-0.31874,-0.56233,-0.1722
1185,785825246,32,20.28,6,42,2041.78,2028,2050,2029.34,2015,2037,193,0.19601,-0.38193,-0.58919,-0.1903
1186,785835429,32,19.78,13,29,2043.03,2037,2052,2028.81,2016,2037,193,0.19117,-0.39811,-0.55104,-0.1815
1187,785845639,32,21.69,18,34,2042.69,2036,2051,2029.09,2022,2038,193,0.20963,-0.38956,-0.56142,-0.1994
1188,785855847,32,20.5,15,28,2043.22,2038,2050,2031.53,2020,2048,193,0.19813,-0.31508,-0.54524,-0.1705
1189,785866029,32,19.5,9,32,2044.19,2037,2052,2032.0,2024,2059,193,0.18847,-0.30073,-0.51563,-0.1539
1190,785876179,32,19.13,5,30,2041.78,2036,2051,2031.0,2018,2051,193,0.18489,-0.33126,-0.58919,-0.1702
1191,785886358,32,20.06,14,33,2043.56,2033,2081,2030.69,2025,2042,193,0.19388,-0.34072,-0.53486,-0.1698
1192,785896540,32,19.28,6,25,2042.28,2035,2052,2029.56,2024,2040,193,0.18634,-0.37521,-0.57393,-0.1769
1193,785906769,32,19.63,0,38,2042.41,2034,2051,2031.53,2024,2051,193,0.18972,-0.31508,-0.56996,-0.1679
1194,785916952,32,20.59,13,30,2042.06,2033,2052,2030.47,2025,2036,193,0.19900,-0.34744,-0.58065,-0.1847
1195,785927158,32,17.5,0,25,2041.69,2033,2060,2029.78,2022,2035,193,0.16914,-0.36850,-0.59194,-0.1624
1196,785937345,32,19.72,13,29,2044.31,2037,2080,2029.75,2008,2043,193,0.19059,-0.36941,-0.51197,-0.1680
1197,785947501,32,21.34,2,45,2043.88,2029,2076,2029.88,2017,2036,193,0.20625,-0.36545,-0.52509,-0.1837
1198,785957658,32,20.0,0,28,2042.16,2034,2050,2029.22,2024,2035,193,0.19330,-0.38559,-0.57759,-0.1862
1199,785967831,32,19.97,11,27,2042.69,2026,2059,2029.63,2024,2038,193,0.19301,-0.37308,-0.56142,-0.1804
1200,785978035,32,19.69,13,28,2043.72,2029,2073,2033.81,2024,2072,193,0.19030,-0.24548,-0.52998,-0.1476
1201,785988210,32,20.84,13,42,2042.66,2035,2049,2032.28,2022,2059,193,0.20142,-0.29219,-0.56233,-0.1721
1202,785998402,32,22.56,12,66,2044.88,2038,2065,2033.13,2024,2054,193,0.21804,-0.26624,-0.49457,-0.1659
1203,786008599,32,21.16,15,59,2045.38,2037,2064,2031.53,2025,2053,193,0.20451,-0.31508,-0.47930,-0.1625
1204,786018812,32,21.03,9,33,2042.81,2036,2059,2028.16,1998,2037,193,0.20325,-0.41795,-0.55775,-0.1983
1205,786029032,32,21.16,16,43,2040.78,1983,2058,2031.47,2026,2054,193,0.20451,-0.31691,-0.61972,-0.1916
1206,786039249,32,20.38,10,35,2044.38,2037,2076,2031.16,2019,2053,193,0.19697,-0.32637,-0.50983,-0.1647
1207,786049427,32,20.25,11,42,2043.44,2037,2061,2026.69,1904,2037,193,0.19572,-0.46282,-0.53852,-0.1960
1208,786059635,32,22.88,12,105,2044.47,2030,2081,2029.78,2019,2037,193,0.22114,-0.36850,-0.50708,-0.1936
1209,786069852,32,18.94,0,33,2044.69,2033,2064,2030.22,2017,2036,193,0.18306,-0.35507,-0.50037,-0.1566
1210,786080011,32,20.72,13,56,2041.78,2028,2051,2030.41,2021,2048,193,0.20026,-0.34927,-0.58919,-0.1879
1211,786090204,32,20.28,11,32,2043.75,2028,2051,2031.31,2020,2045,193,0.19601,-0.32179,-0.52906,-0.1668
1212,786100382,32,21.75,15,30,2041.72,2003,2050,2029.44,2007,2037,193,0.21021,-0.37888,-0.59103,-0.2039
1213,786110561,32,20.97,16,28,2043.59,2029,2057,2030.47,2018,2042,193,0.20268,-0.34744,-0.53394,-0.1786
1214,786120749,32,19.38,0,28,2043.41,2037,2072,2029.03,2019,2035,193,0.18731,-0.39139,-0.53944,-0.1744
1215,786130929,32,21.03,10,38,2043.84,2037,2066,2030.38,2022,2042,193,0.20325,-0.35018,-0.52631,-0.1782
1216,786141135,32,20.78,0,26,2043.63,2038,2053,2032.88,2023,2055,193,0.20084,-0.27387,-0.53272,-0.1620
1217,786151334,32,19.84,14,29,2043.34,2040,2050,2029.22,2005,2037,193,0.19175,-0.38559,-0.54157,-0.1778
1218,786161531,32,21.75,14,88,2041.59,1998,2049,2031.44,2027,2039,193,0.21021,-0.31783,-0.59499,-0.1919
1219,786171700,32,20.53,16,27,2042.16,2032,2053,2032.72,2022,2098,193,0.19842,-0.27875,-0.57759,-0.1699
1220,786181908,32,20.16,12,26,2042.16,2025,2072,2031.81,2024,2056,193,0.19485,-0.30653,-0.57759,-0.1723
1221,786192084,32,19.75,14,29,2041.34,1991,2050,2029.53,2004,2037,193,0.19088,-0.37613,-0.60262,-0.1868
1222,786202280,32,20.16,16,26,2044.09,2038,2063,2031.84,2025,2054,193,0.19485,-0.30562,-0.51868,-0.1606
1223,786212484,32,21.38,14,28,2044.91,2038,2065,2029.72,2027,2036,193,0.20664,-0.37033,-0.49365,-0.1785
1224,786222680,32,20.94,15,26,2042.84,2038,2050,2029.97,2013,2036,193,0.20239,-0.36270,-0.55684,-0.1861
1225,786232867,32,20.97,0,68,2042.09,2034,2049,2029.47,2023,2038,193,0.20268,-0.37796,-0.57973,-0.1941
1226,786243055,32,20.5,13,27,2043.5,2034,2051,2030.16,2024,2036,193,0.19813,-0.35690,-0.53669,-0.1770
1227,786253210,32,21.81,15,53,2043.22,2029,2052,2029.75,2024,2040,193,0.21079,-0.36941,-0.54524,-0.1928
1228,786263418,32,20.56,17,30,2043.06,2033,2053,2029.25,2012,2038,193,0.19871,-0.38468,-0.55012,-0.1858
1229,786273619,32,18.53,3,26,2043.38,2040,2050,2030.41,2024,2041,193,0.17909,-0.34927,-0.54035,-0.1593
1230,786283784,32,20.75,2,36,2042.94,2038,2049,2029.47,2022,2036,193,0.20055,-0.37796,-0.55378,-0.1869
1231,786293947,32,19.22,0,27,2042.59,2038,2049,2029.06,2022,2035,193,0.18576,-0.39048,-0.56447,-0.1774
1232,786304152,32,21.34,16,56,2044.81,2041,2060,2030.72,2024,2040,193,0.20625,-0.33980,-0.49670,-0.1725
1233,786314322,32,19.16,4,26,2043.13,2035,2051,2030.72,2025,2035,193,0.18518,-0.33980,-0.54798,-0.1644
1234,786324562,32,18.47,0,33,2044.06,2034,2059,2031.94,2013,2117,193,0.17851,-0.30256,-0.51960,-0.1468
1235,786334758,32,19.69,5,30,2043.44,2028,2061,2031.31,2025,2056,193,0.19030,-0.32179,-0.53852,-0.1637
1236,786344977,32,22.09,13,41,2042.81,2033,2051,2031.06,2022,2040,193,0.21350,-0.32943,-0.55775,-0.1894
1237,786355189,32,20.13,17,32,2043.56,2040,2050,2030.56,2026,2040,193,0.19456,-0.34469,-0.53486,-0.1711
1238,786365376,32,20.34,10,33,2043.41,2027,2057,2030.56,2021,2043,193,0.19659,-0.34469,-0.53944,-0.1738
1239,786375597,32,21.06,16,27,2042.22,2037,2059,2028.69,2016,2042,193,0.20354,-0.40177,-0.57576,-0.1990
1240,786385767,32,20.69,13,46,2043.84,2035,2063,2029.59,2013,2039,193,0.19997,-0.37430,-0.52631,-0.1801
1241,786395980,32,21.0,16,27,2042.09,2033,2049,2029.47,2021,2038,193,0.20297,-0.37796,-0.57973,-0.1944
1242,786406170,32,21.25,12,37,2042.44,2027,2050,2031.69,2016,2069,193,0.20538,-0.31020,-0.56905,-0.1806
1243,786416369,32,20.53,14,30,2040.34,2004,2048,2029.5,2014,2038,193,0.19842,-0.37704,-0.63315,-0.2004
1244,786426568,32,20.13,3,30,2042.13,2027,2050,2030.03,2022,2037,193,0.19456,-0.36087,-0.57851,-0.1828
1245,786436780,32,21.66,10,57,2043.09,2033,2050,2029.41,2016,2038,193,0.20934,-0.37979,-0.54921,-0.1945
1246,786446965,32,21.63,16,46,2042.31,2036,2053,2031.84,2027,2057,193,0.20905,-0.30562,-0.57302,-0.1837
1247,786457166,32,20.53,14,26,2042.44,2033,2050,2028.63,2017,2035,193,0.19842,-0.40360,-0.56905,-0.1930
1248,786467371,32,19.06,16,24,2041.94,2033,2050,2031.38,2021,2043,193,0.18421,-0.31966,-0.58431,-0.1665
1249,786477592,32,20.09,13,32,2043.84,2030,2059,2031.09,1978,2101,193,0.19417,-0.32851,-0.52631,-0.1660
1250,786487784,32,20.31,14,30,2042.53,2029,2051,2032.06,2016,2118,193,0.19630,-0.29890,-0.56630,-0.1698
1251,786497970,32,21.0,16,29,2043.44,2040,2058,2029.28,2004,2035,193,0.20297,-0.38376,-0.53852,-0.1872
1252,786508180,32,19.16,10,32,2044.47,2038,2061,2029.53,2009,2043,193,0.18518,-0.37613,-0.50708,-0.1636
1253,786518373,32,19.25,0,26,2043.5,2037,2053,2030.28,2012,2050,193,0.18605,-0.35324,-0.53669,-0.1656
1254,786528515,32,20.53,17,33,2043.59,2037,2054,2030.34,2027,2040,193,0.19842,-0.35140,-0.53394,-0.1757
1255,786538742,32,19.28,14,25,2044.03,2036,2054,2030.28,2024,2041,193,0.18634,-0.35324,-0.52051,-0.1628
1256,786548940,32,19.03,14,27,2043.59,2034,2053,2030.31,2021,2040,193,0.18392,-0.35232,-0.53394,-0.1630
1257,786559132,32,21.56,12,37,2044.09,2036,2066,2028.44,2025,2036,193,0.20838,-0.40940,-0.51868,-0.1934
1258,786569319,32,18.81,6,26,2042.97,2017,2073,2028.38,2005,2037,193,0.18180,-0.41123,-0.55287,-0.1753
1259,786579546,32,19.09,16,25,2041.66,2018,2050,2030.66,2025,2040,193,0.18450,-0.34164,-0.59286,-0.1724
1260,786589753,32,19.84,2,32,2044.94,2037,2062,2028.84,2022,2038,193,0.19175,-0.39719,-0.49273,-0.1706
1261,786599953,32,22.31,16,34,2043.56,2027,2050,2032.0,2026,2051,193,0.21563,-0.30073,-0.53486,-0.1802
1262,786610147,32,19.66,3,45,2043.16,2037,2058,2030.5,2020,2053,193,0.19001,-0.34652,-0.54707,-0.1698
1263,786620335,32,20.34,0,45,2043.22,2040,2051,2030.44,2025,2036,193,0.19659,-0.34835,-0.54524,-0.1757
1264,786630516,32,20.16,11,26,2043.59,2032,2050,2030.31,1992,2053,193,0.19485,-0.35232,-0.53394,-0.1727
1265,786640698,32,20.88,0,50,2043.06,2033,2052,2032.25,2017,2067,193,0.20181,-0.29310,-0.55012,-0.1702
1266,786650866,32,19.44,0,26,2042.69,2037,2056,2029.75,2025,2037,193,0.18789,-0.36941,-0.56142,-0.1749
1267,786661060,32,22.81,17,72,2043.72,2041,2054,2030.22,2020,2040,193,0.22046,-0.35507,-0.52998,-0.1951
1268,786671239,32,20.84,0,43,2042.88,2027,2049,2027.75,1997,2035,193,0.20142,-0.43046,-0.55562,-0.1986
1269,786681426,32,21.22,0,51,2042.69,2039,2050,2030.44,2008,2051,193,0.20509,-0.34835,-0.56142,-0.1866
1270,786691655,32,21.19,15,41,2041.63,2028,2053,2030.06,2025,2045,193,0.20480,-0.35995,-0.59377,-0.1953
1271,786701843,32,19.69,10,27,2043.91,2040,2056,2030.28,2018,2049,193,0.19030,-0.35324,-0.52418,-0.1670
1272,786712021,32,20.72,8,30,2043.44,2037,2049,2030.19,2021,2038,193,0.20026,-0.35598,-0.53852,-0.1791
1273,786722245,32,21.0,15,44,2042.88,2039,2049,2030.44,2018,2050,193,0.20297,-0.34835,-0.55562,-0.1835
1274,786732450,32,20.22,10,32,2042.56,2037,2049,2032.03,2026,2065,193,0.19543,-0.29982,-0.56538,-0.1691
1275,786742629,32,19.84,9,40,2041.91,2005,2082,2027.47,1977,2035,193,0.19175,-0.43901,-0.58523,-0.1964
1276,786752825,32,21.0,10,37,2042.53,2029,2058,2029.03,1989,2036,193,0.20297,-0.39139,-0.56630,-0.1944
1277,786762994,32,19.03,0,28,2042.16,2034,2049,2028.13,2008,2038,193,0.18392,-0.41886,-0.57759,-0.1833
1278,786773179,32,19.56,9,30,2041.91,2003,2053,2031.47,2017,2051,193,0.18905,-0.31691,-0.58523,-0.1705
1279,786783367,32,20.72,5,52,2041.56,2040,2048,2030.44,2014,2062,193,0.20026,-0.34835,-0.59591,-0.1891
1280,786793581,32,20.0,6,29,2043.34,2027,2065,2030.06,2005,2037,193,0.19330,-0.35995,-0.54157,-0.1743
1281,786803757,32,20.59,14,26,2043.59,2036,2051,2031.44,2025,2049,193,0.19900,-0.31783,-0.53394,-0.1695
1282,786813954,32,20.19,16,26,2042.5,2038,2048,2028.94,2003,2036,193,0.19514,-0.39414,-0.56722,-0.1876
1283,786824137,32,18.0,0,25,2041.97,2038,2049,2030.31,2021,2035,193,0.17397,-0.35232,-0.58339,-0.1628
1284,786834348,32,22.25,14,40,2043.69,2038,2053,2031.0,2025,2049,193,0.21505,-0.33126,-0.53089,-0.1854
1285,786844485,32,19.19,8,26,2042.47,2026,2051,2030.63,2018,2067,193,0.18547,-0.34255,-0.56813,-0.1689
1286,786854674,32,21.31,16,56,2043.19,2037,2053,2030.59,2018,2045,193,0.20596,-0.34377,-0.54615,-0.1833
1287,786864886,32,21.09,0,30,2042.38,2038,2049,2029.75,2018,2038,193,0.20383,-0.36941,-0.57088,-0.1917
1288,786875086,32,20.09,8,27,2042.47,2012,2051,2029.59,2003,2044,193,0.19417,-0.37430,-0.56813,-0.1830
1289,786885282,32,19.94,5,26,2044.28,2037,2097,2030.38,2022,2045,193,0.19272,-0.35018,-0.51288,-0.1663
1290,786895487,32,19.59,8,28,2041.56,2035,2054,2032.63,2021,2072,193,0.18934,-0.28150,-0.59591,-0.1661
1291,786905690,32,20.31,13,27,2042.97,2034,2050,2030.38,2022,2040,193,0.19630,-0.35018,-0.55287,-0.1773
1292,786915878,32,21.41,0,62,2041.94,2022,2059,2028.44,2005,2035,193,0.20693,-0.40940,-0.58431,-0.2056
1293,786926070,32,19.72,17,27,2041.88,2034,2049,2031.25,2022,2059,193,0.19059,-0.32363,-0.58614,-0.1734
1294,786936271,32,20.44,16,28,2043.41,2036,2060,2029.97,2022,2036,193,0.19755,-0.36270,-0.53944,-0.1782
1295,786946470,32,20.56,17,27,2043.0,2037,2050,2030.59,2020,2048,193,0.19871,-0.34377,-0.55195,-0.1780
1296,786956657,32,19.84,5,31,2042.34,2021,2056,2026.88,1949,2037,193,0.19175,-0.45702,-0.57210,-0.1973
1297,786966847,32,19.56,9,42,2041.41,2038,2048,2030.72,2022,2036,193,0.18905,-0.33980,-0.60049,-0.1778
1298,786977056,32,17.69,0,25,2041.19,2034,2049,2029.97,2024,2037,193,0.17097,-0.36270,-0.60720,-0.1658
1299,786987249,32,20.09,0,50,2041.09,2035,2048,2030.22,1984,2060,193,0.19417,-0.35507,-0.61026,-0.1874
1300,786997449,32,19.34,10,27,2041.94,2033,2049,2031.25,2026,2040,193,0.18692,-0.32363,-0.58431,-0.1697
1301,787007650,32,19.97,17,27,2041.44,2024,2058,2029.66,1981,2081,193,0.19301,-0.37216,-0.59957,-0.1876
1302,787017839,32,21.47,16,27,2041.06,2033,2048,2030.09,2015,2037,193,0.20751,-0.35904,-0.61117,-0.2013
1303,787028032,32,22.66,11,41,2042.72,2037,2062,2029.59,2018,2038,193,0.21901,-0.37430,-0.56050,-0.2047
1304,787038231,32,20.41,3,27,2042.84,2039,2049,2031.0,2024,2036,193,0.19726,-0.33126,-0.55684,-0.1752
1305,787048433,32,22.09,13,67,2041.88,2037,2051,2031.06,2027,2041,193,0.21350,-0.32943,-0.58614,-0.1955
1306,787058613,32,20.25,5,30,2040.06,2025,2045,2030.19,2025,2038,193,0.19572,-0.35598,-0.64170,-0.1953
1307,787068805,32,20.16,6,29,2042.31,2028,2061,2030.63,2018,2051,193,0.19485,-0.34255,-0.57302,-0.1784
1308,787079010,32,20.41,8,30,2043.19,2037,2059,2030.69,2024,2036,193,0.19726,-0.34072,-0.54615,-0.1749
1309,787089222,32,21.09,16,35,2041.56,1996,2109,2030.25,2017,2041,193,0.20383,-0.35415,-0.59591,-0.1937
1310,787099410,32,19.38,12,26,2042.13,2035,2065,2028.88,2020,2036,193,0.18731,-0.39597,-0.57851,-0.1825
1311,787109571,32,19.09,8,26,2042.94,2035,2054,2030.97,2024,2044,193,0.18450,-0.33217,-0.55378,-0.1635
1312,787119757,32,20.53,5,34,2044.03,2038,2093,2030.03,2014,2041,193,0.19842,-0.36087,-0.52051,-0.1749
1313,787129940,32,20.91,16,26,2042.25,2036,2048,2029.44,2024,2036,193,0.20210,-0.37888,-0.57485,-0.1927
1314,787140096,32,22.19,17,101,2041.81,2038,2050,2029.59,2018,2040,193,0.21447,-0.37430,-0.58828,-0.2064
1315,787150335,32,21.34,17,36,2042.19,2032,2061,2030.53,2026,2051,193,0.20625,-0.34560,-0.57668,-0.1902
1316,787160527,32,20.78,15,31,2043.47,2040,2053,2031.78,2025,2052,193,0.20084,-0.30745,-0.53761,-0.1697
1317,787170728,32,20.28,12,30,2042.59,2037,2054,2030.78,2024,2040,193,0.19601,-0.33797,-0.56447,-0.1769
1318,787180941,32,20.72,15,41,2043.16,2029,2073,2029.5,2011,2065,193,0.20026,-0.37704,-0.54707,-0.1851
1319,787191114,32,20.91,14,36,2041.28,2038,2048,2031.34,2022,2042,193,0.20210,-0.32088,-0.60446,-0.1870
1320,787201328,32,18.28,2,27,2041.91,2034,2048,2029.5,2022,2041,193,0.17668,-0.37704,-0.58523,-0.1700
1321,787211496,32,18.41,0,50,2044.66,2037,2067,2028.53,2012,2037,193,0.17793,-0.40665,-0.50128,-0.1616
1322,787221671,32,19.72,0,28,2041.94,2035,2048,2029.91,2022,2037,193,0.19059,-0.36453,-0.58431,-0.1808
1323,787231856,32,20.78,13,35,2041.28,2028,2049,2030.97,2012,2051,193,0.20084,-0.33217,-0.60446,-0.1881
1324,787242068,32,20.75,14,57,2042.13,2035,2051,2028.97,2014,2035,193,0.20055,-0.39322,-0.57851,-0.1949
1325,787252257,32,21.13,10,36,2042.81,2038,2048,2030.97,2027,2037,193,0.20422,-0.33217,-0.55775,-0.1817
1326,787262502,32,21.44,4,40,2043.06,2037,2073,2031.19,2026,2058,193,0.20722,-0.32546,-0.55012,-0.1814
1327,787272707,32,19.16,0,35,2041.66,2025,2049,2029.88,2011,2038,193,0.18518,-0.36545,-0.59286,-0.1775
1328,787282881,32,19.97,2,27,2039.94,2016,2048,2030.0,2024,2040,193,0.19301,-0.36178,-0.64536,-0.1944
1329,787293059,32,20.13,16,27,2041.91,2036,2049,2031.0,2022,2040,193,0.19456,-0.33126,-0.58523,-0.1783
1330,787303228,32,20.81,14,29,2043.0,2026,2059,2030.16,2022,2036,193,0.20113,-0.35690,-0.55195,-0.1828
1331,787313387,32,18.75,2,26,2042.5,2028,2058,2030.78,2026,2040,193,0.18122,-0.33797,-0.56722,-0.1640
1332,787323556,32,19.56,16,26,2042.34,2030,2049,2028.97,2005,2038,193,0.18905,-0.39322,-0.57210,-0.1825
1333,787333751,32,20.41,12,28,2041.47,2035,2048,2027.75,2000,2038,193,0.19726,-0.43046,-0.59866,-0.2030
1334,787343945,32,20.97,12,52,2043.56,2040,2065,2030.28,2019,2035,193,0.20268,-0.35324,-0.53486,-0.1800
1335,787354148,32,20.91,16,32,2043.47,2035,2069,2027.22,1952,2036,193,0.20210,-0.44664,-0.53761,-0.1989
1336,787364340,32,20.56,11,32,2043.75,2027,2066,2031.16,2026,2051,193,0.19871,-0.32637,-0.52906,-0.1700
1337,787374508,32,19.53,0,28,2043.19,2036,2049,2030.28,2017,2043,193,0.18876,-0.35324,-0.54615,-0.1698
1338,787384700,32,20.22,16,26,2042.41,2034,2050,2028.72,1979,2037,193,0.19543,-0.40085,-0.56996,-0.1897
1339,787394900,32,20.97,14,29,2042.38,2038,2062,2027.94,2010,2036,193,0.20268,-0.42466,-0.57088,-0.2018
1340,787405126,32,18.72,0,25,2042.31,2031,2058,2029.88,2013,2044,193,0.18093,-0.36545,-0.57302,-0.1698
1341,787415301,32,20.66,0,33,2042.53,2036,2051,2032.63,2020,2070,193,0.19968,-0.28150,-0.56630,-0.1693
1342,787425509,32,19.78,9,34,2041.69,2025,2079,2030.0,2021,2038,193,0.19117,-0.36178,-0.59194,-0.1823
1343,787435675,32,19.78,15,28,2041.41,2031,2048,2030.44,2013,2055,193,0.19117,-0.34835,-0.60049,-0.1814
1344,787445860,32,20.44,10,27,2042.38,2031,2049,2033.0,2026,2113,193,0.19755,-0.27021,-0.57088,-0.1662
1345,787456051,32,21.25,16,31,2043.56,2028,2065,2029.91,2015,2055,193,0.20538,-0.36453,-0.53486,-0.1847
1346,787466224,32,19.56,4,26,2043.34,2037,2061,2031.41,2024,2045,193,0.18905,-0.31874,-0.54157,-0.1626
1347,787476427,32,24.28,0,146,2043.41,2033,2049,2030.94,2024,2037,193,0.23467,-0.33309,-0.53944,-0.2048
1348,787486626,32,20.38,11,42,2042.19,2032,2049,2033.22,2022,2068,193,0.19697,-0.26349,-0.57668,-0.1655
1349,787496810,32,20.16,13,42,2042.31,2037,2048,2028.63,2013,2051,193,0.19485,-0.40360,-0.57302,-0.1903
1350,787506987,32,22.56,17,57,2042.94,2035,2049,2030.44,2026,2037,193,0.21804,-0.34835,-0.55378,-0.1967
1351,787517208,32,21.09,8,32,2041.66,1997,2051,2030.88,2024,2038,193,0.20383,-0.33492,-0.59286,-0.1891
1352,787527433,32,21.19,17,36,2042.56,2037,2052,2029.44,2006,2038,193,0.20480,-0.37888,-0.56538,-0.1934
1353,787537634,32,20.72,4,28,2041.56,2027,2051,2028.19,2015,2034,193,0.20026,-0.41703,-0.59591,-0.2029
1354,787547823,32,20.81,13,34,2043.81,2035,2059,2030.22,2018,2036,193,0.20113,-0.35507,-0.52723,-0.1775
1355,787558039,32,20.78,10,29,2041.88,2033,2051,2032.03,2024,2054,193,0.20084,-0.29982,-0.58614,-0.1779
1356,787568249,32,20.81,16,36,2042.97,2037,2067,2031.09,2026,2050,193,0.20113,-0.32851,-0.55287,-0.1773
1357,787578465,32,21.13,16,28,2042.34,2020,2052,2030.25,2018,2053,193,0.20422,-0.35415,-0.57210,-0.1892
1358,787588648,32,21.16,9,50,2040.94,2019,2052,2030.31,2026,2042,193,0.20451,-0.35232,-0.61483,-0.1978
1359,787598864,32,20.38,16,29,2043.97,2036,2054,2030.22,2020,2043,193,0.19697,-0.35507,-0.52234,-0.1728
1360,787609080,32,19.59,5,67,2042.44,2036,2053,2029.16,1996,2037,193,0.18934,-0.38742,-0.56905,-0.1811
1361,787619272,32,20.5,16,26,2042.25,2036,2049,2030.34,2024,2050,193,0.19813,-0.35140,-0.57485,-0.1835
1362,787629433,32,19.72,13,27,2042.69,2038,2056,2029.69,2018,2056,193,0.19059,-0.37125,-0.56142,-0.1778
1363,787639630,32,20.94,13,57,2042.59,2026,2051,2031.94,2026,2060,193,0.20239,-0.30256,-0.56447,-0.1755
1364,787649797,32,21.03,11,84,2044.5,2022,2098,2029.72,2005,2068,193,0.20325,-0.37033,-0.50617,-0.1782
1365,787659984,32,22.09,11,58,2042.72,2037,2052,2029.34,2020,2056,193,0.21350,-0.38193,-0.56050,-0.2012
1366,787670205,32,20.13,6,27,2041.84,2034,2051,2029.09,2019,2035,193,0.19456,-0.38956,-0.58736,-0.1901
1367,787680392,32,20.63,4,41,2044.0,2039,2056,2031.0,2025,2061,193,0.19939,-0.33126,-0.52143,-0.1700
1368,787690528,32,19.75,0,33,2042.06,2036,2049,2030.53,2022,2043,193,0.19088,-0.34560,-0.58065,-0.1768
1369,787700707,32,20.81,12,29,2042.31,2026,2049,2029.78,2021,2040,193,0.20113,-0.36850,-0.57302,-0.1894
1370,787710906,32,19.25,1,33,2043.34,2034,2057,2030.78,2026,2041,193,0.18605,-0.33797,-0.54157,-0.1636
1371,787721111,32,21.63,17,28,2041.69,2028,2051,2029.47,2024,2049,193,0.20905,-0.37796,-0.59194,-0.2028
1372,787731303,32,21.06,8,56,2042.78,2036,2062,2029.03,2016,2036,193,0.20354,-0.39139,-0.55867,-0.1934
1373,787741501,32,20.19,6,30,2042.28,2030,2058,2029.06,2010,2038,193,0.19514,-0.39048,-0.57393,-0.1882
1374,787751711,32,20.09,14,46,2043.69,2035,2056,2029.78,2021,2036,193,0.19417,-0.36850,-0.53089,-0.1746
1375,787761914,32,20.34,6,28,2041.94,2036,2048,2030.81,2026,2042,193,0.19659,-0.33706,-0.58431,-0.1811
1376,787772122,32,19.22,1,27,2043.13,2035,2049,2031.53,2018,2048,193,0.18576,-0.31508,-0.54798,-0.1603
1377,787782383,32,20.59,1,52,2043.34,2035,2112,2030.06,2015,2036,193,0.19900,-0.35995,-0.54157,-0.1794
1378,787792593,32,19.91,9,30,2042.72,2033,2050,2030.22,2024,2037,193,0.19243,-0.35507,-0.56050,-0.1762
1379,787802794,32,20.38,14,32,2043.22,2035,2049,2030.38,2024,2042,193,0.19697,-0.35018,-0.54524,-0.1764
1380,787812986,32,22.13,16,49,2042.09,2010,2058,2029.75,2022,2037,193,0.21389,-0.36941,-0.57973,-0.2030
1381,787823182,32,22.19,11,67,2041.25,2025,2049,2030.41,2027,2064,193,0.21447,-0.34927,-0.60537,-0.2047
1382,787833367,32,19.47,0,36,2041.81,2033,2048,2029.84,2025,2037,193,0.18818,-0.36667,-0.58828,-0.1797
1383,787843558,32,22.28,9,56,2041.69,2021,2058,2029.28,2006,2038,193,0.21534,-0.38376,-0.59194,-0.2101
1384,787853805,32,20.13,14,27,2043.25,2032,2051,2031.44,2021,2042,193,0.19456,-0.31783,-0.54432,-0.1677
1385,787863998,32,18.38,4,34,2042.66,2037,2048,2030.75,2024,2048,193,0.17764,-0.33889,-0.56233,-0.1601
1386,787874202,32,20.19,4,38,2042.0,2000,2052,2024.97,1881,2035,193,0.19514,-0.51532,-0.58248,-0.2142
1387,787884363,32,20.13,9,50,2043.63,2027,2061,2030.69,2024,2037,193,0.19456,-0.34072,-0.53272,-0.1699
1388,787894556,32,19.47,0,26,2041.84,2023,2053,2030.44,2024,2039,193,0.18818,-0.34835,-0.58736,-0.1761
1389,787904775,32,20.41,17,27,2043.22,2034,2052,2029.88,2022,2045,193,0.19726,-0.36545,-0.54524,-0.1796
1390,787914962,32,21.13,13,29,2043.34,2019,2059,2029.94,2017,2038,193,0.20422,-0.36361,-0.54157,-0.1849
1391,787925169,32,20.25,15,26,2044.72,2037,2053,2030.34,2019,2038,193,0.19572,-0.35140,-0.49945,-0.1665
1392,787935353,32,20.75,17,26,2042.16,2025,2051,2031.03,2025,2050,193,0.20055,-0.33034,-0.57759,-0.1821
1393,787945537,32,19.66,0,27,2042.91,2034,2050,2029.91,2004,2049,193,0.19001,-0.36453,-0.55470,-0.1747
1394,787955754,32,21.16,14,44,2044.22,2038,2058,2030.53,2026,2050,193,0.20451,-0.34560,-0.51471,-0.1759
1395,787965939,32,20.56,12,35,2042.97,2039,2050,2028.84,2010,2040,193,0.19871,-0.39719,-0.55287,-0.1888
1396,787976144,32,20.97,8,35,2043.97,2040,2054,2030.25,2022,2039,193,0.20268,-0.35415,-0.52234,-0.1776
1397,787986315,32,20.47,13,30,2044.78,2036,2058,2029.84,2021,2043,193,0.19784,-0.36667,-0.49762,-0.1710
1398,787996517,32,21.16,14,37,2041.66,2021,2048,2032.78,2010,2066,193,0.20451,-0.27692,-0.59286,-0.1779
1399,788006727,32,20.38,10,29,2042.16,2034,2048,2030.38,2021,2048,193,0.19697,-0.35018,-0.57759,-0.1827
1400,788016921,32,19.84,3,44,2043.16,2031,2061,2029.09,2021,2035,193,0.19175,-0.38956,-0.54707,-0.1796
1401,788027101,32,20.41,8,42,2042.91,2037,2054,2030.16,2025,2043,193,0.19726,-0.35690,-0.55470,-0.1798
1402,788037296,32,22.28,15,46,2043.59,2037,2053,2031.38,2025,2038,193,0.21534,-0.31966,-0.53394,-0.1838
1403,788047469,32,19.47,8,26,2042.06,2033,2049,2029.5,2024,2035,193,0.18818,-0.37704,-0.58065,-0.1802
1404,788057639,32,20.41,7,41,2043.22,2038,2052,2031.25,2025,2043,193,0.19726,-0.32363,-0.54524,-0.1714
1405,788067803,32,19.94,0,56,2043.72,2040,2054,2030.0,2014,2041,193,0.19272,-0.36178,-0.52998,-0.1719
1406,788077970,32,19.06,9,34,2042.31,2019,2054,2029.03,2019,2035,193,0.18421,-0.39139,-0.57302,-0.1777
1407,788088211,32,21.16,16,32,2043.16,2035,2050,2030.38,2024,2041,193,0.20451,-0.35018,-0.54707,-0.1835
1408,788098388,32,20.5,14,26,2042.88,2026,2050,2031.09,2027,2054,193,0.19813,-0.32851,-0.55562,-0.1752
1409,788108601,32,19.38,0,27,2042.22,2028,2056,2030.13,2025,2037,193,0.18731,-0.35781,-0.57576,-0.1749
1410,788118801,32,19.19,0,32,2043.38,2028,2069,2029.75,2014,2051,193,0.18547,-0.36941,-0.54035,-0.1687
1411,788128996,32,20.47,14,56,2044.25,2029,2064,2028.88,2013,2036,193,0.19784,-0.39597,-0.51380,-0.1800
1412,788139175,32,22.78,16,56,2042.66,2032,2049,2027.97,2003,2056,193,0.22017,-0.42375,-0.56233,-0.2171
1413,788149374,32,19.28,0,27,2041.69,2035,2049,2029.63,2009,2037,193,0.18634,-0.37308,-0.59194,-0.1798
1414,788159582,32,21.13,10,56,2043.31,2031,2050,2029.84,2026,2041,193,0.20422,-0.36667,-0.54249,-0.1857
1415,788169772,32,20.5,13,27,2042.59,2029,2049,2029.41,2015,2039,193,0.19813,-0.37979,-0.56447,-0.1871
1416,788179955,32,18.13,0,27,2042.28,2037,2049,2028.75,2021,2035,193,0.17523,-0.39994,-0.57393,-0.1706
1417,788190143,32,20.06,0,35,2042.81,2031,2053,2029.5,2014,2049,193,0.19388,-0.37704,-0.55775,-0.1812
1418,788200341,32,20.88,6,52,2042.31,2037,2049,2029.16,2006,2035,193,0.20181,-0.38742,-0.57302,-0.1938
1419,788210558,32,20.78,16,35,2043.28,2037,2057,2029.34,1989,2052,193,0.20084,-0.38193,-0.54341,-0.1858
1420,788220716,32,20.72,1,41,2041.75,2022,2053,2029.88,2021,2042,193,0.20026,-0.36545,-0.59011,-0.1914
1421,788230900,32,20.84,11,27,2043.31,2025,2050,2030.72,2004,2065,193,0.20142,-0.33980,-0.54249,-0.1777
1422,788241100,32,20.34,16,36,2041.5,2024,2051,2029.28,2020,2036,193,0.19659,-0.38376,-0.59774,-0.1929
1423,788251270,32,18.59,4,30,2044.44,2040,2069,2029.22,2012,2037,193,0.17967,-0.38559,-0.50800,-0.1606
1424,788261460,32,20.91,14,37,2041.16,2022,2048,2030.88,2022,2040,193,0.20210,-0.33492,-0.60812,-0.1906
1425,788271652,32,20.94,13,30,2043.13,2038,2053,2029.84,2025,2037,193,0.20239,-0.36667,-0.54798,-0.1851
1426,788281876,32,19.34,1,32,2044.19,2036,2087,2031.81,2026,2045,193,0.18692,-0.30653,-0.51563,-0.1537
1427,788292054,32,22.09,12,33,2042.41,2034,2061,2029.47,2024,2041,193,0.21350,-0.37796,-0.56996,-0.2024
1428,788302270,32,19.31,13,26,2042.09,2037,2049,2030.69,2015,2038,193,0.18663,-0.34072,-0.57973,-0.1718
1429,788312479,32,20.47,5,43,2041.63,2037,2049,2029.16,2026,2035,193,0.19784,-0.38742,-0.59377,-0.1941
1430,788322673,32,20.22,12,26,2042.56,2026,2055,2031.03,2020,2038,193,0.19543,-0.33034,-0.56538,-0.1750
1431,788332888,32,20.22,16,41,2044.25,2035,2061,2029.38,2019,2041,193,0.19543,-0.38071,-0.51380,-0.1748
1432,788343091,32,18.91,12,28,2042.59,2035,2058,2030.81,2024,2045,193,0.18277,-0.33706,-0.56447,-0.1648
1433,788353267,32,19.59,11,26,2042.97,2027,2050,2029.0,2022,2034,193,0.18934,-0.39231,-0.55287,-0.1790
1434,788363467,32,19.44,0,33,2041.56,2025,2053,2031.03,2018,2054,193,0.18789,-0.33034,-0.59591,-0.1740
1435,788373680,32,19.66,16,27,2042.44,2029,2051,2029.38,2024,2038,193,0.19001,-0.38071,-0.56905,-0.1805
1436,788383873,32,20.34,16,26,2043.44,2037,2059,2031.66,2018,2069,193,0.19659,-0.31111,-0.53852,-0.1670
1437,788394075,32,20.91,16,33,2041.13,2021,2054,2030.22,2018,2040,193,0.20210,-0.35507,-0.60903,-0.1948
1438,788404245,32,19.53,0,28,2042.69,2039,2062,2032.09,2026,2051,193,0.18876,-0.29799,-0.56142,-0.1622
1439,788414449,32,21.44,16,38,2042.19,2025,2049,2029.28,2009,2037,193,0.20722,-0.38376,-0.57668,-0.1990
1440,788424632,32,19.63,15,33,2042.81,2030,2051,2030.97,2024,2036,193,0.18972,-0.33217,-0.55775,-0.1688
1441,788434844,32,19.44,2,26,2043.28,2033,2068,2029.53,2019,2038,193,0.18789,-0.37613,-0.54341,-0.1728
1442,788445039,32,22.31,12,50,2042.25,2034,2048,2030.03,2020,2036,193,0.21563,-0.36087,-0.57485,-0.2018
1443,788455210,32,22.47,2,65,2042.5,2038,2051,2030.69,2026,2037,193,0.21717,-0.34072,-0.56722,-0.1972
1444,788465399,32,19.22,9,26,2042.34,2027,2051,2030.69,2026,2041,193,0.18576,-0.34072,-0.57210,-0.1696
1445,788475591,32,21.13,0,33,2041.53,2017,2048,2030.41,2021,2043,193,0.20422,-0.34927,-0.59682,-0.1932
1446,788485789,32,20.69,17,33,2042.81,2033,2056,2030.25,2017,2042,193,0.19997,-0.35415,-0.55775,-0.1824
1447,788495966,32,21.09,13,33,2042.0,2033,2051,2029.22,2020,2036,193,0.20383,-0.38559,-0.58248,-0.1973
1448,788506129,32,22.47,15,48,2042.28,2039,2048,2030.56,2022,2041,193,0.21717,-0.34469,-0.57393,-0.1995
1449,788516325,32,20.25,3,30,2041.63,2030,2049,2031.44,2020,2054,193,0.19572,-0.31783,-0.59377,-0.1784
1450,788526504,32,20.59,0,34,2042.44,2036,2049,2028.22,1997,2036,193,0.19900,-0.41612,-0.56905,-0.1960
1451,788536680,32,20.53,3,43,2038.56,1929,2049,2031.78,2024,2074,193,0.19842,-0.30745,-0.68748,-0.1974
1452,788546872,32,20.59,12,28,2042.06,2038,2051,2031.44,2025,2043,193,0.19900,-0.31783,-0.58065,-0.1788
1453,788557087,32,22.06,17,28,2042.28,2032,2049,2030.72,2016,2078,193,0.21321,-0.33980,-0.57393,-0.1948
1454,788572888,32,20.88,15,32,2043.28,2038,2065,2029.75,2014,2036,193,0.20181,-0.36941,-0.54341,-0.1842
1455,788583097,32,19.97,5,27,2041.84,2029,2053,2029.16,2021,2038,193,0.19301,-0.38742,-0.58736,-0.1881
1456,788593307,32,20.69,1,34,2043.28,2033,2052,2031.13,2018,2037,193,0.19997,-0.32729,-0.54341,-0.1741
1457,788603524,32,18.84,6,28,2045.0,2030,2077,2029.94,2020,2041,193,0.18209,-0.36361,-0.49090,-0.1556
1458,788613688,32,18.59,10,27,2041.28,2033,2048,2030.19,2013,2037,193,0.17967,-0.35598,-0.60446,-0.1726
1459,788623920,32,19.94,8,27,2041.09,2000,2060,2030.06,2022,2048,193,0.19272,-0.35995,-0.61026,-0.1870
1460,788634118,32,19.66,14,32,2041.34,2032,2056,2031.59,2021,2057,193,0.19001,-0.31325,-0.60262,-0.1740
1461,788644342,32,19.59,1,26,2041.84,2033,2048,2030.28,2024,2039,193,0.18934,-0.35324,-0.58736,-0.1781
1462,788654546,32,21.0,17,42,2041.78,2031,2066,2030.63,2025,2056,193,0.20297,-0.34255,-0.58919,-0.1891
1463,788664707,32,19.88,17,27,2041.72,2028,2057,2030.16,2025,2038,193,0.19214,-0.35690,-0.59103,-0.1821
1464,788674880,32,21.06,16,30,2042.75,2040,2049,2030.72,2018,2042,193,0.20354,-0.33980,-0.55958,-0.1831
1465,788685074,32,21.0,17,26,2039.22,2032,2044,2029.72,2024,2048,193,0.20297,-0.37033,-0.66734,-0.2106
1466,788695237,32,19.97,6,26,2042.16,2035,2060,2030.94,2024,2048,193,0.19301,-0.33309,-0.57759,-0.1758
1467,788705447,32,20.19,0,27,2041.91,2029,2049,2031.41,2024,2062,193,0.19514,-0.31874,-0.58523,-0.1764
1468,788715653,32,21.47,0,48,2041.56,2036,2050,2030.31,2026,2036,193,0.20751,-0.35232,-0.59591,-0.1968
1469,788725849,32,20.38,12,35,2041.56,2034,2048,2029.75,2024,2037,193,0.19697,-0.36941,-0.59591,-0.1901
1470,788736033,32,21.19,14,58,2042.81,2038,2057,2025.59,1868,2046,193,0.20480,-0.49640,-0.55775,-0.2159
1471,788746226,32,20.38,13,26,2041.22,2036,2048,2035.09,2027,2100,193,0.19697,-0.20641,-0.60629,-0.1601
1472,788756417,32,20.28,13,32,2042.56,2035,2048,2030.28,2025,2043,193,0.19601,-0.35324,-0.56538,-0.1801
1473,788766605,32,21.09,0,58,2042.25,2037,2054,2030.19,2026,2035,193,0.20383,-0.35598,-0.57485,-0.1897
1474,788776800,32,20.03,10,27,2043.66,2038,2053,2030.31,2018,2053,193,0.19359,-0.35232,-0.53181,-0.1712
1475,788786981,32,20.97,0,46,2040.84,2021,2049,2029.66,2022,2038,193,0.20268,-0.37216,-0.61789,-0.2007
1476,788797174,32,19.75,11,28,2041.47,2038,2050,2029.78,2008,2038,193,0.19088,-0.36850,-0.59866,-0.1846
1477,788807346,32,21.38,2,58,2040.84,2017,2050,2028.81,2002,2035,193,0.20664,-0.39811,-0.61789,-0.2099
1478,788817570,32,19.53,6,34,2042.41,2035,2049,2030.63,2027,2036,193,0.18876,-0.34255,-0.56996,-0.1722
1479,788827774,32,20.59,10,29,2042.0,2031,2049,2029.5,2020,2037,193,0.19900,-0.37704,-0.58248,-0.1909
1480,788837914,32,19.88,17,28,2042.44,2020,2070,2031.22,2024,2049,193,0.19214,-0.32454,-0.56905,-0.1717
1481,788848100,32,18.31,5,26,2042.47,2038,2048,2034.44,2026,2112,193,0.17697,-0.22625,-0.56813,-0.1406
1482,788858263,32,19.09,8,33,2042.78,2038,2049,2028.22,1971,2088,193,0.18450,-0.41612,-0.55867,-0.1799
1483,788868434,32,21.19,15,36,2042.53,2020,2060,2029.53,2012,2044,193,0.20480,-0.37613,-0.56630,-0.1930
1484,788878656,32,20.09,9,26,2042.31,2024,2066,2030.28,1961,2059,193,0.19417,-0.35324,-0.57302,-0.1798
1485,788888852,32,19.38,6,30,2041.13,2025,2048,2031.5,2025,2053,193,0.18731,-0.31599,-0.60903,-0.1733
1486,788899020,32,20.5,0,37,2044.63,2038,2086,2029.13,2025,2035,193,0.19813,-0.38834,-0.50220,-0.1764
1487,788909192,32,20.88,10,50,2043.25,2028,2065,2029.59,2017,2040,193,0.20181,-0.37430,-0.54432,-0.1854
1488,788919371,32,20.78,11,36,2040.91,2021,2059,2031.28,2024,2059,193,0.20084,-0.32271,-0.61575,-0.1885
1489,788929554,32,21.31,17,27,2043.63,2038,2051,2030.47,2025,2050,193,0.20596,-0.34744,-0.53272,-0.1813
1490,788939767,32,20.25,0,33,2040.56,2032,2048,2030.25,2021,2044,193,0.19572,-0.35415,-0.62643,-0.1919
1491,788949904,32,19.94,14,26,2042.47,2034,2050,2030.78,2015,2059,193,0.19272,-0.33797,-0.56813,-0.1746
1492,788960116,32,20.44,10,48,2042.31,2037,2056,2029.25,2021,2036,193,0.19755,-0.38468,-0.57302,-0.1892
1493,788970282,32,19.88,6,26,2041.84,2027,2049,2029.84,2008,2045,193,0.19214,-0.36667,-0.58736,-0.1833
1494,788980497,32,20.5,0,29,2043.53,2034,2051,2029.97,1999,2044,193,0.19813,-0.36270,-0.53577,-0.1780
1495,788990686,32,20.28,8,46,2042.0,2030,2049,2029.31,2010,2045,193,0.19601,-0.38284,-0.58248,-0.1892
1496,789000835,32,19.81,16,29,2043.5,2038,2058,2027.72,2005,2036,193,0.19146,-0.43138,-0.53669,-0.1854
1497,789011026,32,20.38,0,32,2042.22,2030,2052,2029.47,2003,2037,193,0.19697,-0.37796,-0.57576,-0.1879
1498,789021222,32,20.34,13,37,2043.53,2026,2056,2032.5,2021,2057,193,0.19659,-0.28547,-0.53577,-0.1614
1499,789031422,32,21.38,14,59,2041.13,2035,2049,2030.25,2019,2039,193,0.20664,-0.35415,-0.60903,-0.1990
1500,789041564,32,20.31,9,28,2042.44,2034,2049,2030.31,2019,2045,193,0.19630,-0.35232,-0.56905,-0.1809
1501,789051773,32,20.41,4,27,2041.59,2032,2049,2030.0,2026,2040,193,0.19726,-0.36178,-0.59499,-0.1887
1502,789061960,32,19.97,14,26,2041.84,2035,2051,2031.56,2020,2052,193,0.19301,-0.31416,-0.58736,-0.1740
1503,789072162,32,19.5,10,25,2043.63,2014,2084,2030.31,2012,2040,193,0.18847,-0.35232,-0.53272,-0.1668
1504,789082352,32,21.53,8,83,2042.06,2032,2051,2028.19,1979,2038,193,0.20809,-0.41703,-0.58065,-0.2076
1505,789092529,32,20.22,16,27,2043.31,2033,2051,2027.13,1929,2036,193,0.19543,-0.44939,-0.54249,-0.1938
1506,789102738,32,21.31,15,40,2043.0,2035,2053,2030.22,2021,2048,193,0.20596,-0.35507,-0.55195,-0.1868
1507,789112912,32,20.94,12,29,2041.13,1988,2052,2029.97,2022,2049,193,0.20239,-0.36270,-0.60903,-0.1967
1508,789123106,32,21.0,17,28,2042.97,2029,2064,2031.47,2027,2036,193,0.20297,-0.31691,-0.55287,-0.1765
1509,789133330,32,19.97,12,27,2043.97,2037,2054,2030.56,2020,2051,193,0.19301,-0.34469,-0.52234,-0.1673
1510,789143522,32,18.56,2,26,2042.84,2037,2059,2030.94,2006,2058,193,0.17938,-0.33309,-0.55684,-0.1596
1511,789153717,32,19.5,6,42,2042.16,2022,2056,2029.56,2024,2035,193,0.18847,-0.37521,-0.57759,-0.1796
1512,789163891,32,22.06,17,46,2042.34,2033,2061,2029.31,2019,2037,193,0.21321,-0.38284,-0.57210,-0.2036
1513,789174102,32,21.53,17,36,2041.78,2032,2050,2030.5,2024,2036,193,0.20809,-0.34652,-0.58919,-0.1947
1514,789184299,32,18.28,0,37,2041.78,2035,2048,2030.06,2005,2041,193,0.17668,-0.35995,-0.58919,-0.1677
1515,789194487,32,20.41,8,28,2043.25,2037,2053,2031.09,2020,2038,193,0.19726,-0.32851,-0.54432,-0.1722
1516,789204688,32,20.0,0,29,2043.72,2040,2056,2029.84,2020,2037,193,0.19330,-0.36667,-0.52998,-0.1733
1517,789214828,32,21.38,12,42,2043.19,2029,2067,2030.44,2019,2052,193,0.20664,-0.34835,-0.54615,-0.1848
1518,789225033,32,19.44,16,32,2042.31,2027,2051,2030.53,2025,2036,193,0.18789,-0.34560,-0.57302,-0.1726
1519,789235220,32,19.31,4,48,2043.53,2037,2057,2030.28,2022,2049,193,0.18663,-0.35324,-0.53577,-0.1659
1520,789245431,32,20.31,14,31,2043.09,2030,2050,2031.38,2002,2052,193,0.19630,-0.31966,-0.54921,-0.1706
1521,789255636,32,20.56,16,36,2043.66,2040,2051,2029.31,2020,2037,193,0.19871,-0.38284,-0.53181,-0.1818
1522,789265801,32,21.47,11,79,2042.72,2034,2049,2030.66,2016,2050,193,0.20751,-0.34164,-0.56050,-0.1872
1523,789275999,32,20.34,14,40,2043.22,2030,2053,2031.16,2021,2052,193,0.19659,-0.32637,-0.54524,-0.1713
1524,789286187,32,20.09,3,32,2042.34,2035,2050,2030.09,2025,2045,193,0.19417,-0.35904,-0.57210,-0.1808
1525,789296356,32,18.91,8,26,2043.06,2026,2052,2032.16,2026,2061,193,0.18277,-0.29585,-0.55012,-0.1546
1526,789306588,32,21.34,12,34,2043.59,2039,2050,2031.97,2020,2072,193,0.20625,-0.30165,-0.53394,-0.1723
1527,789316764,32,20.44,14,29,2042.63,2038,2049,2031.16,2026,2042,193,0.19755,-0.32637,-0.56325,-0.1757
1528,789326946,32,20.16,14,27,2043.69,2040,2049,2030.53,2001,2043,193,0.19485,-0.34560,-0.53089,-0.1708
1529,789337140,32,19.97,13,32,2043.0,2034,2059,2030.22,2024,2035,193,0.19301,-0.35507,-0.55195,-0.1751
1530,789347340,32,19.84,13,28,2043.19,2037,2053,2029.47,2009,2035,193,0.19175,-0.37796,-0.54615,-0.1772
1531,789357546,32,21.88,15,43,2041.94,2030,2053,2028.41,1962,2051,193,0.21147,-0.41032,-0.58431,-0.2103
1532,789367727,32,21.0,0,39,2043.16,2026,2049,2030.41,2010,2037,193,0.20297,-0.34927,-0.54707,-0.1819
1533,789377884,32,20.69,3,43,2042.75,2026,2054,2031.25,2025,2054,193,0.19997,-0.32363,-0.55958,-0.1766
1534,789388102,32,19.19,4,26,2042.41,1997,2100,2029.75,2024,2036,193,0.18547,-0.36941,-0.56996,-0.1742
1535,789398270,32,19.47,0,28,2043.06,2038,2051,2030.84,2013,2066,193,0.18818,-0.33614,-0.55012,-0.1668
1536,789408477,32,19.28,9,32,2042.66,2029,2051,2029.06,1998,2036,193,0.18634,-0.39048,-0.56233,-0.1775
1537,789418658,32,20.22,0,37,2043.84,2040,2050,2030.09,2005,2036,193,0.19543,-0.35904,-0.52631,-0.1730
1538,789428859,32,20.0,12,28,2039.34,1929,2050,2031.06,2026,2072,193,0.19330,-0.32943,-0.66367,-0.1920
1539,789439065,32,19.53,10,26,2042.38,2035,2050,2031.19,2022,2042,193,0.18876,-0.32546,-0.57088,-0.1692
1540,789449248,32,18.72,0,31,2043.41,2038,2050,2032.25,2027,2058,193,0.18093,-0.29310,-0.53944,-0.1506
1541,789459434,32,19.22,9,26,2042.97,2035,2049,2030.06,2019,2043,193,0.18576,-0.35995,-0.55287,-0.1696
1542,789469624,32,20.66,16,38,2041.84,2027,2050,2031.81,2021,2049,193,0.19968,-0.30653,-0.58736,-0.1785
1543,789479805,32,19.84,16,28,2042.34,2035,2058,2029.97,2018,2038,193,0.19175,-0.36270,-0.57210,-0.1793
1544,789489990,32,19.75,0,33,2042.47,2032,2066,2030.41,2021,2057,193,0.19088,-0.34927,-0.56813,-0.1751
1545,789500186,32,21.09,16,70,2042.63,2024,2060,2030.44,2013,2052,193,0.20383,-0.34835,-0.56325,-0.1858
1546,789510373,32,19.44,10,26,2042.72,2026,2053,2030.84,2025,2036,193,0.18789,-0.33614,-0.56050,-0.1685
1547,789520562,32,20.47,12,38,2041.66,2036,2049,2030.34,2009,2038,193,0.19784,-0.35140,-0.59286,-0.1868
1548,789530767,32,19.94,13,28,2044.72,2038,2056,2031.56,2020,2064,193,0.19272,-0.31416,-0.49945,-0.1568
1549,789540953,32,19.31,11,29,2044.28,2035,2051,2030.94,2021,2050,193,0.18663,-0.33309,-0.51288,-0.1579
1550,789551151,32,19.13,0,27,2042.91,2024,2053,2031.13,2023,2060,193,0.18489,-0.32729,-0.55470,-0.1631
1551,789561349,32,21.56,17,46,2044.66,2040,2085,2031.75,2027,2055,193,0.20838,-0.30836,-0.50128,-0.1687
1552,789571514,32,18.41,10,26,2043.16,2038,2051,2030.47,2022,2042,193,0.17793,-0.34744,-0.54707,-0.1592
1553,789581704,32,20.94,2,34,2042.81,2028,2062,2026.69,1982,2037,193,0.20239,-0.46282,-0.55775,-0.2065
1554,789591865,32,19.78,5,26,2041.19,2018,2049,2030.16,2021,2036,193,0.19117,-0.35690,-0.60720,-0.1843
1555,789602047,32,19.34,12,26,2042.06,2033,2053,2029.88,2026,2036,193,0.18692,-0.36545,-0.58065,-0.1768
1556,789612242,32,21.53,8,50,2042.63,2027,2070,2029.81,2019,2036,193,0.20809,-0.36758,-0.56325,-0.1937
1557,789622463,32,21.56,10,39,2041.94,2026,2051,2029.91,2013,2037,193,0.20838,-0.36453,-0.58431,-0.1977
1558,789632674,32,21.69,0,41,2044.03,2038,2054,2032.09,2025,2042,193,0.20963,-0.29799,-0.52051,-0.1716
1559,789642913,32,22.03,13,54,2043.41,2037,2057,2031.09,2017,2041,193,0.21292,-0.32851,-0.53944,-0.1848
1560,789653130,32,25.53,14,116,2043.56,2037,2051,2030.53,2019,2037,193,0.24675,-0.34560,-0.53486,-0.2173
1561,789663326,32,20.56,1,33,2041.09,1986,2050,2033.34,2022,2131,193,0.19871,-0.25983,-0.61026,-0.1729
1562,789673534,32,20.97,13,30,2043.0,2036,2049,2030.84,2021,2045,193,0.20268,-0.33614,-0.55195,-0.1800
1563,789683723,32,19.81,11,27,2042.78,2027,2056,2031.28,2005,2051,193,0.19146,-0.32271,-0.55867,-0.1688
1564,789693933,32,20.31,9,27,2042.78,2032,2049,2031.13,2024,2036,193,0.19630,-0.32729,-0.55867,-0.1739
1565,789704131,32,19.78,6,37,2042.97,2014,2053,2030.75,2017,2041,193,0.19117,-0.33889,-0.55287,-0.1705
1566,789714318,32,20.19,13,28,2042.5,2030,2051,2029.66,2006,2044,193,0.19514,-0.37216,-0.56722,-0.1833
1567,789724487,32,21.19,14,32,2043.22,2035,2049,2029.91,2017,2036,193,0.20480,-0.36453,-0.54524,-0.1863
1568,789734699,32,20.31,12,34,2042.28,2027,2049,2030.19,2011,2037,193,0.19630,-0.35598,-0.57393,-0.1825
1569,789744897,32,19.28,10,26,2043.19,2021,2051,2032.09,2017,2050,193,0.18634,-0.29799,-0.54615,-0.1573
1570,789755103,32,19.69,2,26,2042.88,2028,2049,2032.72,2022,2066,193,0.19030,-0.27875,-0.55562,-0.1588
1571,789765303,32,19.78,13,27,2043.31,2036,2058,2030.91,2005,2071,193,0.19117,-0.33400,-0.54249,-0.1676
1572,789775496,32,19.66,0,49,2041.22,1986,2050,2031.38,2024,2054,193,0.19001,-0.31966,-0.60629,-0.1759
1573,789785675,32,19.53,3,29,2043.28,2038,2050,2032.13,2027,2048,193,0.18876,-0.29676,-0.54341,-0.1586
1574,789795881,32,20.16,11,28,2042.94,2035,2050,2028.94,2017,2036,193,0.19485,-0.39414,-0.55378,-0.1847
1575,789806074,32,20.5,10,36,2041.59,2028,2053,2031.88,2020,2065,193,0.19813,-0.30440,-0.59499,-0.1782
1576,789816241,32,20.88,0,58,2041.69,2001,2053,2031.53,2024,2050,193,0.20181,-0.31508,-0.59194,-0.1830
1577,789826470,32,22.06,4,37,2042.22,2034,2049,2030.72,2025,2044,193,0.21321,-0.33980,-0.57576,-0.1952
1578,789836658,32,22.22,16,43,2041.44,2029,2049,2028.06,1998,2035,193,0.21476,-0.42100,-0.59957,-0.2192
1579,789846870,32,20.0,12,27,2041.94,2033,2050,2029.59,2011,2038,193,0.19330,-0.37430,-0.58431,-0.1853
1580,789857032,32,19.94,0,29,2043.41,2037,2056,2029.25,2009,2053,193,0.19272,-0.38468,-0.53944,-0.1781
1581,789867211,32,18.88,9,28,2042.59,2026,2056,2030.84,2025,2045,193,0.18248,-0.33614,-0.56447,-0.1643
1582,789877389,32,20.38,13,26,2044.16,2036,2061,2031.47,2025,2048,193,0.19697,-0.31691,-0.51654,-0.1642
1583,789887575,32,19.88,11,26,2042.75,2034,2051,2033.22,2027,2101,193,0.19214,-0.26349,-0.55958,-0.1581
1584,789897774,32,19.75,12,28,2044.16,2032,2069,2031.19,2026,2037,193,0.19088,-0.32546,-0.51654,-0.1607
1585,789907968,32,19.31,6,32,2041.25,2020,2049,2028.84,2010,2043,193,0.18663,-0.39719,-0.60537,-0.1871
1586,789918135,32,19.78,13,29,2042.13,2034,2049,2030.47,2021,2040,193,0.19117,-0.34744,-0.57851,-0.1770
1587,789928338,32,21.0,14,35,2043.13,2037,2051,2028.06,2011,2035,193,0.20297,-0.42100,-0.54798,-0.1967
1588,789938552,32,20.16,13,26,2043.28,2025,2056,2032.72,2025,2080,193,0.19485,-0.27875,-0.54341,-0.1602
1589,789948729,32,21.03,12,32,2042.88,2032,2050,2029.84,2021,2038,193,0.20325,-0.36667,-0.55562,-0.1875
1590,789958920,32,21.72,16,42,2043.78,2038,2070,2030.59,2017,2040,193,0.20992,-0.34377,-0.52814,-0.1830
1591,789969092,32,22.56,9,36,2043.41,2038,2056,2029.69,2021,2036,193,0.21804,-0.37125,-0.53944,-0.1986
1592,789979261,32,20.34,16,32,2041.91,2033,2049,2029.53,2018,2042,193,0.19659,-0.37613,-0.58523,-0.1890
1593,789989440,32,19.22,0,40,2043.81,2025,2069,2028.03,1998,2040,193,0.18576,-0.42192,-0.52723,-0.1763
1594,789999650,32,22.59,16,37,2042.97,2036,2056,2031.63,2015,2097,193,0.21833,-0.31203,-0.55287,-0.1888
1595,790009847,32,19.19,9,28,2042.69,2039,2049,2027.63,1919,2056,193,0.18547,-0.43413,-0.56142,-0.1846
1596,790020042,32,20.19,0,36,2044.63,2037,2068,2030.75,2012,2058,193,0.19514,-0.33889,-0.50220,-0.1641
1597,790030231,32,21.41,3,27,2042.44,2032,2064,2030.44,2021,2051,193,0.20693,-0.34835,-0.56905,-0.1898
1598,790040433,32,19.0,0,30,2043.53,2038,2049,2030.75,2025,2040,193,0.18363,-0.33889,-0.53577,-0.1606
1599,790050607,32,21.31,12,41,2042.66,2030,2049,2030.91,2026,2042,193,0.20596,-0.33400,-0.56233,-0.1846
1600,790060815,32,19.34,8,37,2044.19,2039,2058,2028.81,2007,2035,193,0.18692,-0.39811,-0.51563,-0.1708
1601,790071007,32,19.81,13,29,2042.91,2037,2061,2029.47,2016,2037,193,0.19146,-0.37796,-0.55470,-0.1786
1602,790081210,32,19.38,6,33,2042.81,2030,2049,2031.0,2024,2043,193,0.18731,-0.33126,-0.55775,-0.1665
1603,790091366,32,18.69,0,27,2043.22,2033,2049,2028.38,2020,2035,193,0.18064,-0.41123,-0.54524,-0.1728
1604,790101570,32,20.88,2,56,2042.78,2029,2053,2029.88,1994,2049,193,0.20181,-0.36545,-0.55867,-0.1865
1605,790111776,32,20.66,14,33,2043.56,2040,2056,2029.91,2021,2042,193,0.19968,-0.36453,-0.53486,-0.1796
1606,790121961,32,20.31,16,29,2043.66,2033,2053,2031.91,2026,2048,193,0.19630,-0.30348,-0.53181,-0.1640
1607,790132165,32,20.44,16,35,2042.69,2031,2049,2030.47,2004,2061,193,0.19755,-0.34744,-0.56142,-0.1795
1608,790142363,32,22.0,12,83,2041.81,2031,2050,2029.16,2005,2053,193,0.21263,-0.38742,-0.58828,-0.2075
1609,790152573,32,19.97,0,35,2042.34,2022,2049,2029.47,2008,2050,193,0.19301,-0.37796,-0.57210,-0.1834
1610,790162766,32,21.22,0,42,2043.56,2034,2060,2029.47,2022,2037,193,0.20509,-0.37796,-0.53486,-0.1872
1611,790172939,32,21.97,11,51,2044.09,2040,2083,2029.53,2020,2050,193,0.21234,-0.37613,-0.51868,-0.1900
1612,790183132,32,20.78,16,27,2044.47,2036,2114,2031.69,2025,2056,193,0.20084,-0.31020,-0.50708,-0.1641
1613,790193322,32,21.81,0,148,2042.94,2030,2056,2030.0,2024,2040,193,0.21079,-0.36178,-0.55378,-0.1930
1614,790203491,32,20.69,13,28,2043.38,2039,2061,2031.75,2003,2082,193,0.19997,-0.30836,-0.54035,-0.1697
1615,790213696,32,19.34,5,27,2042.63,2032,2051,2029.63,2022,2052,193,0.18692,-0.37308,-0.56325,-0.1750
1616,790223929,32,21.0,14,40,2041.88,2029,2050,2032.91,2022,2074,193,0.20297,-0.27295,-0.58614,-0.1744
1617,790234090,32,19.97,9,36,2043.63,2036,2056,2028.97,2014,2035,193,0.19301,-0.39322,-0.53272,-0.1787
1618,790244268,32,20.16,9,40,2042.44,2030,2049,2030.06,2022,2036,193,0.19485,-0.35995,-0.56905,-0.1810
1619,790254469,32,18.94,0,26,2043.13,2032,2049,2029.72,2018,2042,193,0.18306,-0.37033,-0.54798,-0.1681
1620,790264683,32,20.13,12,51,2041.03,1992,2062,2032.0,2025,2068,193,0.19456,-0.30073,-0.61209,-0.1776
1621,790274879,32,19.94,12,26,2040.78,2029,2050,2029.5,2026,2042,193,0.19272,-0.37704,-0.61972,-0.1921
1622,790285044,32,19.91,12,29,2045.16,2040,2066,2029.94,2006,2049,193,0.19243,-0.36361,-0.48602,-0.1635
1623,790295226,32,21.09,13,29,2042.06,2026,2048,2030.53,2027,2037,193,0.20383,-0.34560,-0.58065,-0.1888
1624,790305440,32,20.56,11,28,2040.59,2027,2048,2032.06,2019,2058,193,0.19871,-0.29890,-0.62552,-0.1837
1625,790315625,32,19.81,0,52,2042.28,2036,2066,2033.34,2028,2064,193,0.19146,-0.25983,-0.57393,-0.1596
1626,790325795,32,18.28,0,37,2042.0,2038,2050,2029.63,2024,2036,193,0.17668,-0.37308,-0.58248,-0.1688
1627,790335970,32,22.47,16,31,2041.5,2028,2048,2030.91,2009,2057,193,0.21717,-0.33400,-0.59774,-0.2023
1628,790346175,32,19.59,4,26,2041.47,2018,2049,2030.69,2025,2037,193,0.18934,-0.34072,-0.59866,-0.1779
1629,790356381,32,19.34,11,27,2042.56,2037,2059,2029.38,2023,2035,193,0.18692,-0.38071,-0.56538,-0.1768
1630,790366569,32,20.72,10,36,2042.69,2036,2056,2031.03,2025,2046,193,0.20026,-0.33034,-0.56142,-0.1786
1631,790376747,32,21.25,16,27,2041.91,2030,2050,2032.91,2021,2064,193,0.20538,-0.27295,-0.58523,-0.1763
1632,790386901,32,20.06,13,42,2041.69,2025,2064,2031.09,2022,2051,193,0.19388,-0.32851,-0.59194,-0.1785
1633,790397133,32,18.69,0,39,2042.03,2035,2051,2028.56,2004,2040,193,0.18064,-0.40574,-0.58156,-0.1783
1634,790407343,32,19.28,4,32,2041.47,2027,2048,2029.34,2011,2037,193,0.18634,-0.38193,-0.59866,-0.1827
1635,790417529,32,19.66,12,26,2041.03,2020,2051,2029.47,2001,2044,193,0.19001,-0.37796,-0.61209,-0.1881
1636,790427728,32,19.63,9,32,2042.47,2023,2053,2030.09,2010,2038,193,0.18972,-0.35904,-0.56813,-0.1759
1637,790437940,32,20.13,4,35,2043.0,2039,2052,2029.72,2006,2042,193,0.19456,-0.37033,-0.55195,-0.1794
1638,790448103,32,19.75,5,27,2042.13,2040,2058,2024.72,1875,2072,193,0.19088,-0.52295,-0.57851,-0.2103
1639,790458261,32,21.69,13,57,2042.97,2033,2056,2029.53,2008,2038,193,0.20963,-0.37613,-0.55287,-0.1947
1640,790468448,32,19.28,7,32,2044.0,2033,2083,2030.09,2019,2042,193,0.18634,-0.35904,-0.52143,-0.1641
1641,790478638,32,21.66,12,30,2042.03,2033,2049,2028.56,1987,2068,193,0.20934,-0.40574,-0.58156,-0.2067
1642,790488824,32,20.88,12,38,2041.5,1973,2051,2032.31,2014,2051,193,0.20181,-0.29127,-0.59774,-0.1794
1643,790499021,32,22.44,15,65,2042.88,2032,2057,2031.38,2020,2051,193,0.21688,-0.31966,-0.55562,-0.1898
1644,790509227,32,21.75,0,89,2041.75,2027,2053,2030.72,2024,2037,193,0.21021,-0.33980,-0.59011,-0.1955
1645,790519401,32,20.38,14,27,2043.16,2035,2049,2031.09,2024,2049,193,0.19697,-0.32851,-0.54707,-0.1725
1646,790529609,32,20.59,0,45,2041.03,2010,2050,2030.34,2024,2043,193,0.19900,-0.35140,-0.61209,-0.1917
1647,790539809,32,20.38,13,29,2043.34,2035,2053,2029.94,2022,2036,193,0.19697,-0.36361,-0.54157,-0.1783
1648,790550004,32,18.97,5,26,2042.66,2033,2049,2031.91,2012,2097,193,0.18335,-0.30348,-0.56233,-0.1587
1649,790560197,32,20.16,0,27,2041.5,2027,2057,2028.88,2009,2035,193,0.19485,-0.39597,-0.59774,-0.1936
1650,790570383,32,19.72,0,50,2042.78,2037,2051,2028.34,2009,2039,193,0.19059,-0.41245,-0.55867,-0.1851
1651,790580580,32,19.19,3,32,2043.09,2026,2050,2035.34,2006,2196,193,0.18547,-0.19878,-0.54921,-0.1387
1652,790590793,32,20.09,2,51,2044.31,2029,2062,2030.25,2022,2041,193,0.19417,-0.35415,-0.51197,-0.1682
1653,790600952,32,19.19,14,28,2043.28,2038,2054,2030.53,2026,2065,193,0.18547,-0.34560,-0.54341,-0.1649
1654,790611170,32,21.75,10,48,2043.44,2040,2053,2030.09,2020,2038,193,0.21021,-0.35904,-0.53852,-0.1887
1655,790621377,32,20.09,14,27,2042.78,2030,2053,2029.81,2003,2050,193,0.19417,-0.36758,-0.55867,-0.1798
1656,790631580,32,21.56,14,29,2043.53,2033,2056,2029.69,2017,2049,193,0.20838,-0.37125,-0.53577,-0.1890
1657,790641781,32,20.5,12,29,2044.91,2038,2071,2030.63,2020,2061,193,0.19813,-0.34255,-0.49365,-0.1657
1658,790651966,32,19.19,3,26,2042.59,2037,2057,2029.53,2016,2037,193,0.18547,-0.37613,-0.56447,-0.1745
1659,790662186,32,20.72,15,28,2044.0,2038,2069,2030.0,2015,2048,193,0.20026,-0.36178,-0.52143,-0.1769
1660,790672359,32,19.69,0,26,2043.34,2040,2049,2030.28,2017,2036,193,0.19030,-0.35324,-0.54157,-0.1703
1661,790682549,32,21.16,17,35,2043.56,2029,2056,2031.41,2026,2051,193,0.20451,-0.31874,-0.53486,-0.1746
1662,790692726,32,21.63,14,30,2042.78,2035,2056,2029.0,1966,2040,193,0.20905,-0.39231,-0.55867,-0.1988
1663,790702882,32,19.63,5,35,2044.09,2038,2050,2029.66,2021,2037,193,0.18972,-0.37216,-0.51868,-0.1690
1664,790713073,32,20.53,8,33,2043.63,2034,2052,2030.66,2027,2037,193,0.19842,-0.34164,-0.53272,-0.1735
1665,790723305,32,20.22,16,30,2043.59,2032,2054,2031.63,2021,2050,193,0.19543,-0.31203,-0.53394,-0.1653
1666,790733487,32,19.16,14,26,2042.88,2030,2058,2029.16,2021,2050,193,0.18518,-0.38742,-0.55562,-0.1746
1667,790743685,32,19.78,12,29,2044.09,2040,2053,2031.72,2022,2049,193,0.19117,-0.30928,-0.51868,-0.1583
1668,790753885,32,23.59,17,89,2043.53,2024,2078,2031.5,2022,2058,193,0.22800,-0.31599,-0.53577,-0.1942
1669,790764036,32,21.34,13,28,2043.19,2030,2049,2030.28,2016,2036,193,0.20625,-0.35324,-0.54615,-0.1855
1670,790774247,32,20.72,14,33,2044.44,2038,2049,2030.5,2012,2039,193,0.20026,-0.34652,-0.50800,-0.1711
1671,790784428,32,19.56,1,27,2042.97,2026,2067,2028.56,2021,2035,193,0.18905,-0.40574,-0.55287,-0.1812
1672,790794624,32,21.38,10,36,2044.75,2038,2072,2030.63,2020,2041,193,0.20664,-0.34255,-0.49853,-0.1738
1673,790804807,32,19.38,0,27,2043.78,2033,2051,2029.03,2008,2049,193,0.18731,-0.39139,-0.52814,-0.1722
1674,790815010,32,21.38,17,26,2044.0,2038,2059,2029.31,2013,2036,193,0.20664,-0.38284,-0.52143,-0.1869
1675,790825167,32,19.91,8,28,2042.06,2030,2050,2030.22,2025,2043,193,0.19243,-0.35507,-0.58065,-0.1801
1676,790835384,32,20.38,12,31,2043.03,2029,2056,2030.03,2025,2040,193,0.19697,-0.36087,-0.55104,-0.1796
1677,790845599,32,20.38,4,45,2042.59,2035,2050,2030.19,2021,2037,193,0.19697,-0.35598,-0.56447,-0.1813
1678,790855804,32,19.72,0,37,2042.97,2038,2049,2028.06,2011,2037,193,0.19059,-0.42100,-0.55287,-0.1856
1679,790865983,32,18.94,2,28,2043.44,2028,2060,2030.75,2022,2051,193,0.18306,-0.33889,-0.53852,-0.1606
1680,790876139,32,21.0,14,31,2043.03,2040,2053,2029.84,2025,2037,193,0.20297,-0.36667,-0.55104,-0.1863
1681,790886325,32,19.91,0,47,2043.34,2035,2049,2030.28,2025,2048,193,0.19243,-0.35324,-0.54157,-0.1722
1682,790896522,32,19.34,13,28,2043.19,2029,2052,2031.69,2026,2049,193,0.18692,-0.31020,-0.54615,-0.1601
1683,790906720,32,20.25,16,27,2043.13,2029,2061,2030.03,2016,2040,193,0.19572,-0.36087,-0.54798,-0.1779
1684,790916947,32,21.5,13,33,2043.09,2035,2051,2030.34,2025,2044,193,0.20780,-0.35140,-0.54921,-0.1871
1685,790927157,32,20.66,16,29,2041.47,2012,2049,2031.09,2019,2042,193,0.19968,-0.32851,-0.59866,-0.1851
1686,790937378,32,19.31,0,27,2042.59,2032,2056,2030.5,2020,2041,193,0.18663,-0.34652,-0.56447,-0.1700
1687,790947568,32,22.69,13,94,2043.41,2038,2061,2030.06,2022,2038,193,0.21930,-0.35995,-0.53944,-0.1972
1688,790957759,32,20.25,14,33,2042.84,2034,2055,2028.81,2009,2037,193,0.19572,-0.39811,-0.55684,-0.1869
1689,790967970,32,20.72,16,30,2042.56,2035,2051,2031.91,2028,2040,193,0.20026,-0.30348,-0.56538,-0.1740
1690,790978171,32,20.59,16,27,2043.13,2031,2048,2025.13,1887,2053,193,0.19900,-0.51044,-0.54798,-0.2106
1691,790988348,32,19.91,9,28,2041.97,2027,2052,2030.22,2013,2036,193,0.19243,-0.35507,-0.58339,-0.1806
1692,790998566,32,20.97,16,28,2043.34,2036,2053,2030.47,2013,2049,193,0.20268,-0.34744,-0.54157,-0.1802
1693,791008767,32,20.19,0,44,2043.78,2019,2078,2029.28,2016,2036,193,0.19514,-0.38376,-0.52814,-0.1779
1694,791018989,32,18.84,4,29,2042.34,2022,2050,2029.59,2009,2036,193,0.18209,-0.37430,-0.57210,-0.1723
1695,791029172,32,21.19,13,47,2043.34,2040,2049,2030.25,2025,2041,193,0.20480,-0.35415,-0.54157,-0.1834
1696,791039363,32,21.72,2,37,2042.34,2031,2050,2029.81,2021,2036,193,0.20992,-0.36758,-0.57210,-0.1973
1697,791049570,32,19.88,13,36,2043.91,2039,2075,2030.25,1992,2057,193,0.19214,-0.35415,-0.52418,-0.1688
1698,791059741,32,20.0,4,28,2042.16,2016,2054,2030.16,2015,2050,193,0.19330,-0.35690,-0.57759,-0.1806
1699,791069902,32,20.88,14,42,2042.72,2025,2054,2029.69,2005,2056,193,0.20181,-0.37125,-0.56050,-0.1880
1700,791080119,32,20.31,5,33,2042.78,2037,2052,2030.03,2008,2043,193,0.19630,-0.36087,-0.55867,-0.1805
1701,791090332,32,20.28,16,30,2042.13,2020,2050,2034.0,2025,2062,193,0.19601,-0.23968,-0.57851,-0.1604
1702,791100476,32,20.72,16,34,2042.56,2024,2054,2030.19,2013,2065,193,0.20026,-0.35598,-0.56538,-0.1845
1703,791110697,32,19.94,10,27,2043.16,2035,2054,2029.78,2018,2044,193,0.19272,-0.36850,-0.54707,-0.1764
1704,791120887,32,20.72,13,51,2042.72,2028,2062,2028.59,2022,2035,193,0.20026,-0.40482,-0.56050,-0.1933
1705,791131070,32,19.97,11,27,2042.66,2038,2049,2030.22,2016,2036,193,0.19301,-0.35507,-0.56233,-0.1771
1706,791141253,32,20.38,1,37,2042.91,2033,2065,2030.84,2025,2054,193,0.19697,-0.33614,-0.55470,-0.1755
1707,791151470,32,19.72,14,26,2041.94,1996,2053,2030.19,2004,2068,193,0.19059,-0.35598,-0.58431,-0.1792
1708,791161681,32,21.13,13,35,2041.88,2033,2048,2029.88,2021,2038,193,0.20422,-0.36545,-0.58614,-0.1943
1709,791171897,32,21.19,10,62,2043.09,2037,2049,2030.28,2025,2040,193,0.20480,-0.35324,-0.54921,-0.1848
1710,791182102,32,20.16,9,45,2042.72,2036,2049,2030.5,2025,2052,193,0.19485,-0.34652,-0.56050,-0.1767
1711,791192292,32,19.44,8,29,2042.69,2034,2058,2029.59,2021,2038,193,0.18789,-0.37430,-0.56142,-0.1758
1712,791202510,32,21.16,16,36,2045.09,2040,2061,2030.16,2021,2037,193,0.20451,-0.35690,-0.48816,-0.1728
1713,791212715,32,20.78,11,27,2044.44,2033,2058,2030.47,2013,2048,193,0.20084,-0.34744,-0.50800,-0.1718
1714,791222910,32,20.38,8,28,2042.59,2034,2050,2031.09,2025,2045,193,0.19697,-0.32851,-0.56447,-0.1759
1715,791233106,32,20.53,0,45,2043.56,2037,2066,2030.34,2026,2038,193,0.19842,-0.35140,-0.53486,-0.1759
1716,791243294,32,19.09,6,27,2042.31,2025,2049,2032.72,2017,2093,193,0.18450,-0.27875,-0.57302,-0.1572
1717,791253522,32,20.72,0,52,2044.44,2029,2050,2030.66,2020,2042,193,0.20026,-0.34164,-0.50800,-0.1701
1718,791263743,32,19.72,8,28,2042.5,2029,2048,2028.84,1973,2038,193,0.19059,-0.39719,-0.56722,-0.1838
1719,791273884,32,19.81,12,28,2043.63,2035,2051,2030.91,2022,2042,193,0.19146,-0.33400,-0.53272,-0.1659
1720,791284059,32,19.84,0,34,2042.69,2027,2059,2029.97,2024,2044,193,0.19175,-0.36270,-0.56142,-0.1772
1721,791294265,32,18.5,1,25,2044.25,2038,2053,2032.0,2024,2091,193,0.17880,-0.30073,-0.51380,-0.1456
1722,791304370,32,20.69,12,38,2044.19,2025,2068,2029.25,2022,2035,193,0.19997,-0.38468,-0.51563,-0.1800
1723,791314583,32,20.84,7,27,2042.38,2040,2049,2028.94,1986,2043,193,0.20142,-0.39414,-0.57088,-0.1944
1724,791324781,32,19.5,9,26,2043.53,2038,2052,2030.09,2011,2036,193,0.18847,-0.35904,-0.53577,-0.1686
1725,791334968,32,21.03,14,32,2043.28,2039,2051,2031.81,2026,2074,193,0.20325,-0.30653,-0.54341,-0.1728
1726,791345151,32,21.03,14,32,2042.94,2034,2052,2029.31,2005,2040,193,0.20325,-0.38284,-0.55378,-0.1904
1727,791355377,32,19.13,11,28,2042.13,2026,2056,2030.47,2026,2040,193,0.18489,-0.34744,-0.57851,-0.1712
1728,791365601,32,18.84,0,30,2044.0,2040,2074,2031.06,2027,2037,193,0.18209,-0.32943,-0.52143,-0.1549
1729,791375788,32,21.97,14,46,2042.94,2037,2056,2029.88,2026,2038,193,0.21234,-0.36545,-0.55378,-0.1952
1730,791386014,32,21.25,9,29,2042.31,2022,2049,2031.03,2021,2043,193,0.20538,-0.33034,-0.57302,-0.1855
1731,791396183,32,21.25,4,40,2044.06,2032,2058,2029.63,2004,2035,193,0.20538,-0.37308,-0.51960,-0.1833
1732,791406349,32,20.59,16,26,2042.59,2028,2053,2029.06,2009,2035,193,0.19900,-0.39048,-0.56447,-0.1900
1733,791416563,32,19.94,0,33,2042.0,2038,2048,2029.06,2024,2037,193,0.19272,-0.39048,-0.58248,-0.1875
1734,791426783,32,20.47,6,28,2044.41,2038,2056,2028.75,2002,2038,193,0.19784,-0.39994,-0.50891,-0.1798
1735,791436982,32,19.16,1,30,2043.41,2037,2053,2030.03,2012,2050,193,0.18518,-0.36087,-0.53944,-0.1667
1736,791447175,32,19.88,0,33,2043.28,2035,2053,2030.59,2022,2049,193,0.19214,-0.34377,-0.54341,-0.1705
1737,791457386,32,20.84,17,28,2042.69,2033,2052,2030.09,2021,2050,193,0.20142,-0.35904,-0.56142,-0.1854
1738,791467595,32,20.25,13,42,2041.94,2029,2058,2030.34,2018,2048,193,0.19572,-0.35140,-0.58431,-0.1831
1739,791477792,32,20.44,1,38,2044.19,2037,2062,2030.22,2018,2040,193,0.19755,-0.35507,-0.51563,-0.1720
1740,791488010,32,20.25,9,31,2042.56,2021,2054,2029.81,2016,2038,193,0.19572,-0.36758,-0.56538,-0.1826
1741,791498177,32,21.09,0,28,2042.88,2034,2054,2029.44,2009,2038,193,0.20383,-0.37888,-0.55562,-0.1905
1742,791508409,32,20.94,12,43,2043.78,2038,2060,2031.0,2026,2037,193,0.20239,-0.33126,-0.52814,-0.1739
1743,791518601,32,20.84,13,36,2043.19,2040,2050,2029.75,2014,2035,193,0.20142,-0.36941,-0.54615,-0.1844
1744,791528755,32,19.84,4,27,2043.66,2037,2050,2030.25,2020,2037,193,0.19175,-0.35415,-0.53181,-0.1699
1745,791538941,32,19.47,1,27,2042.69,2032,2050,2031.25,2018,2038,193,0.18818,-0.32363,-0.56142,-0.1665
1746,791549132,32,18.72,0,27,2044.03,2040,2058,2029.66,2020,2037,193,0.18093,-0.37216,-0.52051,-0.1615
1747,791559344,32,19.69,6,38,2042.53,2035,2051,2034.09,2021,2070,193,0.19030,-0.23694,-0.56630,-0.1529
1748,791569524,32,20.56,12,27,2043.88,2026,2058,2029.53,2009,2037,193,0.19871,-0.37613,-0.52509,-0.1791
1749,791579716,32,20.84,15,38,2043.16,2038,2049,2030.53,2021,2055,193,0.20142,-0.34560,-0.54707,-0.1798
1750,791589897,32,20.44,13,33,2043.22,2033,2061,2030.84,2025,2057,193,0.19755,-0.33614,-0.54524,-0.1741
1751,791600113,32,19.59,9,27,2043.25,2039,2049,2031.56,2005,2053,193,0.18934,-0.31416,-0.54432,-0.1625
1752,791610250,32,20.03,13,32,2046.38,2037,2132,2031.63,2022,2083,193,0.19359,-0.31203,-0.44878,-0.1473
1753,791620480,32,21.63,9,45,2042.53,2035,2060,2030.97,2026,2041,193,0.20905,-0.33217,-0.56630,-0.1878
1754,791630675,32,19.47,6,30,2040.16,1964,2064,2030.88,2024,2042,193,0.18818,-0.33492,-0.63864,-0.1832
1755,791640872,32,21.03,11,40,2043.16,2035,2078,2029.75,2004,2054,193,0.20325,-0.36941,-0.54707,-0.1863
1756,791651066,32,20.56,0,29,2043.0,2040,2049,2030.63,2019,2036,193,0.19871,-0.34255,-0.55195,-0.1777
1757,791661233,32,18.84,4,28,2043.16,2030,2060,2030.22,2025,2036,193,0.18209,-0.35507,-0.54707,-0.1643
1758,791671435,32,19.97,4,27,2043.72,2038,2049,2030.63,2026,2038,193,0.19301,-0.34255,-0.52998,-0.1684
1759,791681656,32,19.44,0,41,2042.88,2031,2054,2032.13,2024,2053,193,0.18789,-0.29676,-0.55562,-0.1602
1760,791691854,32,20.34,15,32,2043.09,2033,2052,2030.56,2005,2053,193,0.19659,-0.34469,-0.54921,-0.1757
1761,791702072,32,20.69,16,32,2042.28,2035,2049,2029.13,2022,2037,193,0.19997,-0.38834,-0.57393,-0.1924
1762,791712256,32,19.53,13,25,2040.44,2029,2048,2031.31,2026,2043,193,0.18876,-0.32179,-0.63010,-0.1797
1763,791722464,32,19.72,12,25,2042.53,2032,2049,2030.38,2020,2037,193,0.19059,-0.35018,-0.56630,-0.1747
1764,791732642,32,19.97,11,28,2042.78,2026,2049,2030.78,2023,2040,193,0.19301,-0.33797,-0.55867,-0.1731
1765,791742815,32,21.06,0,40,2042.84,2033,2049,2030.38,2019,2058,193,0.20354,-0.35018,-0.55684,-0.1846
1766,791753002,32,19.47,12,26,2042.5,2037,2056,2029.63,2013,2041,193,0.18818,-0.37308,-0.56722,-0.1769
1767,791763165,32,20.31,11,50,2041.75,2030,2049,2029.81,2012,2036,193,0.19630,-0.36758,-0.59011,-0.1880
1768,791773308,32,20.38,9,26,2044.03,2037,2051,2031.25,2026,2044,193,0.19697,-0.32363,-0.52051,-0.1663
1769,791783496,32,19.25,15,25,2043.44,2037,2051,2031.88,2026,2069,193,0.18605,-0.30440,-0.53852,-0.1568
1770,791793677,32,19.88,11,32,2041.88,2033,2049,2030.16,2021,2044,193,0.19214,-0.35690,-0.58614,-0.1812
1771,791803850,32,20.31,16,26,2041.88,2038,2053,2032.31,2019,2101,193,0.19630,-0.29127,-0.58614,-0.1722
1772,791814042,32,19.84,0,27,2043.69,2038,2050,2032.16,2025,2057,193,0.19175,-0.29585,-0.53089,-0.1585
1773,791824259,32,20.72,0,30,2042.75,2022,2051,2030.91,2008,2060,193,0.20026,-0.33400,-0.55958,-0.1789
1774,791834450,32,20.13,14,33,2043.34,2020,2062,2030.38,2006,2046,193,0.19456,-0.35018,-0.54157,-0.1735
1775,791844622,32,20.53,3,50,2043.31,2037,2056,2030.06,2011,2035,193,0.19842,-0.35995,-0.54249,-0.1791
1776,791854830,32,19.5,13,27,2042.0,2037,2049,2030.13,2002,2045,193,0.18847,-0.35781,-0.58248,-0.1772
1777,791864995,32,21.28,13,46,2043.44,2038,2050,2029.47,2004,2038,193,0.20567,-0.37796,-0.53852,-0.1885
1778,791875195,32,20.06,14,27,2043.28,2033,2048,2029.75,2024,2037,193,0.19388,-0.36941,-0.54341,-0.1770
1779,791885349,32,20.88,9,34,2045.53,2035,2114,2030.5,2022,2037,193,0.20181,-0.34652,-0.47472,-0.1657
1780,791895537,32,20.22,16,26,2041.81,2032,2050,2030.88,2022,2043,193,0.19543,-0.33492,-0.58828,-0.1804
1781,791905724,32,19.66,13,27,2043.22,2034,2056,2028.91,2020,2035,193,0.19001,-0.39505,-0.54524,-0.1787
1782,791915912,32,20.13,12,26,2042.56,2037,2054,2031.94,2024,2074,193,0.19456,-0.30256,-0.56538,-0.1689
1783,791926103,32,21.28,17,27,2042.63,2035,2049,2031.84,2027,2061,193,0.20567,-0.30562,-0.56325,-0.1787
1784,791936339,32,20.5,17,42,2042.47,2026,2068,2029.28,2020,2035,193,0.19813,-0.38376,-0.56813,-0.1886
1785,791946539,32,20.88,0,45,2042.84,2029,2049,2030.97,2027,2048,193,0.20181,-0.33217,-0.55684,-0.1794
1786,791956730,32,22.44,12,85,2041.59,2036,2048,2029.56,2022,2037,193,0.21688,-0.37521,-0.59499,-0.2104
1787,791966936,32,19.19,8,33,2042.81,2032,2059,2031.0,2024,2035,193,0.18547,-0.33126,-0.55775,-0.1649
1788,791977128,32,20.72,10,29,2041.59,2033,2050,2032.53,2022,2057,193,0.20026,-0.28455,-0.59499,-0.1761
1789,791987315,32,20.5,13,32,2042.22,2033,2066,2029.09,2018,2037,193,0.19813,-0.38956,-0.57576,-0.1913
1790,791997498,32,20.44,0,38,2040.75,2032,2049,2029.13,2022,2035,193,0.19755,-0.38834,-0.62063,-0.1993
1791,792007660,32,19.59,11,35,2041.19,2035,2052,2029.91,2019,2041,193,0.18934,-0.36453,-0.60720,-0.1840
1792,792017868,32,21.09,15,41,2043.25,2036,2057,2028.94,1997,2048,193,0.20383,-0.39414,-0.54432,-0.1913
1793,792028041,32,20.5,16,30,2042.31,2038,2050,2029.91,2026,2036,193,0.19813,-0.36453,-0.57302,-0.1858
1794,792038213,32,20.5,12,32,2042.22,2020,2060,2031.19,2024,2042,193,0.19813,-0.32546,-0.57576,-0.1786
1795,792048388,32,23.25,0,125,2041.44,2037,2050,2031.84,2024,2076,193,0.22471,-0.30562,-0.59957,-0.2034
1796,792058574,32,19.31,8,28,2041.53,2027,2056,2029.78,2020,2036,193,0.18663,-0.36850,-0.59682,-0.1802
1797,792068778,32,20.59,15,49,2041.34,2008,2057,2030.47,2022,2039,193,0.19900,-0.34744,-0.60262,-0.1891
1798,792079005,32,20.69,13,29,2042.0,2032,2051,2029.84,1986,2062,193,0.19997,-0.36667,-0.58248,-0.1898
1799,792089183,32,20.63,12,27,2042.5,2033,2049,2030.5,2027,2042,193,0.19939,-0.34652,-0.56722,-0.1822
1800,792099333,32,19.22,13,28,2042.94,2036,2054,2030.97,2021,2050,193,0.18576,-0.33217,-0.55378,-0.1646
1801,792109551,32,19.81,12,27,2044.84,2040,2068,2030.69,2024,2040,193,0.19146,-0.34072,-0.49579,-0.1602
1802,792119764,32,21.97,8,41,2043.0,2035,2061,2030.66,2026,2045,193,0.21234,-0.34164,-0.55195,-0.1897
1803,792129945,32,18.34,6,25,2042.38,2035,2048,2030.69,2021,2038,193,0.17726,-0.34072,-0.57088,-0.1616
1804,792140150,32,19.28,16,27,2043.06,2036,2050,2029.72,2025,2035,193,0.18634,-0.37033,-0.55012,-0.1715
1805,792150339,32,22.34,13,60,2042.81,2037,2052,2030.44,2024,2036,193,0.21592,-0.34835,-0.55775,-0.1956
1806,792160533,32,22.44,17,41,2044.59,2035,2061,2030.41,2017,2052,193,0.21688,-0.34927,-0.50342,-0.1849
1807,792170728,32,19.31,13,26,2043.44,2038,2053,2031.53,2020,2071,193,0.18663,-0.31508,-0.53852,-0.1593
1808,792180916,32,19.78,6,26,2042.66,2033,2054,2029.97,2018,2046,193,0.19117,-0.36270,-0.56233,-0.1768
1809,792191149,32,21.06,12,54,2042.16,2034,2056,2030.78,2026,2042,193,0.20354,-0.33797,-0.57759,-0.1864
1810,792201330,32,21.25,15,38,2042.81,2038,2049,2028.59,2008,2043,193,0.20538,-0.40482,-0.55775,-0.1977
1811,792211518,32,19.03,0,30,2042.66,2033,2055,2035.13,2027,2164,193,0.18392,-0.20519,-0.56233,-0.1412
1812,792221703,32,20.19,11,27,2042.56,1995,2058,2030.16,2018,2038,193,0.19514,-0.35690,-0.56538,-0.1800
1813,792231912,32,19.84,0,28,2042.16,2021,2049,2030.5,2018,2063,193,0.19175,-0.34652,-0.57759,-0.1772
1814,792242089,32,18.31,0,30,2042.34,2031,2076,2029.84,2024,2038,193,0.17697,-0.36667,-0.57210,-0.1661
1815,792252281,32,18.31,0,34,2042.91,2022,2049,2030.81,2008,2045,193,0.17697,-0.33706,-0.55470,-0.1578
1816,792262495,32,19.84,13,35,2042.5,2034,2049,2029.75,2006,2041,193,0.19175,-0.36941,-0.56722,-0.1796
1817,792272656,32,19.28,3,26,2042.97,2027,2052,2030.28,2005,2036,193,0.18634,-0.35324,-0.55287,-0.1688
1818,792282870,32,20.78,0,26,2042.44,2025,2049,2029.41,2018,2037,193,0.20084,-0.37979,-0.56905,-0.1906
1819,792293035,32,22.19,12,67,2041.47,2020,2049,2029.25,2001,2035,193,0.21447,-0.38468,-0.59866,-0.2109
1820,792303216,32,21.25,17,30,2046.09,2026,2141,2030.34,2026,2037,193,0.20538,-0.35140,-0.45763,-0.1662
1821,792313419,32,21.59,13,37,2044.44,2040,2057,2029.44,2020,2036,193,0.20867,-0.37888,-0.50800,-0.1851
1822,792323625,32,19.19,1,30,2043.84,2036,2050,2029.78,2010,2037,193,0.18547,-0.36850,-0.52631,-0.1660
1823,792333831,32,20.03,0,36,2042.56,2033,2049,2028.72,2003,2036,193,0.19359,-0.40085,-0.56538,-0.1871
1824,792344028,32,22.22,5,92,2042.25,2035,2050,2032.19,2027,2051,193,0.21476,-0.29493,-0.57485,-0.1868
1825,792354224,32,20.09,13,26,2043.53,2022,2067,2028.47,2020,2037,193,0.19417,-0.40849,-0.53577,-0.1833
1826,792364437,32,21.59,11,40,2043.25,2037,2052,2030.5,2022,2041,193,0.20867,-0.34652,-0.54432,-0.1859
1827,792374626,32,17.94,0,25,2043.28,2036,2049,2029.91,2008,2045,193,0.17339,-0.36453,-0.54341,-0.1574
1828,792384798,32,19.41,14,28,2042.16,2038,2049,2029.28,2019,2042,193,0.18760,-0.38376,-0.57759,-0.1803
1829,792394980,32,20.09,10,42,2042.72,2037,2051,2031.28,2025,2037,193,0.19417,-0.32271,-0.56050,-0.1715
1830,792405178,32,19.69,0,28,2041.78,1975,2058,2030.25,2027,2035,193,0.19030,-0.35415,-0.58919,-0.1795
1831,792415342,32,18.84,0,29,2043.34,2038,2073,2029.44,2013,2036,193,0.18209,-0.37888,-0.54157,-0.1676
1832,792425555,32,18.81,0,25,2043.38,2040,2052,2030.97,2017,2042,193,0.18180,-0.33217,-0.54035,-0.1586
1833,792435744,32,20.69,11,32,2044.16,2038,2053,2029.75,2026,2036,193,0.19997,-0.36941,-0.51654,-0.1772
1834,792445978,32,20.72,0,41,2041.47,2012,2053,2030.66,2025,2040,193,0.20026,-0.34164,-0.59866,-0.1883
1835,792456185,32,21.19,15,32,2042.56,2029,2056,2030.66,2020,2041,193,0.20480,-0.34164,-0.56538,-0.1858
1836,792466384,32,19.31,6,27,2044.47,2035,2051,2030.78,2027,2044,193,0.18663,-0.33797,-0.50708,-0.1577
1837,792476595,32,20.13,0,29,2043.03,2035,2049,2031.22,2024,2050,193,0.19456,-0.32454,-0.55104,-0.1703
1838,792486797,32,20.25,8,31,2041.97,2033,2050,2029.66,2019,2045,193,0.19572,-0.37216,-0.58339,-0.1870
1839,792496964,32,19.69,4,28,2043.38,2030,2075,2031.13,2027,2045,193,0.19030,-0.32729,-0.54035,-0.1651
1840,792507164,32,20.5,8,29,2042.94,2038,2057,2031.53,2013,2051,193,0.19813,-0.31508,-0.55378,-0.1722
1841,792517326,32,20.63,9,29,2042.69,2038,2048,2030.16,2020,2040,193,0.19939,-0.35690,-0.56142,-0.1831
1842,792527497,32,19.22,0,37,2043.09,2036,2050,2030.56,2025,2035,193,0.18576,-0.34469,-0.54921,-0.1661
1843,792537692,32,20.88,17,30,2041.56,2032,2054,2029.75,2022,2049,193,0.20181,-0.36941,-0.59591,-0.1948
1844,792547860,32,20.0,14,30,2042.97,2022,2050,2029.41,1995,2045,193,0.19330,-0.37979,-0.55287,-0.1803
1845,792558018,32,19.81,12,33,2042.84,2024,2051,2031.38,2027,2052,193,0.19146,-0.31966,-0.55684,-0.1678
1846,792568210,32,18.5,1,32,2044.53,2040,2053,2031.53,2024,2080,193,0.17880,-0.31508,-0.50525,-0.1467
1847,792578389,32,22.81,14,41,2042.34,2020,2049,2026.94,1915,2041,193,0.22046,-0.45519,-0.57210,-0.2265
1848,792588584,32,18.84,0,32,2045.19,2039,2067,2029.84,2024,2037,193,0.18209,-0.36667,-0.48510,-0.1551
1849,792598810,32,20.34,0,29,2042.94,2031,2051,2029.72,2021,2042,193,0.19659,-0.37033,-0.55378,-0.1817
1850,792609012,32,21.78,0,56,2043.34,2029,2056,2029.78,2018,2040,193,0.21050,-0.36850,-0.54157,-0.1916
1851,792619175,32,20.25,12,36,2043.38,2017,2052,2031.38,2021,2053,193,0.19572,-0.31966,-0.54035,-0.1683
1852,792629362,32,19.97,10,26,2042.94,2027,2058,2029.16,2021,2038,193,0.19301,-0.38742,-0.55378,-0.1817
1853,792639547,32,24.31,14,105,2044.75,2037,2052,2031.16,2012,2061,193,0.23496,-0.32637,-0.49853,-0.1938
1854,792649747,32,19.97,17,27,2042.72,2026,2052,2030.06,2021,2036,193,0.19301,-0.35995,-0.56050,-0.1777
1855,792659969,32,20.56,13,27,2043.34,2034,2058,2030.5,2014,2057,193,0.19871,-0.34652,-0.54157,-0.1765
1856,792670164,32,20.28,4,29,2044.03,2023,2054,2031.91,2015,2052,193,0.19601,-0.30348,-0.52051,-0.1615
1857,792680353,32,20.25,16,29,2043.34,2035,2053,2030.84,2025,2035,193,0.19572,-0.33614,-0.54157,-0.1718
1858,792690530,32,19.53,1,30,2043.06,2037,2060,2030.75,2021,2067,193,0.18876,-0.33889,-0.55012,-0.1678
1859,792700752,32,19.56,5,28,2044.56,2040,2066,2029.81,2020,2040,193,0.18905,-0.36758,-0.50433,-0.1648
1860,792710920,32,19.94,1,41,2043.5,2033,2053,2030.28,2022,2036,193,0.19272,-0.35324,-0.53669,-0.1715
1861,792721110,32,20.06,16,27,2046.31,2040,2083,2032.31,2028,2053,193,0.19388,-0.29127,-0.45092,-0.1439
1862,792731342,32,21.19,16,27,2044.09,2040,2053,2028.75,2006,2038,193,0.20480,-0.39994,-0.51868,-0.1881
1863,792741510,32,19.13,0,27,2042.66,2033,2054,2030.44,2026,2056,193,0.18489,-0.34835,-0.56233,-0.1684
1864,792751677,32,19.75,6,30,2043.44,2038,2056,2030.03,2018,2039,193,0.19088,-0.36087,-0.53852,-0.1717
1865,792761846,32,20.0,0,42,2043.75,2035,2058,2030.03,2025,2035,193,0.19330,-0.36087,-0.52906,-0.1720
1866,792771993,32,20.5,12,30,2042.53,2025,2056,2029.78,2006,2042,193,0.19813,-0.36850,-0.56630,-0.1852
1867,792782168,32,19.75,3,28,2043.34,2034,2058,2029.44,2019,2036,193,0.19088,-0.37888,-0.54157,-0.1757
1868,792792352,32,20.47,16,30,2044.31,2041,2056,2029.78,2021,2045,193,0.19784,-0.36850,-0.51197,-0.1742
1869,792802573,32,21.38,11,29,2042.47,2027,2056,2030.81,2012,2050,193,0.20664,-0.33706,-0.56813,-0.1870
1870,792812778,32,20.44,14,31,2043.66,2034,2056,2030.41,2024,2041,193,0.19755,-0.34927,-0.53181,-0.1741
1871,792823003,32,20.34,12,28,2042.97,2037,2049,2029.97,2026,2037,193,0.19659,-0.36270,-0.55287,-0.1800
1872,792833191,32,19.75,5,26,2043.84,2040,2058,2030.88,2025,2043,193,0.19088,-0.33492,-0.52631,-0.1644
1873,792843396,32,20.03,15,30,2043.19,2032,2054,2029.13,2003,2038,193,0.19359,-0.38834,-0.54615,-0.1809
1874,792853596,32,20.66,0,50,2043.19,2040,2053,2031.09,2024,2041,193,0.19968,-0.32851,-0.54615,-0.1747
1875,792863784,32,20.06,0,29,2042.63,2035,2058,2029.38,2012,2037,193,0.19388,-0.38071,-0.56325,-0.1830
1876,792873975,32,19.38,0,35,2042.63,2030,2051,2029.41,2008,2039,193,0.18731,-0.37979,-0.56325,-0.1766
1877,792884159,32,20.63,13,27,2044.94,2038,2057,2029.28,2018,2039,193,0.19939,-0.38376,-0.49273,-0.1748
1878,792894340,32,21.31,14,30,2041.91,2027,2048,2032.63,2027,2044,193,0.20596,-0.28150,-0.58523,-0.1785
1879,792904543,32,20.88,0,39,2043.81,2038,2060,2029.63,2018,2048,193,0.20181,-0.37308,-0.52723,-0.1817
1880,792914736,32,20.03,0,30,2044.53,2035,2057,2030.91,2026,2043,193,0.19359,-0.33400,-0.50525,-0.1625
1881,792924923,32,19.13,3,35,2043.41,2037,2050,2029.53,2014,2035,193,0.18489,-0.37613,-0.53944,-0.1693
1882,792935120,32,19.56,0,35,2043.97,2033,2056,2030.78,2027,2037,193,0.18905,-0.33797,-0.52234,-0.1626
1883,792945314,32,19.28,0,29,2043.72,2034,2050,2031.19,2017,2040,193,0.18634,-0.32546,-0.52998,-0.1594
1884,792955518,32,19.56,8,27,2044.63,2038,2052,2029.69,2024,2052,193,0.18905,-0.37125,-0.50220,-0.1651
1885,792965696,32,20.88,13,36,2044.06,2036,2052,2029.91,2021,2035,193,0.20181,-0.36453,-0.51960,-0.1784
1886,792975909,32,21.41,16,34,2043.66,2034,2052,2030.22,2026,2043,193,0.20693,-0.35507,-0.53181,-0.1835
1887,792986100,32,19.59,8,28,2042.78,2029,2056,2029.84,2025,2037,193,0.18934,-0.36667,-0.55867,-0.1752
1888,792996283,32,18.28,4,27,2044.09,2034,2056,2031.41,2019,2043,193,0.17668,-0.31874,-0.51868,-0.1480
1889,793006484,32,20.78,14,28,2043.88,2030,2057,2029.47,2011,2037,193,0.20084,-0.37796,-0.52509,-0.1814
1890,793016689,32,19.25,0,31,2041.97,2035,2052,2029.75,2015,2042,193,0.18605,-0.36941,-0.58339,-0.1773
1891,793026847,32,21.28,15,32,2043.41,2037,2049,2029.88,2026,2036,193,0.20567,-0.36545,-0.53944,-0.1861
1892,793037013,32,20.91,15,28,2043.97,2037,2051,2030.0,2017,2041,193,0.20210,-0.36178,-0.52234,-0.1787
1893,793047162,32,19.59,0,33,2043.66,2035,2075,2031.25,2010,2057,193,0.18934,-0.32363,-0.53181,-0.1620
1894,793057342,32,19.19,0,29,2042.78,2036,2049,2029.5,2026,2035,193,0.18547,-0.37704,-0.55867,-0.1735
1895,793067511,32,19.63,9,26,2044.94,2040,2056,2030.34,2019,2051,193,0.18972,-0.35140,-0.49273,-0.1602
1896,793077710,32,19.38,0,26,2043.47,2027,2050,2030.03,2023,2037,193,0.18731,-0.36087,-0.53761,-0.1683
1897,793087909,32,20.22,4,26,2042.31,2035,2051,2032.09,2024,2053,193,0.19543,-0.29799,-0.57302,-0.1702
1898,793098113,32,21.47,16,92,2043.63,2024,2050,2029.53,2020,2038,193,0.20751,-0.37613,-0.53272,-0.1886
1899,793108293,32,19.31,5,26,2043.97,2040,2059,2030.44,2009,2057,193,0.18663,-0.34835,-0.52234,-0.1625
1900,793118486,32,21.44,14,38,2044.0,2032,2066,2029.78,2022,2036,193,0.20722,-0.36850,-0.52143,-0.1844
1901,793128687,32,19.22,11,26,2042.97,2033,2053,2032.03,2021,2059,193,0.18576,-0.29982,-0.55287,-0.1584
1902,793138851,32,19.59,5,27,2041.84,2016,2049,2030.59,2020,2037,193,0.18934,-0.34377,-0.58736,-0.1763
1903,793149040,32,21.25,8,41,2043.09,2037,2066,2029.56,2025,2037,193,0.20538,-0.37521,-0.54921,-0.1899
1904,793159201,32,20.13,16,56,2041.59,2033,2048,2029.28,2025,2037,193,0.19456,-0.38376,-0.59499,-0.1904
1905,793169393,32,18.84,4,26,2044.38,2038,2058,2028.84,2020,2035,193,0.18209,-0.39719,-0.50983,-0.1652
1906,793179583,32,21.09,12,38,2043.19,2036,2049,2031.22,2025,2060,193,0.20383,-0.32454,-0.54615,-0.1775
1907,793189801,32,20.47,13,26,2045.38,2040,2066,2032.47,2027,2061,193,0.19784,-0.28639,-0.47930,-0.1515
1908,793200022,32,21.66,9,76,2041.81,2031,2049,2031.03,2022,2038,193,0.20934,-0.33034,-0.58828,-0.1923
1909,793210258,32,21.13,17,30,2043.19,2038,2049,2032.19,2021,2056,193,0.20422,-0.29493,-0.54615,-0.1718
1910,793220449,32,19.94,13,29,2043.38,2034,2054,2031.59,2013,2064,193,0.19272,-0.31325,-0.54035,-0.1645
1911,793230638,32,20.59,0,28,2043.94,2040,2057,2030.5,2017,2036,193,0.19900,-0.34652,-0.52326,-0.1731
1912,793240804,32,19.81,0,26,2043.78,2039,2058,2030.75,2006,2041,193,0.19146,-0.33889,-0.52814,-0.1660
1913,793250982,32,22.28,16,29,2043.66,2040,2056,2031.03,2027,2041,193,0.21534,-0.33034,-0.53181,-0.1857
1914,793261193,32,25.53,11,202,2043.28,2037,2052,2032.81,2022,2098,193,0.24675,-0.27601,-0.54341,-0.2022
1915,793271414,32,20.69,14,27,2044.97,2040,2078,2029.44,2014,2035,193,0.19997,-0.37888,-0.49182,-0.1741
1916,793281584,32,19.66,2,27,2041.94,2037,2048,2031.47,2024,2053,193,0.19001,-0.31691,-0.58431,-0.1712
1917,793291785,32,19.41,6,29,2043.13,2037,2049,2030.41,2018,2036,193,0.18760,-0.34927,-0.54798,-0.1683
1918,793302001,32,19.84,15,25,2042.56,2025,2054,2029.44,2020,2035,193,0.19175,-0.37888,-0.56538,-0.1811
1919,793312231,32,22.44,8,57,2042.91,2037,2049,2031.03,2014,2056,193,0.21688,-0.33034,-0.55470,-0.1920
1920,793322443,32,21.0,10,42,2044.0,2035,2060,2030.38,2027,2037,193,0.20297,-0.35018,-0.52143,-0.1769
1921,793332606,32,21.38,4,56,2042.22,2039,2049,2029.66,2003,2035,193,0.20664,-0.37216,-0.57576,-0.1959
1922,793342810,32,19.47,2,50,2042.25,2025,2051,2029.5,2017,2037,193,0.18818,-0.37704,-0.57485,-0.1791
1923,793352971,32,21.19,13,30,2042.41,2030,2049,2031.59,2008,2049,193,0.20480,-0.31325,-0.56996,-0.1809
1924,793363164,32,21.16,17,31,2041.66,2025,2050,2029.19,2019,2036,193,0.20451,-0.38651,-0.59286,-0.2003
1925,793378893,32,19.97,1,58,2040.94,2018,2066,2030.75,2026,2040,193,0.19301,-0.33889,-0.61483,-0.1841
1926,793389161,32,21.06,13,35,2044.47,2040,2066,2030.03,2024,2038,193,0.20354,-0.36087,-0.50708,-0.1767
1927,793399385,32,20.44,16,34,2043.97,2040,2060,2030.34,2020,2043,193,0.19755,-0.35140,-0.52234,-0.1726
1928,793409599,32,20.41,14,27,2044.25,2039,2073,2031.31,2024,2070,193,0.19726,-0.32179,-0.51380,-0.1648
1929,793419813,32,20.66,16,26,2043.44,2038,2051,2030.03,2011,2038,193,0.19968,-0.36087,-0.53852,-0.1796
1930,793430035,32,18.97,6,27,2043.72,2035,2053,2031.53,2021,2070,193,0.18335,-0.31508,-0.52998,-0.1549
1931,793440228,32,19.44,16,27,2042.84,2036,2065,2032.09,2028,2039,193,0.18789,-0.29799,-0.55684,-0.1606
1932,793450440,32,20.28,11,36,2044.34,2040,2054,2029.69,2024,2038,193,0.19601,-0.37125,-0.51105,-0.1729
1933,793460657,32,19.47,13,27,2042.91,2032,2049,2029.25,2017,2036,193,0.18818,-0.38468,-0.55470,-0.1768
1934,793470855,32,19.34,9,29,2044.72,2038,2073,2029.66,2019,2038,193,0.18692,-0.37216,-0.49945,-0.1629
1935,793481036,32,20.56,9,38,2044.94,2033,2075,2030.28,2025,2045,193,0.19871,-0.35324,-0.49273,-0.1681
1936,793491210,32,20.25,14,26,2043.84,2040,2050,2031.09,2018,2041,193,0.19572,-0.32851,-0.52631,-0.1673
1937,793501377,32,20.16,9,27,2041.69,2018,2049,2029.69,2020,2053,193,0.19485,-0.37125,-0.59194,-0.1877
1938,793511599,32,20.59,16,32,2042.94,2037,2049,2027.97,1998,2036,193,0.19900,-0.42375,-0.55378,-0.1945
1939,793521808,32,20.72,6,29,2043.56,2037,2050,2034.66,2026,2091,193,0.20026,-0.21954,-0.53486,-0.1511
1940,793531995,32,19.5,13,27,2041.59,2012,2051,2028.69,2014,2037,193,0.18847,-0.40177,-0.59499,-0.1879
1941,793542188,32,19.13,0,26,2041.88,2019,2052,2030.19,2020,2040,193,0.18489,-0.35598,-0.58614,-0.1742
1942,793552378,32,19.91,2,45,2044.81,2036,2126,2029.5,2014,2038,193,0.19243,-0.37704,-0.49670,-0.1681
1943,793562550,32,19.66,11,26,2042.31,2036,2048,2030.81,2008,2060,193,0.19001,-0.33706,-0.57302,-0.1729
1944,793572770,32,21.06,11,28,2043.44,2034,2051,2029.22,2019,2035,193,0.20354,-0.38559,-0.53852,-0.1881
1945,793582978,32,20.22,17,26,2042.84,2033,2049,2028.47,1974,2040,193,0.19543,-0.40849,-0.55684,-0.1886
1946,793593191,32,21.16,14,32,2043.75,2034,2061,2030.69,2026,2038,193,0.20451,-0.34072,-0.52906,-0.1779
1947,793603358,32,18.97,11,25,2044.5,2040,2054,2030.03,2027,2035,193,0.18335,-0.36087,-0.50617,-0.1590
1948,793613556,32,19.59,13,28,2042.88,2033,2058,2029.88,2027,2044,193,0.18934,-0.36545,-0.55562,-0.1744
1949,793623771,32,19.59,9,30,2044.03,2038,2054,2032.03,2025,2049,193,0.18934,-0.29982,-0.52051,-0.1553
1950,793633957,32,20.13,0,31,2042.53,2037,2052,2029.19,2025,2035,193,0.19456,-0.38651,-0.56630,-0.1854
1951,793644177,32,20.31,0,54,2042.03,2036,2049,2031.19,2018,2037,193,0.19630,-0.32546,-0.58156,-0.1780
1952,793654373,32,19.28,1,50,2041.78,2018,2050,2030.47,2011,2036,193,0.18634,-0.34744,-0.58919,-0.1745
1953,793664587,32,19.63,13,35,2042.38,2022,2051,2029.66,1999,2036,193,0.18972,-0.37216,-0.57088,-0.1789
1954,793674821,32,19.47,4,44,2041.28,2021,2049,2031.25,2003,2048,193,0.18818,-0.32363,-0.60446,-0.1746
1955,793684982,32,18.91,0,26,2042.06,2036,2056,2030.28,2017,2039,193,0.18277,-0.35324,-0.58065,-0.1707
1956,793695205,32,18.66,0,30,2042.94,2024,2076,2032.09,2022,2045,193,0.18035,-0.29799,-0.55378,-0.1536
1957,793705391,32,20.66,16,32,2041.84,2029,2048,2030.94,2026,2039,193,0.19968,-0.33309,-0.58736,-0.1838
1958,793715606,32,21.16,16,28,2044.16,2037,2067,2030.25,2021,2038,193,0.20451,-0.35415,-0.51654,-0.1781
1959,793725793,32,19.88,0,26,2040.19,1983,2050,2029.19,2005,2038,193,0.19214,-0.38651,-0.63773,-0.1968
1960,793735994,32,19.34,0,33,2042.41,2036,2051,2028.03,2000,2038,193,0.18692,-0.42192,-0.56996,-0.1854
1961,793746192,32,19.84,6,27,2041.22,2027,2050,2030.0,2020,2036,193,0.19175,-0.36178,-0.60629,-0.1856
1962,793756366,32,22.13,12,48,2042.34,2038,2049,2030.81,2014,2038,193,0.21389,-0.33706,-0.57210,-0.1945
1963,793766540,32,20.06,13,28,2042.16,2036,2049,2031.28,2016,2062,193,0.19388,-0.32271,-0.57759,-0.1746
1964,793776761,32,20.16,12,32,2042.97,2032,2065,2029.31,2014,2040,193,0.19485,-0.38284,-0.55287,-0.1823
1965,793786951,32,23.13,11,84,2044.28,2037,2056,2030.88,2021,2042,193,0.22355,-0.33492,-0.51288,-0.1895
1966,793797159,32,20.69,17,27,2045.09,2040,2051,2030.5,2010,2038,193,0.19997,-0.34652,-0.48816,-0.1669
1967,793807357,32,20.59,16,27,2041.28,2034,2049,2031.34,2021,2059,193,0.19900,-0.32088,-0.60446,-0.1841
1968,793817579,32,21.94,14,78,2043.94,2038,2082,2029.59,2016,2048,193,0.21205,-0.37430,-0.52326,-0.1903
1969,793827768,32,19.0,14,26,2042.88,2025,2054,2030.5,2025,2038,193,0.18363,-0.34652,-0.55562,-0.1657
1970,793837905,32,19.63,4,32,2042.5,2038,2050,2029.69,2018,2039,193,0.18972,-0.37125,-0.56722,-0.1780
1971,793848064,32,20.69,17,35,2043.19,2037,2050,2029.53,2013,2048,193,0.19997,-0.37613,-0.54615,-0.1844
1972,793858278,32,20.59,8,26,2042.88,2034,2059,2030.88,2014,2044,193,0.19900,-0.33492,-0.55562,-0.1772
1973,793868459,32,19.75,8,37,2042.78,2031,2052,2030.06,2016,2041,193,0.19088,-0.35995,-0.55867,-0.1753
1974,793878655,32,21.47,10,40,2042.22,2038,2049,2031.41,2024,2050,193,0.20751,-0.31874,-0.57576,-0.1856
1975,793888854,32,20.81,17,52,2042.94,2034,2051,2030.13,2025,2037,193,0.20113,-0.35781,-0.55378,-0.1833
1976,793899044,32,20.16,1,30,2042.66,2035,2049,2030.5,2018,2046,193,0.19485,-0.34652,-0.56233,-0.1771
1977,793909216,32,19.78,3,49,2044.5,2035,2076,2031.34,2026,2048,193,0.19117,-0.32088,-0.50617,-0.1581
1978,793919405,32,19.13,0,25,2043.34,2035,2049,2031.13,2022,2041,193,0.18489,-0.32729,-0.54157,-0.1606
1979,793929611,32,19.72,6,30,2041.72,2029,2061,2031.28,2023,2037,193,0.19059,-0.32271,-0.59103,-0.1742
1980,793939819,32,19.78,0,26,2042.84,2032,2059,2029.91,1989,2049,193,0.19117,-0.36453,-0.55684,-0.1761
1981,793949972,32,18.59,1,29,2042.06,2036,2048,2028.97,2019,2036,193,0.17967,-0.39322,-0.58065,-0.1750
1982,793960173,32,20.44,0,59,2044.13,2037,2058,2029.94,2024,2040,193,0.19755,-0.36361,-0.51746,-0.1741
1983,793970363,32,19.22,0,27,2044.31,2040,2050,2030.84,2025,2050,193,0.18576,-0.33614,-0.51197,-0.1575
1984,793980591,32,20.5,8,33,2043.0,2040,2059,2029.53,2022,2035,193,0.19813,-0.37613,-0.55195,-0.1839
1985,793990742,32,21.13,11,37,2043.78,2038,2051,2027.47,1997,2035,193,0.20422,-0.43901,-0.52814,-0.1975
1986,794000968,32,20.16,1,29,2043.41,2040,2050,2029.41,2008,2046,193,0.19485,-0.37979,-0.53944,-0.1791
1987,794011181,32,18.56,1,25,2043.0,2027,2068,2030.09,2026,2037,193,0.17938,-0.35904,-0.55195,-0.1634
1988,794021358,32,19.78,9,27,2044.0,2040,2052,2029.72,2018,2041,193,0.19117,-0.37033,-0.52143,-0.1705
1989,794031525,32,20.13,13,28,2043.94,2037,2059,2031.34,2001,2053,193,0.19456,-0.32088,-0.52326,-0.1642
1990,794041712,32,21.06,9,28,2044.09,2026,2051,2031.13,2013,2043,193,0.20354,-0.32729,-0.51868,-0.1722
1991,794051936,32,19.97,11,27,2044.22,2036,2062,2029.31,2024,2040,193,0.19301,-0.38284,-0.51471,-0.1732
1992,794062128,32,20.44,12,28,2043.16,2033,2053,2029.72,2024,2036,193,0.19755,-0.37033,-0.54707,-0.1812
1993,794072304,32,22.41,14,59,2044.69,2036,2059,2030.19,2022,2035,193,0.21659,-0.35598,-0.50037,-0.1855
1994,794082498,32,20.16,0,33,2043.22,2028,2053,2030.53,2003,2087,193,0.19485,-0.34560,-0.54524,-0.1736
1995,794092665,32,21.13,16,50,2042.84,2037,2050,2031.06,2026,2057,193,0.20422,-0.32943,-0.55684,-0.1810
1996,794102867,32,20.78,11,37,2043.38,2038,2052,2028.91,1997,2036,193,0.20084,-0.39505,-0.54035,-0.1879
1997,794113083,32,20.25,12,30,2043.81,2025,2050,2029.25,2024,2035,193,0.19572,-0.38468,-0.52723,-0.1785
1998,794123231,32,20.75,14,31,2043.03,2040,2056,2028.34,2008,2035,193,0.20055,-0.41245,-0.55104,-0.1932
1999,794133427,32,19.66,0,39,2042.44,2019,2049,2029.91,2021,2037,193,0.19001,-0.36453,-0.56905,-0.1774
2000,794143624,32,21.5,8,58,2042.34,2029,2050,2031.84,2027,2062,193,0.20780,-0.30562,-0.57210,-0.1824
2001,794153810,32,20.31,15,26,2043.56,2028,2057,2030.22,2007,2045,193,0.19630,-0.35507,-0.53486,-0.1747
2002,794164019,32,19.63,4,26,2043.53,2037,2052,2029.81,2011,2068,193,0.18972,-0.36758,-0.53577,-0.1714
2003,794174244,32,23.16,15,70,2044.84,2029,2067,2029.97,2019,2036,193,0.22384,-0.36270,-0.49579,-0.1922
2004,794184452,32,20.56,16,29,2046.75,2037,2058,2031.47,2024,2049,193,0.19871,-0.31691,-0.43748,-0.1499
2005,794194659,32,22.41,13,61,2048.88,2041,2053,2029.63,2017,2042,193,0.21659,-0.37308,-0.37247,-0.1615
2006,794204865,32,19.13,0,32,2049.81,2030,2059,2035.06,2032,2041,193,0.18489,-0.20733,-0.34408,-0.1019
2007,794215040,32,20.28,10,42,2052.28,2049,2057,2036.66,2030,2071,193,0.19601,-0.15849,-0.26868,-0.0837
2008,794225249,32,18.53,0,27,2051.56,2048,2058,2035.72,2022,2045,193,0.17909,-0.18718,-0.29066,-0.0856
2009,794235463,32,19.81,17,34,2053.16,2044,2059,2035.56,2024,2049,193,0.19146,-0.19206,-0.24182,-0.0831
2010,794245669,32,20.66,5,41,2052.97,2040,2062,2038.0,2030,2045,193,0.19968,-0.11758,-0.24762,-0.0729
2011,794255859,32,20.03,10,27,2052.75,2037,2061,2039.16,2018,2051,193,0.19359,-0.08217,-0.25433,-0.0651
2012,794266027,32,21.06,8,42,2054.94,2033,2068,2036.22,2027,2056,193,0.20354,-0.17192,-0.18748,-0.0732
2013,794276228,32,19.75,14,30,2057.06,2052,2065,2038.47,2027,2045,193,0.19088,-0.10324,-0.12277,-0.0431
2014,794286382,32,20.19,15,29,2058.38,2054,2065,2040.28,2034,2048,193,0.19514,-0.04799,-0.08248,-0.0255
2015,794296586,32,19.84,13,28,2059.41,2048,2068,2041.72,2035,2068,193,0.19175,-0.00403,-0.05104,-0.0106
2016,794306789,32,20.31,13,37,2062.06,2058,2074,2039.94,2027,2049,193,0.19630,-0.05836,0.02985,-0.0056
2017,794316991,32,18.78,0,37,2061.97,2059,2068,2042.88,2033,2055,193,0.18151,0.03138,0.02711,0.0106
2018,794327181,32,19.34,5,27,2060.94,2056,2067,2043.19,2036,2070,193,0.18692,0.04084,-0.00433,0.0068
2019,794337402,32,20.19,1,35,2062.25,2058,2067,2044.06,2027,2052,193,0.19514,0.06740,0.03565,0.0201
2020,794347586,32,20.0,10,27,2061.25,2056,2066,2044.22,2017,2068,193,0.19330,0.07228,0.00513,0.0150
2021,794357753,32,20.78,8,27,2061.88,2053,2073,2044.19,2037,2065,193,0.20084,0.07137,0.02436,0.0192
2022,794367933,32,19.91,10,28,2061.09,2054,2067,2043.47,2037,2050,193,0.19243,0.04939,0.00024,0.0096
2023,794378123,32,21.38,0,38,2061.47,2058,2070,2042.56,2031,2049,193,0.20664,0.02161,0.01184,0.0069
2024,794388304,32,18.72,5,25,2062.09,2054,2082,2041.97,2011,2049,193,0.18093,0.00360,0.03077,0.0062
2025,794398518,32,21.53,13,58,2062.41,2058,2082,2045.16,2031,2072,193,0.20809,0.10098,0.04054,0.0294
2026,794408727,32,20.69,15,33,2061.59,2058,2068,2043.03,2032,2056,193,0.19997,0.03596,0.01551,0.0103
2027,794418942,32,19.13,5,27,2060.16,2044,2066,2043.88,2039,2050,193,0.18489,0.06190,-0.02814,0.0062
2028,794429136,32,19.41,3,35,2061.25,2056,2067,2042.97,2035,2053,193,0.18760,0.03413,0.00513,0.0074
2029,794439337,32,19.09,14,26,2062.19,2057,2069,2044.59,2038,2053,193,0.18450,0.08358,0.03382,0.0217
2030,794449532,32,19.56,14,27,2062.28,2059,2074,2044.25,2041,2067,193,0.18905,0.07320,0.03657,0.0208
2031,794459690,32,20.81,16,38,2061.31,2052,2079,2042.5,2033,2049,193,0.20113,0.01978,0.00696,0.0054
2032,794469862,32,19.16,0,27,2060.91,2058,2066,2043.78,2033,2064,193,0.18518,0.05885,-0.00525,0.0099
2033,794480040,32,20.34,14,26,2061.75,2055,2068,2043.16,2024,2069,193,0.19659,0.03993,0.02039,0.0119
2034,794490230,32,21.09,16,29,2061.88,2056,2067,2044.44,2035,2060,193,0.20383,0.07900,0.02436,0.0211
2035,794500448,32,20.66,16,31,2061.41,2058,2074,2041.72,2030,2051,193,0.19968,-0.00403,0.01001,0.0012
2036,794510668,32,19.94,15,27,2061.47,2057,2067,2043.81,2038,2065,193,0.19272,0.05977,0.01184,0.0138
2037,794520852,32,20.22,11,33,2060.47,2051,2066,2042.75,2021,2050,193,0.19543,0.02741,-0.01868,0.0017
2038,794531009,32,18.97,5,28,2062.13,2054,2078,2044.5,2036,2053,193,0.18335,0.08083,0.03199,0.0207
2039,794541189,32,19.19,9,28,2060.81,2045,2068,2044.25,2040,2059,193,0.18547,0.07320,-0.00830,0.0120
2040,794551377,32,19.56,0,29,2062.84,2058,2088,2042.94,2015,2054,193,0.18905,0.03321,0.05366,0.0164
2041,794561582,32,20.53,13,27,2061.47,2057,2069,2042.44,2018,2050,193,0.19842,0.01795,0.01184,0.0059
2042,794571799,32,20.06,14,29,2061.63,2053,2070,2042.53,2035,2050,193,0.19388,0.02070,0.01673,0.0073
2043,794581988,32,20.31,5,31,2061.38,2057,2067,2042.59,2034,2052,193,0.19630,0.02253,0.00910,0.0062
2044,794592183,32,19.66,16,33,2061.31,2058,2068,2041.75,2025,2052,193,0.19001,-0.00311,0.00696,0.0007
2045,794602362,32,20.81,14,44,2061.44,2058,2067,2043.19,2038,2052,193,0.20113,0.04084,0.01093,0.0104
2046,794612593,32,21.25,16,36,2061.75,2053,2078,2043.75,2030,2056,193,0.20538,0.05794,0.02039,0.0161
2047,794622706,32,19.59,1,32,2062.16,2056,2068,2043.13,2028,2060,193,0.18934,0.03901,0.03291,0.0136
2048,794632875,32,20.59,16,38,2061.88,2058,2067,2043.94,2038,2057,193,0.19900,0.06374,0.02436,0.0175
2049,794643075,32,20.53,8,33,2062.5,2056,2072,2044.44,2038,2052,193,0.19842,0.07900,0.04328,0.0243
2050,794653249,32,20.28,12,27,2061.78,2056,2067,2046.09,2040,2075,193,0.19601,0.12936,0.02131,0.0295
2051,794663465,32,19.66,16,27,2060.88,2058,2066,2043.22,2035,2054,193,0.19001,0.04176,-0.00617,0.0068
2052,794673662,32,19.94,16,27,2061.81,2058,2080,2043.91,2038,2062,193,0.19272,0.06282,0.02222,0.0164
2053,794683859,32,18.47,1,25,2061.13,2058,2070,2042.94,2022,2050,193,0.17851,0.03321,0.00147,0.0062
2054,794694020,32,20.28,16,27,2061.88,2056,2077,2045.63,2040,2073,193,0.19601,0.11532,0.02436,0.0274
2055,794704203,32,19.41,6,29,2061.69,2053,2074,2044.41,2031,2052,193,0.18760,0.07808,0.01856,0.0181
2056,794714425,32,20.91,13,27,2062.22,2054,2070,2044.09,2038,2051,193,0.20210,0.06831,0.03474,0.0208
2057,794724643,32,20.44,17,34,2062.06,2058,2072,2042.09,2018,2050,193,0.19755,0.00726,0.02985,0.0073
2058,794734855,32,20.22,14,28,2062.88,2056,2083,2043.81,2034,2066,193,0.19543,0.05977,0.05488,0.0224
2059,794745090,32,21.09,14,30,2061.69,2053,2073,2043.81,2033,2052,193,0.20383,0.05977,0.01856,0.0160
2060,794755279,32,20.53,0,28,2061.22,2045,2075,2041.94,2019,2055,193,0.19842,0.00269,0.00421,0.0014
2061,794765487,32,19.97,14,28,2062.06,2056,2070,2043.78,2039,2053,193,0.19301,0.05885,0.02985,0.0171
2062,794775677,32,20.06,13,29,2060.81,2058,2066,2043.56,2033,2054,193,0.19388,0.05214,-0.00830,0.0085
2063,794785879,32,19.56,10,33,2061.56,2051,2067,2042.88,2037,2050,193,0.18905,0.03138,0.01459,0.0087
2064,794796059,32,19.91,16,27,2062.09,2049,2078,2042.56,2017,2060,193,0.19243,0.02161,0.03077,0.0101
2065,794806268,32,18.34,12,25,2060.84,2042,2067,2042.19,2031,2051,193,0.17726,0.01032,-0.00739,0.0005
2066,794816492,32,20.56,11,32,2061.94,2054,2075,2043.44,2034,2053,193,0.19871,0.04847,0.02619,0.0148
2067,794826707,32,19.75,9,27,2062.09,2052,2067,2044.41,2038,2052,193,0.19088,0.07808,0.03077,0.0208
2068,794836887,32,21.59,14,38,2061.81,2053,2069,2045.34,2041,2068,193,0.20867,0.10647,0.02222,0.0269
2069,794847105,32,21.28,17,28,2062.59,2053,2079,2041.69,2011,2050,193,0.20567,-0.00495,0.04603,0.0085
2070,794857308,32,20.03,16,29,2060.59,2049,2070,2043.75,2029,2052,193,0.19359,0.05794,-0.01502,0.0083
2071,794867477,32,20.5,16,28,2062.19,2057,2069,2043.34,2038,2051,193,0.19813,0.04542,0.03382,0.0157
2072,794877633,32,20.03,15,26,2060.72,2044,2067,2044.38,2036,2058,193,0.19359,0.07717,-0.01105,0.0128
2073,794887832,32,19.0,10,25,2060.66,2048,2067,2043.0,2040,2050,193,0.18363,0.03504,-0.01288,0.0041
2074,794897989,32,19.97,17,26,2062.34,2052,2071,2043.69,2033,2054,193,0.19301,0.05610,0.03840,0.0182
2075,794908182,32,20.69,7,27,2063.63,2050,2082,2042.44,2032,2050,193,0.19997,0.01795,0.07778,0.0191
2076,794918377,32,20.09,16,28,2062.31,2058,2066,2043.41,2040,2052,193,0.19417,0.04756,0.03748,0.0165
2077,794928584,32,20.66,8,27,2061.81,2058,2067,2045.81,2037,2063,193,0.19968,0.12082,0.02222,0.0286
2078,794938766,32,20.72,17,29,2061.59,2057,2077,2042.69,2031,2053,193,0.20026,0.02558,0.01551,0.0082
2079,794948947,32,21.44,16,33,2062.44,2059,2070,2042.88,2033,2053,193,0.20722,0.03138,0.04145,0.0151
2080,794959135,32,20.31,16,27,2062.41,2057,2068,2044.88,2040,2059,193,0.19630,0.09243,0.04054,0.0261
2081,794969345,32,20.41,14,28,2060.91,2053,2066,2042.75,2040,2051,193,0.19726,0.02741,-0.00525,0.0044
2082,794979532,32,19.97,4,37,2061.72,2057,2068,2042.88,2012,2051,193,0.19301,0.03138,0.01947,0.0098
2083,794989730,32,21.97,14,60,2061.13,2058,2069,2043.28,2036,2053,193,0.21234,0.04359,0.00147,0.0096
2084,794999963,32,20.13,0,36,2061.28,2042,2066,2043.28,2036,2051,193,0.19456,0.04359,0.00604,0.0097
2085,795010150,32,21.22,14,52,2061.69,2059,2070,2045.19,2037,2075,193,0.20509,0.10189,0.01856,0.0247
2086,795020332,32,23.66,17,54,2062.34,2057,2068,2044.5,2038,2064,193,0.22867,0.08083,0.03840,0.0273
2087,795030514,32,19.31,10,27,2061.75,2048,2077,2043.34,2029,2062,193,0.18663,0.04542,0.02039,0.0123
2088,795040715,32,20.84,5,31,2061.13,2055,2067,2044.25,2035,2065,193,0.20142,0.07320,0.00147,0.0150
2089,795050884,32,19.44,14,25,2061.78,2057,2067,2043.88,2038,2051,193,0.18789,0.06190,0.02131,0.0156
2090,795061088,32,20.69,16,27,2061.97,2056,2073,2041.97,2018,2051,193,0.19997,0.00360,0.02711,0.0061
2091,795071281,32,20.0,13,29,2061.25,2053,2072,2042.81,2032,2051,193,0.19330,0.02924,0.00513,0.0066
2092,795081456,32,20.41,11,30,2061.41,2058,2067,2042.88,2033,2050,193,0.19726,0.03138,0.01001,0.0082
2093,795091641,32,20.5,13,27,2062.53,2057,2075,2044.41,2034,2053,193,0.19813,0.07808,0.04420,0.0242
2094,795101819,32,20.25,8,38,2062.94,2058,2069,2045.09,2038,2068,193,0.19572,0.09884,0.05672,0.0304
2095,795112031,32,19.88,11,26,2061.31,2056,2067,2044.22,2035,2050,193,0.19214,0.07228,0.00696,0.0152
2096,795122233,32,19.84,14,26,2061.69,2057,2066,2043.38,2036,2053,193,0.19175,0.04664,0.01856,0.0125
2097,795132460,32,20.31,0,27,2059.91,2038,2069,2041.75,2015,2049,193,0.19630,-0.00311,-0.03578,-0.0076
2098,795142655,32,19.53,11,26,2061.16,2052,2073,2042.28,2035,2050,193,0.18876,0.01306,0.00238,0.0029
2099,795152845,32,20.94,16,28,2060.31,2053,2066,2043.28,2037,2053,193,0.20239,0.04359,-0.02357,0.0041
2100,795163041,32,20.5,13,28,2061.97,2058,2073,2042.88,2036,2056,193,0.19813,0.03138,0.02711,0.0116
2101,795173212,32,21.78,11,56,2061.78,2058,2067,2044.16,2036,2057,193,0.21050,0.07045,0.02131,0.0193
2102,795183397,32,19.28,5,37,2061.53,2056,2069,2043.94,2020,2054,193,0.18634,0.06374,0.01368,0.0144
2103,795193601,32,19.47,2,27,2060.94,2052,2066,2042.38,2028,2064,193,0.18818,0.01612,-0.00433,0.0022
2104,795203779,32,21.53,0,62,2061.28,2056,2067,2043.81,2035,2063,193,0.20809,0.05977,0.00604,0.0137
2105,795213975,32,19.47,14,27,2061.78,2052,2089,2043.38,2037,2053,193,0.18818,0.04664,0.02131,0.0128
2106,795224194,32,20.72,7,29,2060.84,2056,2067,2043.28,2037,2068,193,0.20026,0.04359,-0.00739,0.0072
2107,795234385,32,19.5,9,26,2061.31,2053,2066,2043.94,2032,2050,193,0.18847,0.06374,0.00696,0.0133
2108,795244579,32,20.0,14,29,2061.0,2048,2075,2043.75,2035,2050,193,0.19330,0.05794,-0.00250,0.0107
2109,795254749,32,20.56,14,27,2061.88,2051,2074,2044.06,2027,2073,193,0.19871,0.06740,0.02436,0.0182
2110,795264952,32,21.31,13,30,2061.84,2057,2074,2043.41,2040,2053,193,0.20596,0.04756,0.02314,0.0146
2111,795275179,32,20.09,14,31,2062.06,2054,2068,2044.28,2016,2073,193,0.19417,0.07411,0.02985,0.0202
2112,795285363,32,18.84,6,25,2061.72,2057,2069,2043.19,2026,2062,193,0.18209,0.04084,0.01947,0.0110
2113,795295557,32,21.06,10,57,2061.72,2059,2068,2044.78,2041,2056,193,0.20354,0.08938,0.01947,0.0222
2114,795305758,32,20.94,12,29,2061.28,2049,2068,2044.66,2035,2053,193,0.20239,0.08571,0.00604,0.0186
2115,795315976,32,19.88,12,26,2061.5,2050,2071,2043.97,2037,2067,193,0.19214,0.06465,0.01276,0.0149
2116,795326144,32,20.63,16,38,2062.03,2058,2067,2043.28,2037,2051,193,0.19939,0.04359,0.02894,0.0145
2117,795336370,32,20.0,0,35,2062.47,2053,2085,2044.13,2033,2054,193,0.19330,0.06954,0.04237,0.0216
2118,795346559,32,19.03,2,28,2061.44,2058,2066,2043.75,2035,2050,193,0.18392,0.05794,0.01093,0.0127
2119,795356773,32,19.75,0,29,2061.22,2052,2067,2044.25,2038,2077,193,0.19088,0.07320,0.00421,0.0148
2120,795366942,32,20.16,6,27,2061.72,2045,2069,2044.16,2039,2051,193,0.19485,0.07045,0.01947,0.0175
2121,795377151,32,19.84,13,28,2061.81,2056,2076,2043.16,2038,2050,193,0.19175,0.03993,0.02222,0.0119
2122,795387336,32,20.16,16,28,2061.53,2050,2067,2044.38,2037,2052,193,0.19485,0.07717,0.01368,0.0177
2123,795397542,32,20.44,13,35,2060.31,2051,2066,2043.44,2037,2052,193,0.19755,0.04847,-0.02357,0.0049
2124,795407742,32,19.84,1,27,2061.97,2058,2067,2042.53,2034,2050,193,0.19175,0.02070,0.02711,0.0092
2125,795417903,32,19.25,16,26,2061.0,2045,2069,2044.09,2032,2064,193,0.18605,0.06831,-0.00250,0.0122
2126,795428049,32,20.13,11,40,2062.28,2057,2071,2042.63,2035,2050,193,0.19456,0.02375,0.03657,0.0117
2127,795438213,32,21.06,13,34,2062.69,2057,2068,2044.31,2037,2050,193,0.20354,0.07503,0.04908,0.0253
2128,795448419,32,19.63,12,30,2061.72,2056,2068,2041.97,2032,2050,193,0.18972,0.00360,0.01947,0.0044
2129,795458606,32,20.06,14,27,2061.31,2054,2072,2043.81,2016,2081,193,0.19388,0.05977,0.00696,0.0129
2130,795468817,32,19.22,17,26,2062.16,2057,2070,2043.84,2036,2051,193,0.18576,0.06068,0.03291,0.0174
2131,795479004,32,19.69,8,35,2062.28,2058,2075,2044.0,2022,2082,193,0.19030,0.06557,0.03657,0.0194
2132,795489154,32,21.28,16,30,2061.53,2058,2066,2043.88,2036,2050,193,0.20567,0.06190,0.01368,0.0155
2133,795499355,32,19.81,12,25,2062.16,2056,2067,2044.63,2038,2053,193,0.19146,0.08480,0.03291,0.0225
2134,795509588,32,19.81,14,26,2061.84,2058,2072,2043.5,2025,2060,193,0.19146,0.05031,0.02314,0.0141
2135,795519756,32,20.19,16,26,2061.34,2058,2069,2044.66,2038,2051,193,0.19514,0.08571,0.00788,0.0183
2136,795529949,32,20.22,12,28,2062.19,2058,2072,2044.28,2041,2051,193,0.19543,0.07411,0.03382,0.0211
2137,795540141,32,20.69,14,33,2061.88,2056,2069,2044.06,2040,2058,193,0.19997,0.06740,0.02436,0.0183
2138,795550340,32,19.94,14,27,2061.59,2054,2067,2044.97,2017,2060,193,0.19272,0.09518,0.01551,0.0213
2139,795560543,32,20.38,6,27,2061.75,2043,2067,2043.06,2030,2050,193,0.19697,0.03687,0.02039,0.0113
2140,795570735,32,19.94,0,27,2061.31,2049,2069,2042.56,2036,2050,193,0.19272,0.02161,0.00696,0.0055
2141,795580936,32,20.44,16,27,2060.75,2051,2068,2043.47,2024,2049,193,0.19755,0.04939,-0.01013,0.0078
2142,795591137,32,21.94,16,47,2060.72,2052,2067,2043.28,2016,2056,193,0.21205,0.04359,-0.01105,0.0069
2143,795601345,32,20.13,10,26,2061.34,2057,2067,2044.06,2038,2051,193,0.19456,0.06740,0.00788,0.0146
2144,795611546,32,19.47,11,30,2060.69,2056,2066,2045.19,2038,2056,193,0.18818,0.10189,-0.01197,0.0169
2145,795621727,32,19.88,12,28,2061.06,2057,2074,2044.03,2037,2073,193,0.19214,0.06648,-0.00067,0.0126
2146,795631927,32,19.94,16,25,2061.94,2053,2072,2044.84,2037,2065,193,0.19272,0.09121,0.02619,0.0226
2147,795642094,32,20.97,12,50,2062.28,2059,2066,2042.63,2016,2053,193,0.20268,0.02375,0.03657,0.0122
2148,795652295,32,20.25,8,44,2061.94,2056,2068,2043.81,2031,2054,193,0.19572,0.05977,0.02619,0.0168
2149,795662479,32,20.06,15,27,2062.06,2058,2068,2044.31,2032,2054,193,0.19388,0.07503,0.02985,0.0203
2150,795672702,32,20.25,16,28,2061.53,2056,2067,2043.38,2027,2057,193,0.19572,0.04664,0.01368,0.0118
2151,795682887,32,20.28,5,38,2061.06,2058,2067,2044.06,2022,2052,193,0.19601,0.06740,-0.00067,0.0131
2152,795693074,32,20.0,17,26,2061.66,2058,2070,2045.81,2041,2072,193,0.19330,0.12082,0.01764,0.0268
2153,795703255,32,20.47,10,29,2060.31,2049,2068,2043.84,2035,2075,193,0.19784,0.06068,-0.02357,0.0073
2154,795713462,32,20.28,13,36,2061.88,2057,2073,2042.91,2033,2053,193,0.19601,0.03230,0.02436,0.0111
2155,795723646,32,21.22,3,30,2061.38,2058,2066,2042.22,2034,2049,193,0.20509,0.01123,0.00910,0.0042
2156,795733843,32,20.31,17,28,2061.72,2053,2072,2043.66,2029,2052,193,0.19630,0.05519,0.01947,0.0147
2157,795744042,32,19.41,7,29,2060.97,2043,2080,2042.56,2025,2049,193,0.18760,0.02161,-0.00342,0.0034
2158,795754191,32,20.06,8,29,2061.75,2057,2068,2043.06,2038,2052,193,0.19388,0.03687,0.02039,0.0111
2159,795764382,32,18.84,0,29,2061.03,2058,2066,2042.59,2040,2049,193,0.18209,0.02253,-0.00159,0.0038
2160,795774584,32,21.56,14,64,2061.09,2044,2067,2043.44,2035,2054,193,0.20838,0.04847,0.00024,0.0102
2161,795784768,32,20.0,13,26,2061.31,2057,2067,2043.38,2032,2053,193,0.19330,0.04664,0.00696,0.0104
2162,795794946,32,19.97,12,32,2060.47,2050,2067,2043.97,2030,2057,193,0.19301,0.06465,-0.01868,0.0089
2163,795805153,32,20.38,13,36,2061.13,2049,2069,2044.09,2037,2052,193,0.19697,0.06831,0.00147,0.0137
2164,795815329,32,20.59,0,46,2062.16,2058,2072,2042.84,2037,2050,193,0.19900,0.03016,0.03291,0.0126
2165,795825514,32,20.22,5,30,2063.09,2054,2089,2044.47,2041,2052,193,0.19543,0.07991,0.06129,0.0276
2166,795835722,32,19.38,13,25,2061.81,2056,2074,2043.63,2035,2052,193,0.18731,0.05427,0.02222,0.0143
2167,795845934,32,19.03,2,27,2061.91,2054,2068,2042.97,2027,2053,193,0.18392,0.03413,0.02527,0.0109
2168,795856126,32,18.59,0,26,2061.13,2057,2067,2043.66,2040,2049,193,0.17967,0.05519,0.00147,0.0102
2169,795866311,32,19.34,12,26,2061.81,2058,2067,2044.69,2038,2056,193,0.18692,0.08663,0.02222,0.0203
2170,795876509,32,20.59,16,35,2062.31,2056,2072,2043.44,2025,2056,193,0.19900,0.04847,0.03748,0.0171
2171,795886695,32,19.75,11,26,2061.78,2050,2069,2043.28,2040,2050,193,0.19088,0.04359,0.02131,0.0124
2172,795896909,32,22.09,17,44,2061.72,2059,2066,2043.13,2036,2059,193,0.21350,0.03901,0.01947,0.0125
2173,795907094,32,20.91,17,40,2060.72,2058,2066,2043.44,2032,2076,193,0.20210,0.04847,-0.01105,0.0076
2174,795917259,32,20.66,5,38,2062.28,2058,2086,2042.88,2036,2052,193,0.19968,0.03138,0.03657,0.0136
2175,795927441,32,21.88,17,40,2062.66,2056,2081,2042.78,2017,2050,193,0.21147,0.02833,0.04817,0.0162
2176,795937644,32,20.38,8,29,2062.88,2057,2078,2043.59,2032,2060,193,0.19697,0.05305,0.05488,0.0213
2177,795947817,32,21.03,12,29,2060.81,2041,2066,2044.28,2032,2056,193,0.20325,0.07411,-0.00830,0.0134
2178,795958005,32,21.31,14,33,2061.59,2059,2068,2043.31,2030,2049,193,0.20596,0.04451,0.01551,0.0124
2179,795968221,32,21.19,16,28,2061.41,2056,2068,2042.88,2038,2051,193,0.20480,0.03138,0.01001,0.0085
2180,795978410,32,19.75,8,27,2062.06,2054,2067,2043.53,2026,2053,193,0.19088,0.05122,0.02985,0.0155
2181,795988582,32,19.78,14,26,2061.78,2058,2068,2043.44,2040,2051,193,0.19117,0.04847,0.02131,0.0133
2182,795998791,32,19.69,13,28,2061.34,2049,2075,2043.84,2029,2051,193,0.19030,0.06068,0.00788,0.0130
2183,796008992,32,22.75,9,52,2062.5,2058,2069,2043.63,2027,2054,193,0.21988,0.05427,0.04328,0.0215
2184,796019187,32,21.34,15,57,2060.81,2057,2069,2044.09,2026,2062,193,0.20625,0.06831,-0.00830,0.0124
2185,796029391,32,21.22,17,30,2061.19,2057,2066,2042.69,2019,2070,193,0.20509,0.02558,0.00330,0.0059
2186,796039610,32,20.56,14,42,2063.69,2059,2089,2043.84,2016,2058,193,0.19871,0.06068,0.07961,0.0279
2187,796049794,32,19.69,16,27,2061.13,2057,2067,2044.19,2035,2077,193,0.19030,0.07137,0.00147,0.0139
2188,796059979,32,20.41,12,57,2062.47,2054,2073,2045.38,2040,2057,193,0.19726,0.10769,0.04237,0.0296
2189,796070181,32,18.63,6,27,2062.72,2058,2077,2043.44,2033,2052,193,0.18006,0.04847,0.05000,0.0177
2190,796080363,32,19.91,13,40,2061.47,2049,2067,2043.31,2029,2060,193,0.19243,0.04451,0.01184,0.0108
2191,796090585,32,20.59,1,34,2062.03,2058,2067,2044.25,2032,2062,193,0.19900,0.07320,0.02894,0.0203
2192,796100773,32,19.63,9,30,2060.56,2045,2072,2042.44,2037,2050,193,0.18972,0.01795,-0.01593,0.0004
2193,796110971,32,19.91,12,27,2061.94,2057,2067,2042.84,2033,2051,193,0.19243,0.03016,0.02619,0.0108
2194,796121180,32,20.63,15,26,2060.81,2053,2067,2044.84,2039,2076,193,0.19939,0.09121,-0.00830,0.0165
2195,796131368,32,21.25,14,36,2061.72,2058,2076,2043.28,2038,2058,193,0.20538,0.04359,0.01947,0.0130
2196,796141550,32,21.16,17,40,2060.84,2044,2067,2043.81,2038,2050,193,0.20451,0.05977,-0.00739,0.0107
2197,796151752,32,19.97,3,27,2061.38,2058,2066,2043.72,2027,2053,193,0.19301,0.05702,0.00910,0.0128
2198,796161975,32,19.13,10,28,2061.25,2057,2066,2043.72,2039,2050,193,0.18489,0.05702,0.00513,0.0115
2199,796172144,32,20.59,14,49,2062.0,2059,2067,2043.25,2038,2050,193,0.19900,0.04267,0.02802,0.0141
2200,796182302,32,20.53,16,28,2061.94,2048,2070,2043.34,2033,2050,193,0.19842,0.04542,0.02619,0.0142
2201,796192523,32,19.47,11,26,2061.34,2053,2069,2043.75,2018,2060,193,0.18818,0.05794,0.00788,0.0124
2202,796202726,32,19.94,13,26,2061.97,2057,2078,2043.41,2034,2051,193,0.19272,0.04756,0.02711,0.0144
2203,796212945,32,19.19,6,25,2062.09,2054,2069,2042.38,2036,2050,193,0.18547,0.01612,0.03077,0.0087
2204,796223139,32,21.09,14,57,2062.63,2057,2073,2042.13,2025,2054,193,0.20383,0.00849,0.04725,0.0114
2205,796233342,32,21.22,16,45,2061.34,2058,2067,2043.44,2030,2053,193,0.20509,0.04847,0.00788,0.0116
2206,796243526,32,20.53,14,28,2061.69,2048,2072,2044.34,2038,2051,193,0.19842,0.07595,0.01856,0.0188
2207,796253731,32,19.84,13,27,2061.66,2053,2070,2043.03,2037,2049,193,0.19175,0.03596,0.01764,0.0103
2208,796263932,32,19.5,12,30,2062.5,2059,2067,2045.72,2029,2070,193,0.18847,0.11807,0.04328,0.0304
2209,796274115,32,20.75,14,40,2062.38,2058,2076,2044.63,2037,2058,193,0.20055,0.08480,0.03962,0.0250
2210,796284296,32,19.03,8,28,2061.16,2054,2067,2042.0,2030,2051,193,0.18392,0.00452,0.00238,0.0013
2211,796294504,32,19.41,2,26,2060.94,2056,2066,2045.06,2038,2062,193,0.18760,0.09792,-0.00433,0.0176
2212,796304733,32,19.75,1,36,2061.06,2050,2074,2043.97,2030,2072,193,0.19088,0.06465,-0.00067,0.0122
2213,796314902,32,19.84,14,27,2062.94,2054,2069,2045.75,2033,2085,193,0.19175,0.11899,0.05672,0.0337
2214,796325079,32,20.53,14,29,2061.84,2057,2072,2042.84,2029,2050,193,0.19842,0.03016,0.02314,0.0106
2215,796335284,32,20.59,15,29,2062.75,2059,2073,2044.47,2038,2057,193,0.19900,0.07991,0.05092,0.0260
2216,796345477,32,21.28,5,44,2061.81,2049,2074,2044.09,2027,2059,193,0.20567,0.06831,0.02222,0.0186
2217,796355665,32,22.53,17,60,2062.13,2059,2068,2044.44,2040,2056,193,0.21775,0.07900,0.03199,0.0242
2218,796365824,32,20.78,14,48,2061.13,2048,2067,2045.41,2032,2077,193,0.20084,0.10861,0.00147,0.0221
2219,796376005,32,20.47,14,27,2061.31,2048,2075,2043.41,2036,2050,193,0.19784,0.04756,0.00696,0.0108
2220,796386198,32,20.31,13,26,2061.97,2057,2067,2042.84,2027,2053,193,0.19630,0.03016,0.02711,0.0112
2221,796396384,32,20.0,12,30,2062.13,2057,2067,2043.47,2037,2053,193,0.19330,0.04939,0.03199,0.0157
2222,796406547,32,21.38,14,57,2063.0,2051,2069,2043.66,2036,2051,193,0.20664,0.05519,0.05855,0.0235
2223,796416730,32,19.41,10,27,2062.28,2043,2067,2045.06,2026,2069,193,0.18760,0.09792,0.03657,0.0252
2224,796426928,32,19.47,11,26,2061.47,2046,2068,2044.75,2037,2064,193,0.18818,0.08846,0.01184,0.0189
2225,796437117,32,21.94,10,47,2062.97,2056,2078,2043.97,2025,2056,193,0.21205,0.06465,0.05763,0.0259
2226,796447311,32,20.63,15,26,2062.5,2056,2082,2044.28,2030,2053,193,0.19939,0.07411,0.04328,0.0234
2227,796457495,32,20.72,15,25,2062.19,2059,2075,2042.25,2017,2051,193,0.20026,0.01215,0.03382,0.0092
2228,796467681,32,19.31,9,26,2062.09,2058,2068,2044.34,2032,2065,193,0.18663,0.07595,0.03077,0.0199
2229,796477906,32,21.53,16,26,2060.66,2056,2066,2042.72,2036,2052,193,0.20809,0.02650,-0.01288,0.0028
2230,796488098,32,21.03,17,52,2061.16,2055,2066,2043.53,2039,2050,193,0.20325,0.05122,0.00238,0.0109
2231,796498293,32,20.5,12,34,2062.16,2058,2068,2043.94,2034,2055,193,0.19813,0.06374,0.03291,0.0191
2232,796508465,32,22.13,12,36,2061.22,2054,2068,2043.94,2032,2050,193,0.21389,0.06374,0.00421,0.0145
2233,796518649,32,20.03,16,26,2062.94,2057,2073,2043.78,2019,2062,193,0.19359,0.05885,0.05672,0.0224
2234,796528880,32,20.44,12,33,2061.47,2048,2075,2043.47,2035,2057,193,0.19755,0.04939,0.01184,0.0121
2235,796539062,32,19.34,0,26,2062.28,2057,2080,2042.81,2034,2052,193,0.18692,0.02924,0.03657,0.0123
2236,796549284,32,20.28,14,26,2061.69,2057,2067,2042.56,2032,2050,193,0.19601,0.02161,0.01856,0.0079
2237,796559486,32,19.91,16,27,2062.28,2051,2068,2045.25,2037,2092,193,0.19243,0.10372,0.03657,0.0270
2238,796569662,32,20.88,16,33,2061.66,2057,2066,2042.0,2028,2051,193,0.20181,0.00452,0.01764,0.0045
2239,796579835,32,20.97,13,35,2062.09,2054,2067,2045.75,2029,2090,193,0.20268,0.11899,0.03077,0.0304
2240,796590009,32,19.5,0,28,2062.28,2059,2067,2044.38,2038,2056,193,0.18847,0.07717,0.03657,0.0214
2241,796600210,32,21.41,17,37,2062.06,2059,2070,2043.03,2024,2053,193,0.20693,0.03596,0.02985,0.0136
2242,796610409,32,21.25,17,29,2061.63,2057,2066,2044.0,2036,2057,193,0.20538,0.06557,0.01673,0.0169
2243,796620580,32,20.41,14,35,2062.75,2058,2075,2043.44,2037,2051,193,0.19726,0.04847,0.05092,0.0196
2244,796630765,32,21.09,17,36,2062.56,2051,2072,2044.38,2040,2051,193,0.20383,0.07717,0.04512,0.0249
2245,796640943,32,20.59,16,28,2061.22,2057,2068,2044.06,2036,2058,193,0.19900,0.06740,0.00421,0.0143
2246,796651157,32,21.69,10,29,2061.94,2056,2069,2043.81,2034,2054,193,0.20963,0.05977,0.02619,0.0180
2247,796661365,32,20.06,16,29,2062.22,2056,2070,2042.56,2036,2051,193,0.19388,0.02161,0.03474,0.0109
2248,796671570,32,21.56,4,44,2061.94,2056,2075,2043.28,2038,2054,193,0.20838,0.04359,0.02619,0.0145
2249,796681783,32,21.0,13,36,2061.97,2058,2078,2043.09,2028,2050,193,0.20297,0.03779,0.02711,0.0132
2250,796691990,32,20.66,17,27,2061.63,2050,2069,2043.38,2038,2051,193,0.19968,0.04664,0.01673,0.0127
2251,796702164,32,20.66,17,26,2062.38,2056,2074,2044.38,2040,2074,193,0.19968,0.07717,0.03962,0.0233
2252,796712360,32,20.25,15,29,2062.47,2057,2072,2043.03,2036,2051,193,0.19572,0.03596,0.04237,0.0153
2253,796722540,32,20.19,14,40,2061.78,2055,2067,2043.72,2038,2050,193,0.19514,0.05702,0.02131,0.0153
2254,796732721,32,20.22,13,32,2062.09,2057,2073,2042.59,2021,2049,193,0.19543,0.02253,0.03077,0.0104
2255,796742928,32,19.5,14,26,2062.41,2059,2077,2043.88,2034,2059,193,0.18847,0.06190,0.04054,0.0193
2256,796753123,32,21.16,15,31,2061.84,2045,2067,2044.41,2037,2060,193,0.20451,0.07808,0.02314,0.0207
2257,796763316,32,20.28,14,26,2061.75,2052,2070,2044.06,2037,2060,193,0.19601,0.06740,0.02039,0.0172
2258,796773484,32,20.28,7,26,2061.94,2057,2067,2042.97,2040,2050,193,0.19601,0.03413,0.02619,0.0118
2259,796783710,32,20.5,0,29,2060.63,2049,2067,2044.13,2036,2054,193,0.19813,0.06954,-0.01380,0.0110
2260,796793930,32,19.72,0,28,2061.94,2050,2068,2043.31,2037,2050,193,0.19059,0.04451,0.02619,0.0135
2261,796804116,32,20.28,17,29,2061.66,2056,2068,2042.91,2036,2050,193,0.19601,0.03230,0.01764,0.0098
2262,796814322,32,19.81,16,27,2061.0,2054,2066,2043.47,2027,2056,193,0.19146,0.04939,-0.00250,0.0090
2263,796824502,32,21.38,12,42,2062.03,2058,2077,2043.09,2033,2050,193,0.20664,0.03779,0.02894,0.0138
2264,796834736,32,19.31,9,29,2061.59,2053,2069,2044.0,2040,2050,193,0.18663,0.06557,0.01551,0.0151
2265,796844906,32,20.56,10,43,2061.75,2050,2066,2043.5,2028,2050,193,0.19871,0.05031,0.02039,0.0140
2266,796855054,32,20.56,17,26,2062.16,2056,2067,2044.22,2038,2051,193,0.19871,0.07228,0.03291,0.0209
2267,796865222,32,21.28,14,38,2060.03,2050,2067,2043.91,2040,2050,193,0.20567,0.06282,-0.03211,0.0063
2268,796875464,32,20.25,8,26,2062.94,2053,2080,2044.44,2036,2071,193,0.19572,0.07900,0.05672,0.0266
2269,796885655,32,21.19,14,33,2061.13,2057,2076,2043.66,2041,2050,193,0.20480,0.05519,0.00147,0.0116
2270,796895857,32,19.31,11,26,2062.84,2058,2081,2043.19,2009,2052,193,0.18663,0.04084,0.05366,0.0176
2271,796906034,32,20.28,16,29,2062.53,2058,2067,2045.44,2034,2062,193,0.19601,0.10952,0.04420,0.0301
2272,796916213,32,20.44,17,27,2062.31,2059,2069,2043.13,2035,2051,193,0.19755,0.03901,0.03748,0.0151
2273,796926412,32,19.94,16,27,2062.03,2051,2069,2043.25,2036,2051,193,0.19272,0.04267,0.02894,0.0138
2274,796936590,32,21.0,16,43,2062.22,2057,2067,2043.81,2021,2058,193,0.20297,0.05977,0.03474,0.0192
2275,796946787,32,20.03,13,26,2061.41,2051,2074,2043.41,2038,2054,193,0.19359,0.04756,0.01001,0.0111
2276,796957001,32,22.53,15,50,2062.34,2057,2073,2042.69,2024,2050,193,0.21775,0.02558,0.03840,0.0139
2277,796967180,32,20.06,14,26,2062.03,2046,2077,2042.75,2014,2051,193,0.19388,0.02741,0.02894,0.0109
2278,796977370,32,20.19,9,30,2063.81,2057,2082,2044.03,2036,2058,193,0.19514,0.06648,0.08327,0.0292
2279,796987579,32,21.22,14,34,2061.38,2052,2067,2043.63,2036,2060,193,0.20509,0.05427,0.00910,0.0130
2280,796997779,32,23.0,10,46,2061.97,2048,2069,2044.13,2036,2053,193,0.22229,0.06954,0.02711,0.0215
2281,797007939,32,20.09,0,36,2061.13,2045,2072,2043.94,2037,2052,193,0.19417,0.06374,0.00147,0.0127
2282,797018153,32,22.41,16,35,2060.91,2043,2072,2043.78,2033,2053,193,0.21659,0.05885,-0.00525,0.0116
2283,797028346,32,20.34,16,27,2061.16,2042,2068,2044.03,2034,2051,193,0.19659,0.06648,0.00238,0.0135
2284,797038589,32,17.91,4,25,2062.31,2059,2070,2043.31,2032,2058,193,0.17310,0.04451,0.03748,0.0142
2285,797048767,32,21.66,5,44,2061.84,2052,2066,2044.34,2038,2050,193,0.20934,0.07595,0.02314,0.0207
2286,797058945,32,19.72,13,26,2061.97,2058,2068,2044.25,2040,2051,193,0.19059,0.07320,0.02711,0.0191
2287,797069127,32,20.66,17,26,2061.06,2052,2068,2043.91,2040,2051,193,0.19968,0.06282,-0.00067,0.0124
2288,797079328,32,19.75,13,27,2061.31,2057,2067,2044.56,2040,2060,193,0.19088,0.08266,0.00696,0.0171
2289,797089504,32,20.28,14,31,2061.84,2051,2067,2042.34,2017,2051,193,0.19601,0.01490,0.02314,0.0075
2290,797099688,32,22.13,14,52,2060.78,2049,2069,2043.88,2040,2050,193,0.21389,0.06190,-0.00922,0.0113
2291,797109865,32,20.41,13,27,2062.03,2054,2069,2043.25,2022,2050,193,0.19726,0.04267,0.02894,0.0141
2292,797120045,32,19.84,8,30,2062.03,2058,2067,2044.19,2036,2055,193,0.19175,0.07137,0.02894,0.0192
2293,797130243,32,21.03,16,30,2061.97,2043,2069,2043.31,2037,2050,193,0.20325,0.04451,0.02711,0.0146
2294,797140437,32,20.38,8,29,2061.28,2052,2067,2044.06,2038,2058,193,0.19697,0.06740,0.00604,0.0145
2295,797150604,32,19.56,13,26,2061.59,2059,2066,2044.63,2033,2065,193,0.18905,0.08480,0.01551,0.0190
2296,797160852,32,19.44,14,27,2061.16,2053,2068,2043.59,2038,2054,193,0.18789,0.05305,0.00238,0.0104
2297,797171063,32,18.34,4,29,2062.38,2056,2067,2043.0,2026,2050,193,0.17726,0.03504,0.03962,0.0132
2298,797181236,32,21.06,13,28,2062.25,2049,2068,2043.63,2021,2052,193,0.20354,0.05427,0.03565,0.0183
2299,797191440,32,20.03,15,26,2061.78,2059,2067,2043.56,2034,2053,193,0.19359,0.05214,0.02131,0.0142
2300,797201611,32,18.94,0,34,2061.75,2053,2067,2042.94,2026,2052,193,0.18306,0.03321,0.02039,0.0098
2301,797211812,32,18.19,5,28,2062.5,2058,2068,2044.06,2039,2051,193,0.17581,0.06740,0.04328,0.0195
2302,797221961,32,19.97,5,42,2061.44,2057,2067,2045.16,2040,2056,193,0.19301,0.10098,0.01093,0.0216
2303,797232190,32,19.81,9,39,2060.84,2050,2067,2043.09,2035,2051,193,0.19146,0.03779,-0.00739,0.0058
2304,797242391,32,21.44,15,30,2061.69,2057,2067,2044.59,2040,2052,193,0.20722,0.08358,0.01856,0.0212
2305,797252592,32,19.56,10,26,2062.88,2057,2086,2044.22,2038,2051,193,0.18905,0.07228,0.05488,0.0240
2306,797262809,32,19.97,16,26,2061.63,2042,2073,2044.47,2035,2056,193,0.19301,0.07991,0.01673,0.0187
2307,797272995,32,20.97,13,36,2061.81,2059,2074,2042.88,2035,2050,193,0.20268,0.03138,0.02222,0.0109
2308,797283171,32,19.22,8,25,2061.53,2057,2067,2043.78,2034,2058,193,0.18576,0.05885,0.01368,0.0135
2309,797293374,32,20.5,0,29,2062.78,2059,2080,2044.81,2037,2069,193,0.19813,0.09029,0.05183,0.0282
2310,797303578,32,19.22,8,26,2063.16,2057,2074,2043.09,2034,2051,193,0.18576,0.03779,0.06343,0.0188
2311,797313768,32,20.41,12,37,2061.94,2057,2072,2044.09,2038,2051,193,0.19726,0.06831,0.02619,0.0186
2312,797323963,32,19.81,11,26,2063.03,2053,2068,2045.0,2033,2077,193,0.19146,0.09609,0.05946,0.0298
2313,797334142,32,21.97,14,52,2061.81,2057,2073,2043.72,2039,2050,193,0.21234,0.05702,0.02222,0.0168
2314,797344329,32,19.56,6,36,2062.72,2050,2074,2043.5,2038,2052,193,0.18905,0.05031,0.05000,0.0190
2315,797354498,32,19.94,12,29,2063.5,2060,2083,2044.53,2026,2057,193,0.19272,0.08175,0.07381,0.0300
2316,797364675,32,19.28,13,27,2060.97,2054,2067,2043.56,2037,2051,193,0.18634,0.05214,-0.00342,0.0091
2317,797374888,32,21.53,16,52,2062.25,2059,2075,2043.09,2024,2050,193,0.20809,0.03779,0.03565,0.0153
2318,797385097,32,21.16,16,39,2062.09,2053,2080,2042.03,2011,2050,193,0.20451,0.00543,0.03077,0.0074
2319,797395306,32,21.22,16,26,2061.69,2054,2068,2044.41,2038,2051,193,0.20509,0.07808,0.01856,0.0198
2320,797405512,32,20.06,5,28,2061.0,2057,2066,2043.09,2011,2059,193,0.19388,0.03779,-0.00250,0.0068
2321,797415661,32,20.19,11,34,2060.16,2043,2066,2042.84,2032,2051,193,0.19514,0.03016,-0.02814,0.0004
2322,797425838,32,21.63,13,61,2061.91,2058,2067,2042.47,2028,2056,193,0.20905,0.01886,0.02527,0.0092
2323,797436013,32,19.88,2,27,2061.28,2057,2067,2045.22,2040,2066,193,0.19214,0.10281,0.00604,0.0209
2324,797446206,32,20.06,2,37,2060.97,2051,2075,2043.69,2037,2054,193,0.19388,0.05610,-0.00342,0.0102
2325,797456404,32,20.91,16,27,2061.69,2050,2067,2043.16,2030,2052,193,0.20210,0.03993,0.01856,0.0118
2326,797466598,32,19.63,13,26,2061.06,2048,2067,2044.53,2040,2052,193,0.18972,0.08175,-0.00067,0.0154
2327,797476804,32,19.31,11,27,2061.69,2057,2067,2042.31,2035,2056,193,0.18663,0.01398,0.01856,0.0061
2328,797487013,32,20.84,17,27,2062.28,2056,2075,2042.81,2027,2051,193,0.20142,0.02924,0.03657,0.0133
2329,797497207,32,19.09,9,26,2061.91,2058,2074,2045.16,2040,2076,193,0.18450,0.10098,0.02527,0.0233
2330,797507453,32,20.5,16,28,2062.53,2057,2068,2043.84,2036,2053,193,0.19813,0.06068,0.04420,0.0208
2331,797517637,32,19.03,11,26,2061.81,2054,2068,2043.34,2022,2052,193,0.18392,0.04542,0.02222,0.0124
2332,797527831,32,20.19,17,40,2061.84,2056,2075,2042.91,2038,2050,193,0.19514,0.03230,0.02314,0.0108
2333,797538034,32,19.69,13,26,2060.22,2043,2068,2043.63,2037,2050,193,0.19030,0.05427,-0.02631,0.0053
2334,797548288,32,20.94,15,29,2060.47,2048,2071,2041.94,2005,2051,193,0.20239,0.00269,-0.01868,-0.0032
2335,797558479,32,20.03,9,27,2061.88,2059,2068,2042.69,2027,2055,193,0.19359,0.02558,0.02436,0.0097
2336,797568689,32,20.31,11,35,2062.25,2057,2068,2044.56,2028,2056,193,0.19630,0.08266,0.03565,0.0232
2337,797578840,32,19.72,4,27,2061.94,2059,2069,2044.09,2040,2053,193,0.19059,0.06831,0.02619,0.0180
2338,797589064,32,20.53,9,29,2061.84,2052,2071,2043.75,2034,2051,193,0.19842,0.05794,0.02314,0.0161
2339,797599204,32,21.22,12,34,2061.63,2059,2067,2043.66,2027,2064,193,0.20509,0.05519,0.01673,0.0147
2340,797609410,32,19.88,16,25,2062.84,2056,2067,2043.78,2038,2051,193,0.19214,0.05885,0.05366,0.0216
2341,797619610,32,21.41,13,32,2062.0,2057,2075,2044.19,2037,2051,193,0.20693,0.07137,0.02802,0.0206
2342,797629796,32,20.16,11,27,2062.34,2054,2072,2043.16,2022,2057,193,0.19485,0.03993,0.03840,0.0153
2343,797640005,32,20.63,11,26,2062.06,2052,2074,2044.47,2035,2066,193,0.19939,0.07991,0.02985,0.0219
2344,797650177,32,20.75,15,28,2062.13,2058,2068,2043.63,2038,2050,193,0.20055,0.05427,0.03199,0.0173
2345,797660338,32,20.75,13,26,2061.44,2056,2066,2043.25,2033,2050,193,0.20055,0.04267,0.01093,0.0107
2346,797670506,32,20.44,15,40,2063.09,2054,2093,2043.59,2038,2050,193,0.19755,0.05305,0.06129,0.0226
2347,797680740,32,20.5,16,30,2061.66,2045,2076,2043.25,2036,2052,193,0.19813,0.04267,0.01764,0.0120
2348,797690934,32,20.88,11,36,2061.25,2051,2067,2042.81,2029,2051,193,0.20181,0.02924,0.00513,0.0069
2349,797701110,32,19.94,14,26,2061.59,2048,2070,2045.0,2040,2067,193,0.19272,0.09609,0.01551,0.0215
2350,797711285,32,21.41,10,27,2061.56,2056,2066,2044.09,2038,2063,193,0.20693,0.06831,0.01459,0.0172
2351,797721482,32,21.47,8,52,2061.19,2049,2075,2043.13,2038,2050,193,0.20751,0.03901,0.00330,0.0088
2352,797731699,32,21.94,15,58,2061.88,2056,2098,2042.75,2034,2052,193,0.21205,0.02741,0.02436,0.0110
2353,797741853,32,20.0,9,26,2061.03,2053,2066,2043.81,2037,2051,193,0.19330,0.05977,-0.00159,0.0112
2354,797752041,32,20.41,6,42,2061.34,2050,2067,2045.06,2038,2051,193,0.19726,0.09792,0.00788,0.0209
2355,797762254,32,19.88,17,31,2060.44,2052,2067,2042.31,2026,2050,193,0.19214,0.01398,-0.01960,-0.0011
2356,797772440,32,19.75,12,26,2061.16,2057,2067,2043.56,2038,2050,193,0.19088,0.05214,0.00238,0.0104
2357,797782630,32,20.72,10,37,2061.78,2058,2067,2043.63,2040,2049,193,0.20026,0.05427,0.02131,0.0151
2358,797792819,32,20.72,8,34,2062.03,2058,2069,2043.91,2029,2056,193,0.20026,0.06282,0.02894,0.0184
2359,797803066,32,20.16,15,37,2061.0,2040,2067,2044.72,2034,2058,193,0.19485,0.08755,-0.00250,0.0166
2360,797813247,32,19.63,16,29,2061.47,2058,2066,2044.69,2040,2059,193,0.18972,0.08663,0.01184,0.0187
2361,797823456,32,19.84,3,29,2061.97,2056,2067,2042.75,2027,2051,193,0.19175,0.02741,0.02711,0.0105
2362,797833655,32,22.03,5,37,2062.53,2058,2073,2043.47,2038,2049,193,0.21292,0.04939,0.04420,0.0199
2363,797843830,32,20.56,16,26,2063.88,2052,2099,2043.63,2040,2050,193,0.19871,0.05427,0.08541,0.0278
2364,797854043,32,19.78,13,28,2061.75,2045,2080,2045.0,2037,2066,193,0.19117,0.09609,0.02039,0.0223
2365,797864179,32,19.75,5,28,2061.88,2052,2072,2044.59,2037,2052,193,0.19088,0.08358,0.02436,0.0206
2366,797874347,32,19.97,16,26,2062.25,2057,2067,2043.44,2034,2051,193,0.19301,0.04847,0.03565,0.0162
2367,797884528,32,20.91,17,28,2061.75,2057,2067,2043.06,2024,2050,193,0.20210,0.03687,0.02039,0.0116
2368,797894737,32,19.72,16,26,2061.59,2053,2067,2043.59,2017,2065,193,0.19059,0.05305,0.01551,0.0131
2369,797904929,32,19.88,11,26,2062.47,2056,2067,2044.19,2040,2067,193,0.19214,0.07137,0.04237,0.0219
2370,797915116,32,20.34,13,48,2061.19,2053,2076,2043.72,2036,2052,193,0.19659,0.05702,0.00330,0.0119
2371,797925315,32,21.34,17,28,2062.31,2058,2070,2042.0,2025,2049,193,0.20625,0.00452,0.03748,0.0087
2372,797935472,32,20.44,16,40,2061.5,2057,2067,2043.31,2028,2053,193,0.19755,0.04451,0.01276,0.0113
2373,797945640,32,20.75,15,33,2061.78,2044,2079,2044.06,2037,2051,193,0.20055,0.06740,0.02131,0.0178
2374,797955842,32,22.09,14,59,2062.16,2058,2073,2043.63,2034,2051,193,0.21350,0.05427,0.03291,0.0186
2375,797966033,32,19.41,9,26,2062.63,2058,2074,2044.19,2040,2052,193,0.18760,0.07137,0.04725,0.0223
2376,797976233,32,20.53,13,35,2061.09,2055,2068,2044.16,2040,2050,193,0.19842,0.07045,0.00024,0.0140
2377,797986413,32,21.41,12,48,2061.19,2057,2067,2044.09,2038,2053,193,0.20693,0.06831,0.00330,0.0148
2378,797996626,32,19.63,11,28,2062.84,2048,2082,2045.56,2037,2070,193,0.18972,0.11319,0.05366,0.0317
2379,798006823,32,19.63,9,27,2062.53,2059,2068,2043.28,2033,2053,193,0.18972,0.04359,0.04420,0.0167
2380,798017013,32,22.28,14,57,2062.0,2059,2067,2043.69,2023,2056,193,0.21534,0.05610,0.02802,0.0181
2381,798027195,32,20.28,16,27,2062.06,2056,2070,2042.94,2038,2050,193,0.19601,0.03321,0.02985,0.0124
2382,798037383,32,18.91,10,25,2061.5,2059,2067,2043.81,2038,2081,193,0.18277,0.05977,0.01276,0.0133
2383,798047559,32,21.38,16,26,2062.19,2051,2068,2043.81,2020,2066,193,0.20664,0.05977,0.03382,0.0193
2384,798057759,32,20.41,11,34,2062.09,2059,2075,2043.03,2040,2053,193,0.19726,0.03596,0.03077,0.0132
2385,798067937,32,20.69,9,35,2062.03,2058,2070,2042.25,2030,2049,193,0.19997,0.01215,0.02894,0.0082
2386,798078104,32,20.75,14,26,2062.13,2044,2079,2043.5,2037,2051,193,0.20055,0.05031,0.03199,0.0165
2387,798088253,32,20.97,17,54,2062.69,2050,2071,2045.5,2037,2063,193,0.20268,0.11136,0.04908,0.0325
2388,798098434,32,20.28,13,30,2062.56,2059,2067,2044.97,2036,2068,193,0.19601,0.09518,0.04512,0.0275
2389,798108647,32,20.03,15,28,2061.09,2049,2068,2045.0,2035,2059,193,0.19359,0.09609,0.00024,0.0186
2390,798118835,32,20.78,14,43,2062.0,2058,2067,2042.88,2018,2051,193,0.20084,0.03138,0.02802,0.0119
2391,798129009,32,20.97,17,28,2061.19,2054,2067,2042.53,2027,2076,193,0.20268,0.02070,0.00330,0.0049
2392,798139209,32,20.78,13,35,2061.69,2059,2069,2044.22,2041,2051,193,0.20084,0.07228,0.01856,0.0182
2393,798149407,32,19.06,6,41,2062.84,2057,2071,2043.81,2040,2051,193,0.18421,0.05977,0.05366,0.0209
2394,798159623,32,20.56,16,26,2060.81,2049,2072,2043.44,2038,2050,193,0.19871,0.04847,-0.00830,0.0080
2395,798169845,32,22.38,6,56,2062.66,2057,2070,2044.28,2040,2050,193,0.21630,0.07411,0.04817,0.0265
2396,798180052,32,20.03,17,33,2062.63,2056,2088,2043.72,2038,2050,193,0.19359,0.05702,0.04725,0.0202
2397,798195847,32,19.03,11,26,2061.25,2054,2072,2042.56,2035,2053,193,0.18392,0.02161,0.00513,0.0049
2398,798206059,32,20.22,16,32,2061.28,2054,2066,2043.44,2037,2056,193,0.19543,0.04847,0.00604,0.0107
2399,798216244,32,20.5,3,33,2061.66,2050,2068,2044.38,2035,2072,193,0.19813,0.07717,0.01764,0.0188
2400,798226422,32,20.31,13,28,2062.59,2050,2075,2044.91,2037,2053,193,0.19630,0.09335,0.04603,0.0274
2401,798236661,32,19.81,8,27,2062.75,2059,2075,2043.78,2039,2050,193,0.19146,0.05885,0.05092,0.0210
2402,798246827,32,19.31,13,25,2062.44,2056,2073,2044.25,2032,2051,193,0.18663,0.07320,0.04145,0.0214
2403,798256999,32,19.63,13,26,2061.56,2057,2067,2044.03,2037,2051,193,0.18972,0.06648,0.01459,0.0154
2404,798267211,32,19.84,0,36,2061.66,2049,2067,2043.5,2036,2061,193,0.19175,0.05031,0.01764,0.0130
2405,798277395,32,20.94,15,27,2061.78,2054,2068,2044.13,2036,2054,193,0.20239,0.06954,0.02131,0.0184
2406,798287588,32,21.5,16,26,2061.22,2048,2068,2043.25,2038,2051,193,0.20780,0.04267,0.00421,0.0097
2407,798297746,32,18.31,0,27,2060.91,2048,2074,2044.09,2038,2057,193,0.17697,0.06831,-0.00525,0.0112
2408,798307955,32,20.53,10,33,2062.16,2058,2077,2043.53,2026,2053,193,0.19842,0.05122,0.03291,0.0167
2409,798318204,32,20.66,13,37,2061.03,2033,2070,2043.44,2038,2049,193,0.19968,0.04847,-0.00159,0.0094
2410,798328400,32,20.44,15,27,2061.78,2056,2066,2044.09,2038,2051,193,0.19755,0.06831,0.02131,0.0177
2411,798338569,32,19.72,0,28,2061.81,2049,2068,2043.53,2038,2051,193,0.19059,0.05122,0.02222,0.0140
2412,798348748,32,20.66,12,36,2063.72,2058,2099,2045.31,2038,2090,193,0.19968,0.10556,0.08052,0.0372
2413,798358961,32,20.66,16,25,2061.41,2048,2068,2043.78,2037,2062,193,0.19968,0.05885,0.01001,0.0138
2414,798369160,32,20.91,15,37,2061.03,2050,2067,2043.91,2039,2062,193,0.20210,0.06282,-0.00159,0.0124
2415,798379378,32,19.5,14,26,2063.13,2048,2090,2044.47,2037,2050,193,0.18847,0.07991,0.06252,0.0268
2416,798389559,32,19.38,5,38,2060.72,2046,2069,2042.34,2032,2059,193,0.18731,0.01490,-0.01105,0.0007
2417,798399745,32,20.59,8,33,2062.91,2058,2073,2043.5,2034,2050,193,0.19900,0.05031,0.05580,0.0211
2418,798409928,32,20.34,16,26,2061.34,2058,2067,2043.63,2038,2050,193,0.19659,0.05427,0.00788,0.0122
2419,798420128,32,20.59,16,29,2061.94,2053,2067,2044.19,2037,2050,193,0.19900,0.07137,0.02619,0.0194
2420,798430305,32,19.53,9,27,2061.56,2054,2080,2043.09,2038,2050,193,0.18876,0.03779,0.01459,0.0099
2421,798440478,32,21.63,0,64,2061.06,2040,2067,2043.44,2035,2056,193,0.20905,0.04847,-0.00067,0.0100
2422,798450696,32,20.03,11,28,2061.53,2058,2069,2043.44,2036,2053,193,0.19359,0.04847,0.01368,0.0120
2423,798460916,32,20.69,12,35,2061.44,2054,2068,2044.88,2040,2073,193,0.19997,0.09243,0.01093,0.0207
2424,798471134,32,19.34,12,26,2062.44,2058,2076,2042.72,2038,2055,193,0.18692,0.02650,0.04145,0.0127
2425,798481324,32,20.63,13,26,2062.47,2058,2080,2043.56,2039,2051,193,0.19939,0.05214,0.04237,0.0188
2426,798491545,32,19.97,12,26,2061.84,2058,2067,2044.25,2038,2055,193,0.19301,0.07320,0.02314,0.0186
2427,798501756,32,20.75,11,38,2061.81,2053,2068,2044.16,2040,2050,193,0.20055,0.07045,0.02222,0.0186
2428,798511917,32,20.56,0,27,2061.34,2041,2068,2043.56,2038,2051,193,0.19871,0.05214,0.00788,0.0119
2429,798522109,32,20.34,13,27,2060.25,2040,2067,2042.66,2020,2050,193,0.19659,0.02466,-0.02540,-0.0001
2430,798532261,32,19.72,10,25,2061.25,2051,2066,2043.31,2020,2056,193,0.19059,0.04451,0.00513,0.0095
2431,798542415,32,20.53,12,36,2061.97,2058,2069,2043.47,2034,2052,193,0.19842,0.04939,0.02711,0.0152
2432,798552621,32,20.41,6,50,2061.44,2058,2068,2043.28,2037,2069,193,0.19726,0.04359,0.01093,0.0108
2433,798562830,32,19.22,10,26,2061.56,2056,2067,2045.22,2040,2051,193,0.18576,0.10281,0.01459,0.0218
2434,798573064,32,18.38,0,31,2061.06,2052,2068,2042.31,2025,2050,193,0.17764,0.01398,-0.00067,0.0024
2435,798583262,32,19.81,16,26,2062.5,2057,2067,2045.5,2034,2064,193,0.19146,0.11136,0.04328,0.0296
2436,798593422,32,19.88,12,26,2061.59,2043,2073,2044.5,2033,2051,193,0.19214,0.08083,0.01551,0.0185
2437,798603585,32,19.91,16,30,2062.88,2058,2090,2043.31,2038,2052,193,0.19243,0.04451,0.05488,0.0191
2438,798613792,32,19.75,14,26,2061.69,2050,2068,2042.31,2018,2056,193,0.19088,0.01398,0.01856,0.0062
2439,798624000,32,21.56,13,51,2063.31,2058,2075,2043.22,2028,2059,193,0.20838,0.04176,0.06801,0.0229
2440,798634218,32,19.84,12,36,2062.47,2056,2067,2043.69,2039,2052,193,0.19175,0.05610,0.04237,0.0189
2441,798644425,32,20.22,8,44,2061.03,2041,2073,2044.41,2041,2059,193,0.19543,0.07808,-0.00159,0.0149
2442,798654612,32,20.25,14,27,2063.03,2059,2068,2043.41,2032,2057,193,0.19572,0.04756,0.05946,0.0209
2443,798664818,32,19.84,1,27,2061.81,2058,2067,2042.81,2035,2065,193,0.19175,0.02924,0.02222,0.0099
2444,798675036,32,21.41,16,28,2062.16,2058,2070,2042.19,2035,2054,193,0.20693,0.01032,0.03291,0.0089
2445,798685229,32,19.59,14,25,2062.09,2058,2073,2042.75,2030,2056,193,0.18934,0.02741,0.03077,0.0110
2446,798695426,32,19.97,16,27,2061.78,2059,2069,2043.94,2034,2061,193,0.19301,0.06374,0.02131,0.0164
2447,798705631,32,20.28,16,29,2061.25,2048,2074,2043.88,2037,2052,193,0.19601,0.06190,0.00513,0.0131
2448,798715801,32,20.13,6,26,2062.19,2054,2068,2044.84,2040,2061,193,0.19456,0.09121,0.03382,0.0243
2449,798726017,32,20.63,16,26,2062.31,2056,2078,2043.34,2034,2053,193,0.19939,0.04542,0.03748,0.0165
2450,798736222,32,21.13,16,32,2061.84,2051,2068,2042.63,2034,2049,193,0.20422,0.02375,0.02314,0.0096
2451,798746410,32,20.03,11,35,2061.06,2057,2066,2044.22,2034,2057,193,0.19359,0.07228,-0.00067,0.0139
2452,798756617,32,19.72,0,26,2062.16,2049,2073,2044.31,2037,2056,193,0.19059,0.07503,0.03291,0.0206
2453,798766796,32,20.66,16,30,2061.84,2058,2071,2043.44,2037,2056,193,0.19968,0.04847,0.02314,0.0143
2454,798777017,32,21.41,12,34,2060.78,2042,2066,2042.69,2030,2061,193,0.20693,0.02558,-0.00922,0.0034
2455,798787238,32,20.34,12,32,2060.84,2049,2068,2044.16,2036,2050,193,0.19659,0.07045,-0.00739,0.0124
2456,798797425,32,22.72,17,63,2061.34,2057,2066,2042.38,2038,2049,193,0.21959,0.01612,0.00788,0.0053
2457,798807630,32,19.34,8,25,2060.94,2053,2066,2044.19,2037,2067,193,0.18692,0.07137,-0.00433,0.0125
2458,798817859,32,20.59,17,27,2061.88,2057,2067,2044.13,2034,2051,193,0.19900,0.06954,0.02436,0.0187
2459,798828071,32,19.47,11,26,2060.84,2056,2066,2041.91,2015,2049,193,0.18818,0.00177,-0.00739,-0.0011
2460,798838320,32,21.09,11,43,2062.19,2058,2067,2043.47,2027,2050,193,0.20383,0.04939,0.03382,0.0170
2461,798848552,32,21.16,9,34,2063.59,2056,2096,2044.31,2040,2056,193,0.20451,0.07503,0.07656,0.0310
2462,798858740,32,20.34,13,29,2063.5,2059,2072,2045.22,2040,2051,193,0.19659,0.10281,0.07381,0.0347
2463,798868896,32,20.69,16,31,2062.0,2053,2069,2043.63,2040,2050,193,0.19997,0.05427,0.02802,0.0165
2464,798879060,32,20.47,17,27,2061.81,2056,2067,2044.09,2036,2050,193,0.19784,0.06831,0.02222,0.0179
2465,798889257,32,19.47,0,27,2061.5,2051,2074,2043.72,2039,2051,193,0.18818,0.05702,0.01276,0.0131
2466,798899415,32,20.91,0,43,2061.56,2050,2067,2042.25,2037,2052,193,0.20210,0.01215,0.01459,0.0054
2467,798909579,32,21.0,16,43,2061.28,2051,2068,2043.09,2033,2050,193,0.20297,0.03779,0.00604,0.0089
2468,798919768,32,20.13,13,26,2060.88,2056,2066,2043.13,2034,2049,193,0.19456,0.03901,-0.00617,0.0064
2469,798929954,32,19.75,5,35,2061.16,2050,2067,2042.91,2034,2053,193,0.19088,0.03230,0.00238,0.0066
2470,798940115,32,20.88,4,50,2061.13,2048,2067,2043.91,2035,2052,193,0.20181,0.06282,0.00147,0.0130
2471,798950291,32,20.0,14,42,2061.69,2044,2082,2043.72,2033,2052,193,0.19330,0.05702,0.01856,0.0146
2472,798960453,32,19.41,8,27,2061.44,2058,2067,2044.34,2034,2068,193,0.18760,0.07595,0.01093,0.0163
2473,798970634,32,20.97,16,26,2061.56,2059,2066,2045.19,2041,2051,193,0.20268,0.10189,0.01459,0.0236
2474,798980841,32,20.16,16,27,2060.75,2049,2067,2043.63,2030,2051,193,0.19485,0.05427,-0.01013,0.0086
2475,798991031,32,20.09,12,32,2060.97,2034,2070,2042.88,2040,2050,193,0.19417,0.03138,-0.00342,0.0054
2476,799001212,32,19.5,4,26,2061.44,2056,2066,2043.34,2018,2054,193,0.18847,0.04542,0.01093,0.0106
2477,799011395,32,20.03,0,27,2061.81,2053,2067,2043.63,2035,2049,193,0.19359,0.05427,0.02222,0.0148
2478,799021590,32,19.91,11,28,2061.56,2057,2067,2043.03,2023,2050,193,0.19243,0.03596,0.01459,0.0097
2479,799031807,32,19.13,11,27,2061.44,2056,2067,2043.19,2033,2050,193,0.18489,0.04084,0.01093,0.0096
2480,799042029,32,19.56,15,27,2061.94,2058,2069,2045.19,2035,2062,193,0.18905,0.10189,0.02619,0.0242
2481,799052229,32,20.94,16,30,2061.81,2045,2099,2042.56,2035,2050,193,0.20239,0.02161,0.02222,0.0089
2482,799062429,32,19.88,15,26,2063.28,2059,2081,2044.16,2038,2052,193,0.19214,0.07045,0.06709,0.0264
2483,799072629,32,20.75,0,30,2061.97,2057,2073,2044.72,2037,2064,193,0.20055,0.08755,0.02711,0.0230
2484,799082818,32,20.13,11,34,2062.22,2058,2081,2043.09,2038,2050,193,0.19456,0.03779,0.03474,0.0141
2485,799093033,32,20.72,17,26,2060.81,2057,2068,2042.97,2032,2068,193,0.20026,0.03413,-0.00830,0.0052
2486,799103255,32,21.47,15,57,2060.66,2056,2066,2043.91,2021,2053,193,0.20751,0.06282,-0.01288,0.0104
2487,799113431,32,20.94,15,28,2061.44,2057,2067,2042.91,2022,2065,193,0.20239,0.03230,0.01093,0.0087
2488,799123631,32,20.72,16,27,2061.53,2057,2070,2043.97,2040,2050,193,0.20026,0.06465,0.01368,0.0157
2489,799133847,32,21.06,9,38,2060.81,2053,2066,2043.78,2037,2054,193,0.20354,0.05885,-0.00830,0.0103
2490,799144022,32,21.28,17,36,2062.0,2054,2073,2045.38,2038,2091,193,0.20567,0.10769,0.02802,0.0279
2491,799154191,32,19.22,2,27,2062.16,2056,2068,2044.16,2036,2062,193,0.18576,0.07045,0.03291,0.0192
2492,799164373,32,19.69,5,27,2061.84,2057,2067,2043.72,2038,2053,193,0.19030,0.05702,0.02314,0.0153
2493,799174582,32,19.19,12,27,2061.91,2054,2067,2043.41,2035,2051,193,0.18547,0.04756,0.02527,0.0135
2494,799184776,32,19.0,1,38,2060.75,2042,2067,2043.59,2037,2056,193,0.18363,0.05305,-0.01013,0.0079
2495,799194933,32,20.06,0,34,2062.38,2057,2068,2046.09,2037,2081,193,0.19388,0.12936,0.03962,0.0328
2496,799205141,32,19.91,16,26,2062.41,2057,2090,2043.81,2039,2052,193,0.19243,0.05977,0.04054,0.0193
2497,799215331,32,19.09,0,26,2062.09,2048,2072,2043.5,2033,2050,193,0.18450,0.05031,0.03077,0.0150
2498,799225526,32,21.44,7,30,2062.09,2057,2081,2043.81,2035,2054,193,0.20722,0.05977,0.03077,0.0188
2499,799235717,32,20.56,14,46,2062.19,2048,2075,2044.41,2039,2056,193,0.19871,0.07808,0.03382,0.0222
2500,799245914,32,20.16,15,27,2062.44,2057,2069,2042.69,2028,2053,193,0.19485,0.02558,0.04145,0.0131
2501,799256115,32,20.91,16,33,2062.69,2052,2082,2045.59,2036,2069,193,0.20210,0.11410,0.04908,0.0330
2502,799266315,32,20.44,5,40,2062.47,2059,2073,2043.63,2034,2052,193,0.19755,0.05427,0.04237,0.0191
2503,799276507,32,19.69,17,32,2062.75,2049,2084,2044.75,2040,2053,193,0.19030,0.08846,0.05092,0.0265
2504,799286689,32,19.88,14,26,2062.81,2057,2088,2044.34,2033,2056,193,0.19214,0.07595,0.05275,0.0247
2505,799296901,32,19.72,0,34,2062.06,2051,2092,2044.94,2038,2056,193,0.19059,0.09426,0.02985,0.0237
2506,799307105,32,20.66,16,27,2061.91,2048,2086,2043.41,2033,2050,193,0.19968,0.04756,0.02527,0.0145
2507,799317324,32,20.5,13,27,2061.31,2051,2069,2044.81,2032,2056,193,0.19813,0.09029,0.00696,0.0193
2508,799327507,32,19.59,14,26,2061.47,2057,2067,2044.31,2039,2068,193,0.18934,0.07503,0.01184,0.0164
2509,799337743,32,19.75,8,26,2060.94,2049,2067,2043.69,2038,2051,193,0.19088,0.05610,-0.00433,0.0099
2510,799347944,32,20.0,13,27,2061.69,2038,2075,2043.84,2040,2056,193,0.19330,0.06068,0.01856,0.0153
2511,799358119,32,20.88,10,46,2062.88,2050,2073,2044.75,2033,2064,193,0.20181,0.08846,0.05488,0.0289
2512,799368282,32,19.41,10,26,2061.09,2048,2069,2044.25,2038,2052,193,0.18760,0.07320,0.00024,0.0138
2513,799378444,32,20.06,0,26,2062.41,2057,2072,2043.56,2026,2051,193,0.19388,0.05214,0.04054,0.0180
2514,799388666,32,19.81,14,26,2061.91,2057,2070,2045.13,2034,2069,193,0.19146,0.10006,0.02527,0.0240
2515,799398861,32,20.34,15,31,2062.47,2059,2067,2043.5,2035,2051,193,0.19659,0.05031,0.04237,0.0182
2516,799409046,32,21.91,16,54,2061.25,2048,2067,2043.13,2035,2050,193,0.21176,0.03901,0.00513,0.0093
2517,799419235,32,18.59,13,25,2062.72,2057,2067,2042.88,2034,2050,193,0.17967,0.03138,0.05000,0.0146
2518,799429392,32,19.66,14,29,2061.06,2052,2067,2043.81,2038,2052,193,0.19001,0.05977,-0.00067,0.0112
2519,799439578,32,19.09,9,26,2061.47,2058,2066,2042.19,2035,2053,193,0.18450,0.01032,0.01184,0.0041
2520,799449755,32,20.09,3,27,2061.75,2057,2069,2043.44,2037,2052,193,0.19417,0.04847,0.02039,0.0134
2521,799459921,32,19.63,16,26,2062.28,2056,2067,2045.38,2040,2052,193,0.18972,0.10769,0.03657,0.0274
2522,799470119,32,21.09,8,32,2060.78,2050,2067,2042.22,2020,2050,193,0.20383,0.01123,-0.00922,0.0004
2523,799480328,32,20.34,8,27,2061.16,2053,2067,2044.03,2040,2051,193,0.19659,0.06648,0.00238,0.0135
2524,799490539,32,21.03,13,36,2061.09,2057,2067,2043.69,2037,2050,193,0.20325,0.05610,0.00024,0.0115
2525,799500758,32,21.75,17,35,2062.0,2059,2075,2043.19,2037,2054,193,0.21021,0.04084,0.02802,0.0145
2526,799510903,32,20.16,15,27,2061.38,2049,2067,2044.28,2040,2060,193,0.19485,0.07411,0.00910,0.0162
2527,799521119,32,22.16,13,33,2061.31,2048,2067,2043.84,2036,2056,193,0.21418,0.06068,0.00696,0.0145
2528,799531339,32,21.28,16,34,2061.25,2056,2067,2043.19,2040,2050,193,0.20567,0.04084,0.00513,0.0095
2529,799541541,32,20.53,5,28,2061.09,2056,2066,2043.25,2033,2053,193,0.19842,0.04267,0.00024,0.0085
2530,799551735,32,20.53,11,26,2060.72,2058,2066,2043.28,2035,2049,193,0.19842,0.04359,-0.01105,0.0065
2531,799561935,32,20.25,16,26,2060.88,2051,2066,2042.75,2035,2051,193,0.19572,0.02741,-0.00617,0.0042
2532,799572086,32,19.78,16,32,2061.59,2054,2069,2043.09,2026,2050,193,0.19117,0.03779,0.01551,0.0102
2533,799582269,32,19.56,12,27,2060.53,2045,2068,2042.56,2034,2051,193,0.18905,0.02161,-0.01685,0.0009
2534,799592484,32,19.78,13,29,2062.28,2059,2067,2044.97,2037,2053,193,0.19117,0.09518,0.03657,0.0252
2535,799602695,32,20.06,0,31,2061.88,2057,2067,2043.34,2032,2050,193,0.19388,0.04542,0.02436,0.0135
2536,799612919,32,19.84,14,26,2061.09,2058,2065,2044.41,2038,2059,193,0.19175,0.07808,0.00024,0.0150
2537,799623107,32,21.81,16,35,2060.56,2042,2069,2044.16,2039,2067,193,0.21079,0.07045,-0.01593,0.0115
2538,799633263,32,20.81,14,27,2062.22,2058,2067,2044.44,2033,2067,193,0.20113,0.07900,0.03474,0.0229
2539,799643473,32,19.31,0,26,2062.06,2057,2067,2043.41,2038,2053,193,0.18663,0.04756,0.02985,0.0144
2540,799653652,32,20.84,17,31,2062.25,2040,2076,2044.09,2037,2050,193,0.20142,0.06831,0.03565,0.0209
2541,799663820,32,20.56,4,52,2061.88,2059,2069,2043.97,2038,2050,193,0.19871,0.06465,0.02436,0.0177
2542,799674037,32,21.31,17,35,2061.97,2057,2067,2043.22,2032,2050,193,0.20596,0.04176,0.02711,0.0142
2543,799684230,32,19.5,0,26,2062.31,2058,2070,2043.44,2038,2050,193,0.18847,0.04847,0.03748,0.0162
2544,799694428,32,20.19,0,38,2061.47,2045,2066,2045.66,2037,2073,193,0.19514,0.11624,0.01184,0.0250
2545,799704633,32,20.53,16,26,2060.63,2044,2067,2043.09,2037,2050,193,0.19842,0.03779,-0.01380,0.0048
2546,799714819,32,19.34,4,26,2061.69,2043,2078,2043.34,2034,2051,193,0.18692,0.04542,0.01856,0.0120
2547,799725047,32,22.03,17,45,2060.84,2045,2067,2044.13,2037,2052,193,0.21292,0.06954,-0.00739,0.0132
2548,799735236,32,19.16,1,28,2061.38,2054,2067,2043.34,2040,2050,193,0.18518,0.04542,0.00910,0.0101
2549,799745410,32,19.47,14,33,2060.78,2044,2075,2045.47,2037,2068,193,0.18818,0.11044,-0.00922,0.0190
2550,799755604,32,20.34,0,30,2062.13,2058,2075,2044.44,2040,2051,193,0.19659,0.07900,0.03199,0.0218
2551,799765802,32,21.19,16,28,2061.25,2053,2069,2042.53,2014,2051,193,0.20480,0.02070,0.00513,0.0053
2552,799775949,32,21.56,13,32,2061.31,2059,2066,2042.88,2035,2056,193,0.20838,0.03138,0.00696,0.0080
2553,799786143,32,20.41,14,36,2061.47,2054,2069,2043.0,2035,2051,193,0.19726,0.03504,0.01184,0.0092
2554,799796311,32,20.66,5,37,2061.38,2057,2066,2043.03,2029,2052,193,0.19968,0.03596,0.00910,0.0090
2555,799806509,32,21.0,0,54,2062.0,2051,2067,2044.06,2037,2073,193,0.20297,0.06740,0.02802,0.0194
2556,799816672,32,19.34,5,27,2061.94,2055,2072,2044.53,2038,2051,193,0.18692,0.08175,0.02619,0.0202
2557,799826886,32,21.56,17,40,2061.69,2053,2074,2043.84,2010,2051,193,0.20838,0.06068,0.01856,0.0165
2558,799837085,32,21.16,17,31,2062.16,2058,2067,2045.13,2036,2068,193,0.20451,0.10006,0.03291,0.0272
2559,799847306,32,20.81,17,29,2061.5,2055,2067,2044.28,2035,2051,193,0.20113,0.07411,0.01276,0.0175
2560,799857503,32,20.63,14,28,2061.63,2058,2068,2044.06,2040,2050,193,0.19939,0.06740,0.01673,0.0168
2561,799867701,32,20.09,16,26,2062.84,2053,2068,2044.69,2040,2051,193,0.19417,0.08663,0.05366,0.0272
2562,799877918,32,21.16,16,38,2061.75,2048,2069,2045.34,2033,2057,193,0.20451,0.10647,0.02039,0.0259
2563,799888126,32,21.75,16,33,2059.63,2044,2065,2043.31,2030,2056,193,0.21021,0.04451,-0.04432,0.0000
2564,799898287,32,18.97,1,27,2061.25,2045,2067,2043.0,2037,2050,193,0.18335,0.03504,0.00513,0.0074
2565,799908437,32,20.78,16,28,2062.63,2050,2077,2043.81,2038,2052,193,0.20084,0.05977,0.04725,0.0215
2566,799918666,32,20.47,16,29,2062.0,2058,2067,2043.88,2040,2068,193,0.19784,0.06190,0.02802,0.0178
2567,799928868,32,19.84,0,31,2062.28,2059,2076,2042.5,2017,2049,193,0.19175,0.01978,0.03657,0.0108
2568,799939020,32,19.78,1,27,2060.38,2044,2068,2043.56,2028,2050,193,0.19117,0.05214,-0.02143,0.0059
2569,799949218,32,21.34,14,30,2061.47,2051,2068,2044.09,2040,2050,193,0.20625,0.06831,0.01184,0.0165
2570,799959442,32,21.81,17,26,2062.03,2050,2066,2045.56,2036,2060,193,0.21079,0.11319,0.02894,0.0300
2571,799969607,32,20.69,9,35,2062.0,2049,2070,2043.97,2039,2052,193,0.19997,0.06465,0.02802,0.0185
2572,799979752,32,20.53,11,29,2061.53,2049,2081,2042.59,2021,2051,193,0.19842,0.02253,0.01368,0.0072
2573,799989980,32,20.22,0,35,2061.19,2051,2067,2043.5,2033,2061,193,0.19543,0.05031,0.00330,0.0105
2574,800000156,32,20.53,6,26,2062.66,2052,2067,2045.19,2032,2058,193,0.19842,0.10189,0.04817,0.0298
2575,800010349,32,19.88,10,27,2061.69,2058,2068,2044.38,2041,2050,193,0.19214,0.07717,0.01856,0.0184
2576,800020536,32,19.72,0,41,2060.84,2053,2067,2044.19,2027,2065,193,0.19059,0.07137,-0.00739,0.0122
2577,800030765,32,20.0,1,38,2062.78,2057,2078,2044.94,2040,2051,193,0.19330,0.09426,0.05183,0.0282
2578,800040977,32,20.75,12,44,2061.31,2058,2066,2044.59,2036,2050,193,0.20055,0.08358,0.00696,0.0182
2579,800051179,32,19.31,17,28,2062.34,2058,2073,2044.91,2036,2050,193,0.18663,0.09335,0.03840,0.0246
2580,800061372,32,20.88,15,32,2062.38,2059,2070,2043.84,2032,2050,193,0.20181,0.06068,0.03962,0.0202
2581,800071603,32,19.69,13,26,2061.84,2057,2066,2044.81,2040,2055,193,0.19030,0.09029,0.02314,0.0216
2582,800081777,32,21.31,16,44,2061.44,2054,2067,2043.94,2034,2053,193,0.20596,0.06374,0.01093,0.0154
2583,800091965,32,20.22,0,40,2061.59,2053,2068,2043.69,2038,2050,193,0.19543,0.05610,0.01551,0.0140
2584,800102199,32,19.5,6,26,2061.78,2058,2070,2043.41,2038,2059,193,0.18847,0.04756,0.02131,0.0130
2585,800112379,32,19.22,6,27,2061.63,2056,2069,2042.84,2035,2051,193,0.18576,0.03016,0.01673,0.0087
2586,800122575,32,19.81,0,29,2061.75,2053,2082,2044.06,2036,2074,193,0.19146,0.06740,0.02039,0.0168
2587,800132728,32,21.72,16,43,2060.66,2049,2067,2044.28,2037,2067,193,0.20992,0.07411,-0.01288,0.0129
2588,800142945,32,19.13,6,29,2061.22,2049,2074,2044.03,2040,2051,193,0.18489,0.06648,0.00421,0.0131
2589,800153143,32,21.22,13,38,2061.19,2044,2067,2045.53,2038,2077,193,0.20509,0.11227,0.00330,0.0237
2590,800163343,32,21.09,0,40,2061.69,2056,2069,2043.53,2034,2052,193,0.20383,0.05122,0.01856,0.0142
2591,800173552,32,19.41,0,28,2061.47,2058,2066,2043.78,2031,2062,193,0.18760,0.05885,0.01184,0.0133
2592,800183741,32,18.63,9,27,2061.97,2058,2069,2044.94,2032,2060,193,0.18006,0.09426,0.02711,0.0219
2593,800193924,32,20.47,5,45,2062.06,2053,2067,2043.09,2025,2050,193,0.19784,0.03779,0.02985,0.0134
2594,800204108,32,19.59,11,38,2061.91,2054,2066,2043.78,2017,2052,193,0.18934,0.05885,0.02527,0.0159
2595,800214326,32,20.47,15,26,2061.06,2056,2066,2043.25,2034,2064,193,0.19784,0.04267,-0.00067,0.0083
2596,800224517,32,21.56,16,40,2061.59,2058,2067,2044.56,2040,2051,193,0.20838,0.08266,0.01551,0.0205
2597,800234684,32,20.16,11,27,2062.06,2058,2070,2044.88,2032,2075,193,0.19485,0.09243,0.02985,0.0238
2598,800244891,32,21.0,0,54,2059.91,2044,2067,2043.56,2040,2050,193,0.20297,0.05214,-0.03578,0.0033
2599,800255052,32,20.59,16,32,2061.63,2054,2076,2044.06,2036,2052,193,0.19900,0.06740,0.01673,0.0167
2600,800265248,32,19.75,4,27,2061.16,2051,2067,2045.69,2038,2081,193,0.19088,0.11715,0.00238,0.0228
2601,800275418,32,20.72,7,28,2061.81,2057,2067,2044.13,2037,2062,193,0.20026,0.06954,0.02222,0.0184
2602,800285657,32,18.44,12,24,2061.31,2058,2067,2044.5,2040,2051,193,0.17822,0.08083,0.00696,0.0156
2603,800295816,32,21.59,16,50,2061.75,2058,2067,2044.38,2038,2050,193,0.20867,0.07717,0.02039,0.0204
2604,800305976,32,20.59,10,28,2062.63,2054,2069,2044.34,2028,2063,193,0.19900,0.07595,0.04725,0.0245
2605,800316173,32,19.97,16,26,2062.06,2058,2067,2042.41,2034,2050,193,0.19301,0.01703,0.02985,0.0090
2606,800326380,32,21.19,15,27,2061.81,2056,2067,2044.03,2020,2088,193,0.20480,0.06648,0.02222,0.0182
2607,800336602,32,20.97,16,53,2061.69,2049,2069,2043.53,2037,2050,193,0.20268,0.05122,0.01856,0.0141
2608,800346803,32,19.56,11,28,2062.13,2058,2076,2042.75,2010,2050,193,0.18905,0.02741,0.03199,0.0112
2609,800357044,32,21.19,14,36,2061.16,2058,2066,2043.47,2035,2068,193,0.20480,0.04939,0.00238,0.0106
2610,800367236,32,20.09,10,27,2062.06,2056,2070,2043.09,2029,2052,193,0.19417,0.03779,0.02985,0.0131
2611,800377433,32,20.38,13,36,2062.31,2048,2069,2044.25,2038,2059,193,0.19697,0.07320,0.03748,0.0218
2612,800387585,32,20.72,8,38,2061.13,2049,2070,2043.16,2032,2053,193,0.20026,0.03993,0.00147,0.0083
2613,800397802,32,19.75,12,27,2062.0,2056,2091,2044.22,2032,2068,193,0.19088,0.07228,0.02802,0.0191
2614,800407945,32,20.53,13,31,2061.91,2058,2069,2043.81,2036,2050,193,0.19842,0.05977,0.02527,0.0169
2615,800418133,32,21.22,16,29,2062.16,2057,2068,2042.0,2028,2050,193,0.20509,0.00452,0.03291,0.0077
2616,800428322,32,19.72,9,28,2061.81,2053,2074,2042.97,2037,2052,193,0.19059,0.03413,0.02222,0.0107
2617,800438536,32,19.47,5,28,2061.63,2058,2067,2044.47,2027,2080,193,0.18818,0.07991,0.01673,0.0182
2618,800448725,32,20.81,16,29,2062.91,2056,2070,2044.59,2033,2059,193,0.20113,0.08358,0.05580,0.0280
2619,800458927,32,19.53,13,26,2061.78,2058,2067,2043.41,2040,2050,193,0.18876,0.04756,0.02131,0.0130
2620,800469129,32,19.13,6,29,2062.41,2058,2072,2043.47,2032,2053,193,0.18489,0.04939,0.04054,0.0166
2621,800479305,32,20.25,3,28,2062.22,2056,2082,2043.0,2033,2062,193,0.19572,0.03504,0.03474,0.0137
2622,800489459,32,21.66,12,64,2061.28,2045,2067,2045.03,2029,2083,193,0.20934,0.09701,0.00604,0.0216
2623,800499658,32,20.38,13,27,2062.84,2057,2069,2044.31,2037,2053,193,0.19697,0.07503,0.05366,0.0253
2624,800509865,32,19.25,5,27,2062.28,2057,2070,2043.59,2024,2061,193,0.18605,0.05305,0.03657,0.0167
2625,800520028,32,20.44,10,32,2062.44,2058,2069,2045.28,2036,2059,193,0.19755,0.10464,0.04145,0.0289
2626,800530209,32,20.69,10,29,2061.22,2058,2069,2041.97,2005,2050,193,0.19997,0.00360,0.00421,0.0016
2627,800540427,32,21.41,17,44,2061.69,2058,2067,2045.38,2040,2057,193,0.20693,0.10769,0.01856,0.0261
2628,800550611,32,19.38,15,27,2060.63,2051,2067,2044.19,2038,2051,193,0.18731,0.07137,-0.01380,0.0108
2629,800560807,32,19.34,4,27,2061.19,2056,2067,2043.0,2030,2051,193,0.18692,0.03504,0.00330,0.0072
2630,800571006,32,20.25,5,27,2061.66,2059,2067,2042.94,2036,2050,193,0.19572,0.03321,0.01764,0.0100
2631,800581191,32,21.0,15,28,2061.5,2056,2067,2043.69,2038,2050,193,0.20297,0.05610,0.01276,0.0140
2632,800591349,32,22.34,16,61,2062.84,2052,2070,2047.38,2040,2078,193,0.21592,0.16874,0.05366,0.0480
2633,800601574,32,20.22,11,26,2062.09,2058,2068,2043.91,2035,2068,193,0.19543,0.06282,0.03077,0.0183
2634,800611779,32,20.75,8,26,2061.53,2056,2068,2044.31,2038,2051,193,0.20055,0.07503,0.01368,0.0178
2635,800621957,32,21.41,17,30,2062.22,2057,2068,2043.25,2034,2049,193,0.20693,0.04267,0.03474,0.0160
2636,800632111,32,20.16,0,33,2060.75,2050,2067,2044.47,2038,2052,193,0.19485,0.07991,-0.01013,0.0136
2637,800642305,32,19.38,15,33,2060.72,2054,2069,2043.47,2034,2054,193,0.18731,0.04939,-0.01105,0.0072
2638,800652490,32,19.31,11,26,2063.09,2059,2069,2044.5,2037,2054,193,0.18663,0.08083,0.06129,0.0265
2639,800662656,32,20.94,3,36,2062.41,2059,2068,2043.03,2036,2051,193,0.20239,0.03596,0.04054,0.0155
2640,800672849,32,21.44,17,42,2061.88,2056,2069,2045.0,2039,2065,193,0.20722,0.09609,0.02436,0.0250
2641,800683057,32,19.13,8,26,2061.78,2058,2075,2043.88,2032,2051,193,0.18489,0.06190,0.02131,0.0154
2642,800693231,32,19.53,13,27,2061.59,2058,2067,2042.66,2029,2050,193,0.18876,0.02466,0.01551,0.0076
2643,800703442,32,20.28,4,36,2062.44,2058,2072,2044.97,2037,2064,193,0.19601,0.09518,0.04145,0.0268
2644,800713636,32,20.22,2,26,2061.59,2052,2067,2043.38,2038,2052,193,0.19543,0.04664,0.01551,0.0121
2645,800723844,32,20.41,6,27,2061.84,2053,2073,2044.47,2031,2058,193,0.19726,0.07991,0.02314,0.0203
2646,800734043,32,19.91,1,28,2061.19,2048,2071,2043.81,2029,2052,193,0.19243,0.05977,0.00330,0.0121
2647,800744284,32,19.5,15,26,2061.91,2059,2068,2042.72,2033,2050,193,0.18847,0.02650,0.02527,0.0098
2648,800754472,32,21.84,14,32,2062.41,2054,2067,2044.91,2036,2070,193,0.21108,0.09335,0.04054,0.0283
2649,800764689,32,19.56,0,26,2062.16,2054,2085,2043.38,2033,2068,193,0.18905,0.04664,0.03291,0.0150
2650,800774903,32,20.25,17,30,2061.41,2052,2067,2042.5,2035,2053,193,0.19572,0.01978,0.01001,0.0058
2651,800785081,32,20.25,0,35,2061.81,2057,2067,2043.81,2031,2066,193,0.19572,0.05977,0.02222,0.0160
2652,800795258,32,20.13,16,26,2061.97,2056,2072,2043.38,2022,2051,193,0.19456,0.04664,0.02711,0.0143
2653,800805462,32,18.94,9,32,2062.63,2056,2068,2044.0,2039,2051,193,0.18306,0.06557,0.04725,0.0207
2654,800815616,32,20.63,15,38,2061.34,2057,2074,2044.34,2040,2051,193,0.19939,0.07595,0.00788,0.0167
2655,800825839,32,20.09,8,30,2060.28,2048,2069,2043.5,2038,2053,193,0.19417,0.05031,-0.02448,0.0050
2656,800836010,32,19.78,14,26,2061.13,2044,2067,2043.88,2036,2057,193,0.19117,0.06190,0.00147,0.0121
2657,800846211,32,19.97,10,27,2060.69,2052,2069,2042.63,2030,2054,193,0.19301,0.02375,-0.01197,0.0023
2658,800856392,32,21.41,13,40,2061.97,2056,2067,2043.25,2024,2066,193,0.20693,0.04267,0.02711,0.0144
2659,800866600,32,19.53,5,32,2060.63,2045,2067,2044.0,2038,2062,193,0.18876,0.06557,-0.01380,0.0098
2660,800876772,32,21.5,15,32,2062.16,2049,2076,2042.94,2029,2050,193,0.20780,0.03321,0.03291,0.0137
2661,800886966,32,19.28,0,31,2061.47,2058,2067,2044.19,2040,2051,193,0.18634,0.07137,0.01184,0.0155
2662,800897151,32,19.94,11,40,2061.97,2052,2067,2043.06,2010,2051,193,0.19272,0.03687,0.02711,0.0123
2663,800907347,32,19.47,13,29,2062.75,2058,2073,2044.78,2035,2057,193,0.18818,0.08938,0.05092,0.0264
2664,800917512,32,20.97,14,30,2061.84,2058,2067,2045.09,2038,2070,193,0.20268,0.09884,0.02314,0.0247
2665,800927701,32,21.19,16,32,2061.56,2053,2067,2043.5,2039,2050,193,0.20480,0.05031,0.01459,0.0133
2666,800937869,32,19.72,15,26,2062.16,2059,2066,2043.53,2021,2052,193,0.19059,0.05122,0.03291,0.0160
2667,800948056,32,19.78,13,33,2060.47,2043,2067,2044.22,2021,2052,193,0.19117,0.07228,-0.01868,0.0102
2668,800958248,32,19.0,0,27,2062.13,2050,2075,2043.03,2036,2050,193,0.18363,0.03596,0.03199,0.0125
2669,800968434,32,20.22,0,26,2061.22,2057,2069,2043.06,2038,2058,193,0.19543,0.03687,0.00421,0.0080
2670,800978615,32,20.66,14,27,2061.25,2042,2069,2042.72,2032,2052,193,0.19968,0.02650,0.00513,0.0063
2671,800988804,32,19.97,8,26,2061.88,2058,2069,2043.19,2034,2051,193,0.19301,0.04084,0.02436,0.0126
2672,800998998,32,20.38,15,38,2062.63,2058,2073,2044.97,2041,2051,193,0.19697,0.09518,0.04725,0.0281
2673,801009212,32,19.28,17,25,2061.16,2052,2067,2043.09,2036,2050,193,0.18634,0.03779,0.00238,0.0075
2674,801019371,32,21.06,9,30,2062.53,2057,2083,2044.41,2040,2056,193,0.20354,0.07808,0.04420,0.0249
2675,801029569,32,20.0,13,25,2062.06,2059,2066,2044.38,2035,2061,193,0.19330,0.07717,0.02985,0.0207
2676,801039757,32,20.34,11,30,2062.0,2058,2070,2044.22,2038,2051,193,0.19659,0.07228,0.02802,0.0197
2677,801049921,32,20.59,11,35,2060.47,2040,2066,2042.0,2025,2049,193,0.19900,0.00452,-0.01868,-0.0028
2678,801060104,32,20.75,17,26,2061.41,2058,2068,2044.84,2020,2064,193,0.20055,0.09121,0.01001,0.0203
2679,801070311,32,19.22,11,27,2060.75,2049,2076,2044.28,2038,2050,193,0.18576,0.07411,-0.01013,0.0119
2680,801080487,32,20.91,14,36,2061.41,2058,2068,2043.75,2037,2050,193,0.20210,0.05794,0.01001,0.0137
2681,801090650,32,20.22,6,28,2061.19,2043,2069,2044.63,2037,2054,193,0.19543,0.08480,0.00330,0.0172
2682,801100856,32,20.47,3,34,2061.69,2059,2067,2044.22,2038,2056,193,0.19784,0.07228,0.01856,0.0180
2683,801111045,32,21.63,17,52,2061.0,2048,2068,2043.16,2028,2050,193,0.20905,0.03993,-0.00250,0.0078
2684,801121231,32,19.91,16,26,2061.56,2057,2067,2044.16,2037,2061,193,0.19243,0.07045,0.01459,0.0164
2685,801131421,32,19.84,3,27,2061.88,2057,2068,2043.47,2036,2050,193,0.19175,0.04939,0.02436,0.0141
2686,801141612,32,18.16,7,26,2061.94,2057,2070,2045.47,2036,2055,193,0.17552,0.11044,0.02619,0.0240
2687,801151798,32,21.06,12,30,2062.91,2058,2076,2045.22,2041,2052,193,0.20354,0.10281,0.05580,0.0323
2688,801161989,32,18.72,0,27,2061.28,2048,2067,2043.06,2038,2050,193,0.18093,0.03687,0.00604,0.0078
2689,801172187,32,20.66,13,36,2061.34,2050,2067,2044.63,2040,2067,193,0.19968,0.08480,0.00788,0.0185
2690,801182407,32,19.69,13,28,2061.97,2058,2070,2043.22,2033,2059,193,0.19030,0.04176,0.02711,0.0131
2691,801192621,32,21.31,16,31,2061.88,2056,2066,2042.0,2018,2056,193,0.20596,0.00452,0.02436,0.0059
2692,801202819,32,20.78,16,33,2062.41,2057,2085,2043.16,2037,2051,193,0.20084,0.03993,0.04054,0.0162
2693,801213003,32,21.31,17,30,2062.03,2056,2075,2042.94,2012,2050,193,0.20596,0.03321,0.02894,0.0128
2694,801223212,32,21.03,16,26,2062.56,2058,2073,2045.94,2038,2080,193,0.20325,0.12479,0.04512,0.0345
2695,801233388,32,20.31,14,26,2062.63,2059,2068,2043.81,2034,2061,193,0.19630,0.05977,0.04725,0.0210
2696,801243589,32,20.63,13,32,2061.19,2052,2068,2043.84,2040,2050,193,0.19939,0.06068,0.00330,0.0128
2697,801253779,32,20.44,17,32,2060.63,2054,2068,2044.81,2039,2068,193,0.19755,0.09029,-0.01380,0.0151
2698,801263974,32,19.44,0,26,2061.22,2058,2066,2040.66,2017,2050,193,0.18789,-0.03639,0.00421,-0.0060
2699,801274139,32,19.56,12,26,2060.88,2056,2066,2042.81,2024,2054,193,0.18905,0.02924,-0.00617,0.0044
2700,801284382,32,19.91,3,41,2062.34,2052,2073,2044.0,2035,2057,193,0.19243,0.06557,0.03840,0.0200
2701,801294540,32,21.19,5,54,2061.81,2053,2069,2044.28,2037,2052,193,0.20480,0.07411,0.02222,0.0197
2702,801304735,32,19.09,8,28,2061.13,2054,2070,2044.16,2037,2051,193,0.18450,0.07045,0.00147,0.0133
2703,801314944,32,20.75,14,32,2061.5,2051,2073,2043.16,2033,2060,193,0.20055,0.03993,0.01276,0.0106
2704,801325145,32,20.13,0,27,2061.47,2045,2069,2043.31,2022,2058,193,0.19456,0.04451,0.01184,0.0110
2705,801335294,32,19.84,11,27,2061.28,2056,2066,2044.16,2035,2050,193,0.19175,0.07045,0.00604,0.0147
2706,801345494,32,21.72,17,56,2062.19,2053,2066,2042.81,2029,2050,193,0.20992,0.02924,0.03382,0.0132
2707,801355689,32,20.34,0,40,2061.91,2056,2072,2043.94,2037,2052,193,0.19659,0.06374,0.02527,0.0175
2708,801365916,32,19.84,8,26,2061.78,2057,2075,2044.22,2030,2050,193,0.19175,0.07228,0.02131,0.0179
2709,801376169,32,21.09,14,38,2061.66,2049,2076,2042.66,2029,2051,193,0.20383,0.02466,0.01764,0.0086
2710,801386350,32,20.75,10,34,2062.69,2059,2072,2045.0,2037,2053,193,0.20055,0.09609,0.04908,0.0291
2711,801396545,32,21.66,16,26,2062.19,2059,2067,2044.88,2038,2067,193,0.20934,0.09243,0.03382,0.0264
2712,801406740,32,20.38,10,33,2062.47,2051,2089,2043.19,2014,2054,193,0.19697,0.04084,0.04237,0.0164
2713,801416938,32,20.09,13,27,2061.66,2059,2069,2044.53,2027,2077,193,0.19417,0.08175,0.01764,0.0193
2714,801427149,32,18.97,11,26,2061.88,2052,2077,2044.84,2032,2067,193,0.18335,0.09121,0.02436,0.0212
2715,801437370,32,20.59,16,29,2061.72,2048,2074,2043.13,2033,2052,193,0.19900,0.03901,0.01947,0.0116
2716,801447563,32,20.16,9,29,2061.75,2058,2077,2043.03,2034,2049,193,0.19485,0.03596,0.02039,0.0110
2717,801457717,32,21.16,17,33,2061.19,2040,2067,2043.94,2038,2059,193,0.20451,0.06374,0.00330,0.0137
2718,801467921,32,20.22,13,26,2061.22,2051,2077,2042.97,2038,2050,193,0.19543,0.03413,0.00421,0.0075
2719,801478111,32,19.56,8,26,2061.53,2050,2070,2042.63,2037,2050,193,0.18905,0.02375,0.01368,0.0071
2720,801488325,32,21.97,18,34,2061.75,2058,2070,2044.03,2040,2053,193,0.21234,0.06648,0.02039,0.0184
2721,801498521,32,20.69,8,33,2061.34,2057,2066,2043.75,2024,2054,193,0.19997,0.05794,0.00788,0.0132
2722,801508687,32,20.56,13,27,2063.28,2058,2077,2043.19,2032,2053,193,0.19871,0.04084,0.06709,0.0214
2723,801518880,32,18.66,0,26,2061.38,2050,2067,2043.09,2034,2051,193,0.18035,0.03779,0.00910,0.0085
2724,801529082,32,20.19,15,28,2060.94,2058,2066,2044.16,2040,2059,193,0.19514,0.07045,-0.00433,0.0129
2725,801539280,32,21.78,13,60,2061.78,2045,2071,2042.53,2036,2051,193,0.21050,0.02070,0.02131,0.0088
2726,801549456,32,20.38,16,27,2061.34,2057,2067,2044.72,2040,2052,193,0.19697,0.08755,0.00788,0.0188
2727,801559656,32,19.81,11,28,2061.44,2058,2069,2042.88,2036,2050,193,0.19146,0.03138,0.01093,0.0081
2728,801569854,32,20.69,15,26,2062.28,2058,2068,2043.94,2037,2051,193,0.19997,0.06374,0.03657,0.0201
2729,801580074,32,21.31,17,26,2062.38,2057,2072,2043.63,2020,2069,193,0.20596,0.05427,0.03962,0.0193
2730,801590249,32,19.22,8,26,2061.88,2056,2072,2042.78,2037,2050,193,0.18576,0.02833,0.02436,0.0098
2731,801600429,32,21.41,11,40,2062.5,2059,2069,2044.63,2038,2062,193,0.20693,0.08480,0.04328,0.0265
2732,801610609,32,19.88,2,26,2061.84,2054,2067,2044.13,2040,2052,193,0.19214,0.06954,0.02314,0.0178
2733,801620788,32,20.97,16,30,2062.69,2058,2070,2045.88,2037,2053,193,0.20268,0.12295,0.04908,0.0349
2734,801631009,32,20.47,13,28,2061.19,2053,2067,2044.09,2040,2052,193,0.19784,0.06831,0.00330,0.0142
2735,801641219,32,19.56,8,28,2061.34,2048,2072,2043.16,2034,2057,193,0.18905,0.03993,0.00788,0.0090
2736,801651411,32,20.0,4,27,2061.69,2057,2066,2043.84,2038,2064,193,0.19330,0.06068,0.01856,0.0153
2737,801661603,32,20.59,16,25,2062.13,2054,2072,2044.72,2031,2063,193,0.19900,0.08755,0.03199,0.0238
2738,801671816,32,21.63,11,37,2061.44,2056,2067,2042.66,2033,2052,193,0.20905,0.02466,0.01093,0.0074
2739,801682021,32,19.75,11,27,2061.78,2043,2076,2044.13,2040,2057,193,0.19088,0.06954,0.02131,0.0173
2740,801692183,32,21.09,4,32,2061.59,2043,2068,2044.53,2038,2061,193,0.20383,0.08175,0.01551,0.0198
2741,801702400,32,20.47,16,27,2061.53,2045,2066,2043.28,2038,2051,193,0.19784,0.04359,0.01368,0.0113
2742,801712582,32,20.13,14,34,2061.44,2057,2067,2042.31,2013,2049,193,0.19456,0.01398,0.01093,0.0048
2743,801722793,32,21.16,16,49,2062.69,2059,2067,2043.88,2036,2064,193,0.20451,0.06190,0.04908,0.0227
2744,801732997,32,19.41,5,27,2062.16,2059,2069,2043.41,2037,2050,193,0.18760,0.04756,0.03291,0.0151
2745,801743170,32,21.47,12,50,2062.34,2057,2069,2045.34,2038,2068,193,0.20751,0.10647,0.03840,0.0301
2746,801753356,32,21.44,17,34,2061.75,2058,2068,2043.59,2029,2051,193,0.20722,0.05305,0.02039,0.0152
2747,801763522,32,19.63,5,26,2061.34,2048,2068,2044.41,2040,2052,193,0.18972,0.07808,0.00788,0.0163
2748,801773706,32,20.16,1,29,2062.0,2057,2067,2044.0,2037,2049,193,0.19485,0.06557,0.02802,0.0182
2749,801783859,32,20.13,2,30,2061.66,2056,2068,2043.03,2028,2050,193,0.19456,0.03596,0.01764,0.0104
2750,801794082,32,20.28,12,29,2061.66,2058,2067,2043.41,2038,2053,193,0.19601,0.04756,0.01764,0.0128
2751,801804289,32,20.13,8,25,2061.41,2057,2072,2042.69,2031,2051,193,0.19456,0.02558,0.01001,0.0069
2752,801814503,32,21.41,0,37,2062.28,2057,2068,2043.38,2040,2052,193,0.20693,0.04664,0.03657,0.0172
2753,801824690,32,20.19,16,38,2062.09,2058,2069,2044.63,2034,2052,193,0.19514,0.08480,0.03077,0.0226
2754,801834897,32,19.88,14,34,2061.59,2052,2066,2043.25,2024,2054,193,0.19214,0.04267,0.01551,0.0112
2755,801845097,32,20.31,13,31,2061.28,2050,2093,2044.31,2041,2051,193,0.19630,0.07503,0.00604,0.0159
2756,801855284,32,20.13,14,33,2062.25,2059,2071,2043.25,2034,2050,193,0.19456,0.04267,0.03565,0.0152
2757,801865456,32,20.78,3,28,2062.72,2059,2070,2043.34,2036,2050,193,0.20084,0.04542,0.05000,0.0192
2758,801875674,32,20.78,18,27,2062.09,2058,2066,2044.53,2038,2050,193,0.20084,0.08175,0.03077,0.0226
2759,801885940,32,20.78,9,35,2061.94,2054,2081,2043.59,2029,2051,193,0.20084,0.05305,0.02619,0.0159
2760,801896155,32,20.38,12,27,2060.94,2051,2066,2043.53,2035,2056,193,0.19697,0.05122,-0.00433,0.0092
2761,801906361,32,20.53,9,27,2061.78,2057,2067,2042.56,2034,2050,193,0.19842,0.02161,0.02131,0.0085
2762,801916572,32,21.66,14,30,2062.09,2058,2072,2043.94,2037,2051,193,0.20934,0.06374,0.03077,0.0198
2763,801926780,32,19.31,6,26,2060.91,2056,2067,2044.91,2037,2051,193,0.18663,0.09335,-0.00525,0.0164
2764,801937017,32,21.06,12,40,2061.75,2051,2066,2043.19,2025,2057,193,0.20354,0.04084,0.02039,0.0125
2765,801947186,32,19.84,16,25,2060.81,2058,2069,2043.91,2040,2070,193,0.19175,0.06282,-0.00830,0.0105
2766,801957357,32,20.81,9,43,2062.78,2042,2092,2043.88,2040,2050,193,0.20113,0.06190,0.05183,0.0229
2767,801967564,32,20.84,15,28,2062.5,2058,2070,2044.34,2037,2072,193,0.20142,0.07595,0.04328,0.0240
2768,801977743,32,20.69,13,29,2061.81,2058,2067,2044.59,2040,2051,193,0.19997,0.08358,0.02222,0.0212
2769,801987958,32,20.22,13,27,2061.66,2054,2072,2042.22,2032,2050,193,0.19543,0.01123,0.01764,0.0056
2770,801998156,32,20.47,15,32,2061.53,2059,2067,2044.34,2037,2061,193,0.19784,0.07595,0.01368,0.0177
2771,802008352,32,20.06,13,26,2061.16,2052,2067,2043.09,2038,2050,193,0.19388,0.03779,0.00238,0.0078
2772,802018554,32,21.69,17,34,2062.09,2058,2067,2044.13,2031,2072,193,0.20963,0.06954,0.03077,0.0210
2773,802028736,32,20.84,17,45,2062.47,2056,2075,2044.31,2030,2054,193,0.20142,0.07503,0.04237,0.0236
2774,802038910,32,19.59,10,26,2062.38,2051,2082,2044.34,2041,2050,193,0.18934,0.07595,0.03962,0.0219
2775,802049104,32,19.28,6,28,2061.66,2054,2068,2045.97,2038,2072,193,0.18634,0.12570,0.01764,0.0267
2776,802059324,32,21.25,7,37,2061.84,2059,2073,2043.16,2029,2051,193,0.20538,0.03993,0.02314,0.0130
2777,802069482,32,21.0,16,49,2061.69,2057,2069,2042.97,2018,2051,193,0.20297,0.03413,0.01856,0.0107
2778,802079667,32,21.09,6,37,2060.78,2046,2067,2043.28,2037,2052,193,0.20383,0.04359,-0.00922,0.0070
2779,802089890,32,19.94,14,30,2062.13,2054,2068,2042.22,2033,2049,193,0.19272,0.01123,0.03199,0.0083
2780,802100085,32,20.56,13,27,2060.53,2057,2066,2044.19,2040,2064,193,0.19871,0.07137,-0.01685,0.0108
2781,802110274,32,20.47,14,27,2062.31,2057,2078,2043.25,2037,2050,193,0.19784,0.04267,0.03748,0.0159
2782,802120443,32,19.34,4,26,2061.31,2058,2072,2042.94,2033,2053,193,0.18692,0.03321,0.00696,0.0075
2783,802130624,32,20.72,16,28,2061.31,2059,2070,2042.94,2030,2052,193,0.20026,0.03321,0.00696,0.0080
2784,802140818,32,21.75,17,35,2061.44,2058,2069,2043.03,2032,2050,193,0.21021,0.03596,0.01093,0.0099
2785,802151005,32,20.91,2,37,2061.72,2059,2067,2044.38,2036,2055,193,0.20210,0.07717,0.01947,0.0195
2786,802161221,32,19.03,11,25,2061.0,2042,2066,2045.19,2036,2059,193,0.18392,0.10189,-0.00250,0.0183
2787,802171390,32,20.34,8,29,2062.84,2059,2069,2043.97,2032,2052,193,0.19659,0.06465,0.05366,0.0233
2788,802181587,32,19.97,17,28,2061.63,2057,2067,2044.13,2038,2052,193,0.19301,0.06954,0.01673,0.0166
2789,802191773,32,21.34,11,50,2061.41,2052,2066,2043.53,2035,2052,193,0.20625,0.05122,0.01001,0.0126
2790,802201961,32,20.25,14,27,2060.88,2038,2067,2044.03,2041,2051,193,0.19572,0.06648,-0.00617,0.0118
2791,802212151,32,19.78,14,26,2062.44,2056,2082,2044.53,2028,2062,193,0.19117,0.08175,0.04145,0.0236
2792,802222348,32,21.59,12,27,2061.63,2059,2069,2045.63,2031,2065,193,0.20867,0.11532,0.01673,0.0276
2793,802232573,32,20.78,14,32,2061.09,2056,2068,2043.34,2035,2051,193,0.20084,0.04542,0.00024,0.0092
2794,802242769,32,19.34,8,27,2061.63,2051,2073,2044.06,2037,2052,193,0.18692,0.06740,0.01673,0.0157
2795,802252965,32,21.63,17,57,2062.0,2059,2066,2043.75,2038,2052,193,0.20905,0.05794,0.02802,0.0180
2796,802263113,32,18.81,1,27,2061.91,2058,2072,2043.88,2038,2062,193,0.18180,0.06190,0.02527,0.0158
2797,802273323,32,20.13,14,27,2061.66,2059,2066,2043.97,2034,2050,193,0.19456,0.06465,0.01764,0.0160
2798,802283531,32,20.06,4,26,2061.34,2042,2067,2044.69,2025,2072,193,0.19388,0.08663,0.00788,0.0183
2799,802293792,32,21.47,8,36,2061.0,2053,2067,2043.38,2022,2052,193,0.20751,0.04664,-0.00250,0.0092
2800,802303962,32,20.66,13,28,2061.28,2045,2067,2044.34,2040,2050,193,0.19968,0.07595,0.00604,0.0164
2801,802314167,32,19.5,11,25,2061.72,2058,2069,2043.59,2032,2054,193,0.18847,0.05305,0.01947,0.0137
2802,802324336,32,21.09,16,32,2061.72,2052,2067,2044.34,2040,2058,193,0.20383,0.07595,0.01947,0.0195
2803,802334525,32,20.47,17,27,2062.47,2058,2070,2043.47,2036,2051,193,0.19784,0.04939,0.04237,0.0182
2804,802344707,32,19.81,14,30,2062.81,2051,2091,2042.66,2026,2050,193,0.19146,0.02466,0.05275,0.0148
2805,802354919,32,21.22,16,28,2061.75,2053,2068,2044.44,2017,2060,193,0.20509,0.07900,0.02039,0.0204
2806,802365104,32,21.22,14,45,2062.16,2058,2067,2044.75,2034,2059,193,0.20509,0.08846,0.03291,0.0249
2807,802375260,32,20.69,11,28,2061.28,2043,2069,2043.38,2034,2049,193,0.19997,0.04664,0.00604,0.0105
2808,802385481,32,19.5,16,27,2061.69,2058,2068,2044.0,2030,2052,193,0.18847,0.06557,0.01856,0.0159
2809,802395665,32,20.66,10,34,2061.59,2045,2067,2043.47,2030,2051,193,0.19968,0.04939,0.01551,0.0130
2810,802405874,32,21.34,14,38,2060.81,2056,2067,2042.69,2036,2050,193,0.20625,0.02558,-0.00830,0.0036
2811,802416080,32,21.94,17,34,2061.31,2054,2067,2042.59,2021,2050,193,0.21205,0.02253,0.00696,0.0063
2812,802426283,32,20.22,1,31,2061.97,2059,2068,2043.06,2037,2050,193,0.19543,0.03687,0.02711,0.0125
2813,802436479,32,20.59,16,26,2061.69,2057,2066,2044.06,2024,2064,193,0.19900,0.06740,0.01856,0.0171
2814,802446692,32,20.66,8,34,2062.78,2059,2072,2044.28,2040,2050,193,0.19968,0.07411,0.05183,0.0251
2815,802456877,32,19.47,4,26,2062.03,2058,2067,2044.47,2032,2052,193,0.18818,0.07991,0.02894,0.0205
2816,802467053,32,20.75,13,38,2062.13,2053,2077,2043.88,2038,2057,193,0.20055,0.06190,0.03199,0.0188
2817,802477222,32,19.59,13,28,2062.34,2051,2068,2042.16,2015,2057,193,0.18934,0.00940,0.03840,0.0091
2818,802487404,32,21.69,17,48,2060.97,2056,2067,2043.69,2023,2051,193,0.20963,0.05610,-0.00342,0.0110
2819,802497585,32,19.88,14,26,2061.5,2058,2068,2044.25,2037,2050,193,0.19214,0.07320,0.01276,0.0165
2820,802507730,32,18.72,5,26,2061.97,2057,2086,2044.13,2037,2050,193,0.18093,0.06954,0.02711,0.0175
2821,802517971,32,19.25,0,25,2062.44,2056,2077,2043.81,2038,2054,193,0.18605,0.05977,0.04145,0.0188
2822,802528150,32,21.44,17,29,2061.47,2056,2067,2042.84,2028,2050,193,0.20722,0.03016,0.01184,0.0087
2823,802538332,32,19.31,9,33,2063.41,2058,2084,2043.13,2039,2050,193,0.18663,0.03901,0.07106,0.0205
2824,802548548,32,19.84,13,28,2062.63,2054,2069,2045.03,2036,2061,193,0.19175,0.09701,0.04725,0.0277
2825,802558756,32,20.09,15,26,2062.31,2052,2084,2043.53,2034,2050,193,0.19417,0.05122,0.03748,0.0172
2826,802568984,32,20.13,0,31,2061.81,2057,2067,2044.06,2036,2053,193,0.19456,0.06740,0.02222,0.0174
2827,802579186,32,20.94,15,32,2061.59,2057,2068,2045.03,2037,2053,193,0.20239,0.09701,0.01551,0.0228
2828,802589406,32,19.78,16,28,2062.56,2056,2086,2043.28,2028,2053,193,0.19117,0.04359,0.04512,0.0170
2829,802599594,32,20.5,1,29,2062.22,2057,2070,2045.0,2040,2052,193,0.19813,0.09609,0.03474,0.0259
2830,802609758,32,20.75,6,48,2062.41,2057,2067,2044.69,2041,2053,193,0.20055,0.08663,0.04054,0.0255
2831,802619950,32,20.44,7,37,2061.44,2053,2067,2043.47,2037,2051,193,0.19755,0.04939,0.01093,0.0119
2832,802630154,32,20.53,13,44,2062.44,2056,2073,2044.16,2041,2051,193,0.19842,0.07045,0.04145,0.0222
2833,802640364,32,20.38,6,26,2062.41,2056,2071,2044.44,2040,2061,193,0.19697,0.07900,0.04054,0.0235
2834,802650604,32,21.38,15,41,2061.72,2057,2066,2044.88,2040,2076,193,0.20664,0.09243,0.01947,0.0231
2835,802660817,32,19.66,14,30,2061.81,2058,2072,2043.88,2038,2051,193,0.19001,0.06190,0.02222,0.0160
2836,802671008,32,21.25,10,28,2062.19,2056,2081,2043.28,2040,2050,193,0.20538,0.04359,0.03382,0.0159
2837,802681182,32,20.06,2,33,2061.09,2056,2066,2043.44,2032,2052,193,0.19388,0.04847,0.00024,0.0094
2838,802691393,32,20.69,13,33,2060.81,2056,2067,2046.13,2040,2066,193,0.19997,0.13059,-0.00830,0.0245
2839,802701603,32,20.34,14,30,2061.13,2057,2068,2043.88,2040,2057,193,0.19659,0.06190,0.00147,0.0125
2840,802711794,32,20.97,14,26,2062.03,2048,2067,2044.84,2040,2058,193,0.20268,0.09121,0.02894,0.0244
2841,802722010,32,19.19,6,25,2061.81,2058,2066,2044.28,2034,2051,193,0.18547,0.07411,0.02222,0.0179
2842,802732225,32,20.5,17,27,2061.88,2056,2068,2043.16,2040,2051,193,0.19813,0.03993,0.02436,0.0127
2843,802742418,32,20.66,10,27,2062.19,2058,2068,2045.59,2040,2075,193,0.19968,0.11410,0.03382,0.0295
2844,802752593,32,21.09,17,28,2061.84,2048,2067,2044.31,2040,2050,193,0.20383,0.07503,0.02314,0.0200
2845,802762797,32,19.25,13,26,2061.97,2056,2073,2044.66,2033,2058,193,0.18605,0.08571,0.02711,0.0210
2846,802772999,32,19.06,8,26,2061.72,2059,2068,2043.25,2037,2054,193,0.18421,0.04267,0.01947,0.0114
2847,802783191,32,20.78,13,27,2062.22,2053,2072,2044.38,2033,2061,193,0.20084,0.07717,0.03474,0.0225
2848,802793380,32,19.72,8,26,2062.41,2058,2080,2042.59,2020,2050,193,0.19059,0.02253,0.04054,0.0120
2849,802803573,32,20.0,13,26,2061.81,2058,2068,2043.31,2040,2049,193,0.19330,0.04451,0.02222,0.0129
2850,802813754,32,20.13,13,27,2061.53,2054,2069,2043.72,2037,2049,193,0.19456,0.05702,0.01368,0.0138
2851,802823929,32,20.25,17,29,2060.81,2051,2067,2042.81,2038,2051,193,0.19572,0.02924,-0.00830,0.0041
2852,802834100,32,20.53,9,35,2062.75,2059,2067,2044.78,2041,2050,193,0.19842,0.08938,0.05092,0.0278
2853,802844274,32,20.53,14,27,2061.41,2053,2067,2043.34,2024,2059,193,0.19842,0.04542,0.01001,0.0110
2854,802854473,32,20.81,17,31,2061.19,2052,2067,2043.63,2031,2056,193,0.20113,0.05427,0.00330,0.0116
2855,802864677,32,20.59,15,27,2063.06,2051,2070,2043.97,2034,2054,193,0.19900,0.06465,0.06038,0.0249
2856,802874879,32,19.72,11,28,2061.41,2054,2067,2043.22,2034,2052,193,0.19059,0.04176,0.01001,0.0099
2857,802885112,32,20.5,12,27,2062.16,2058,2077,2044.66,2036,2053,193,0.19813,0.08571,0.03291,0.0235
2858,802895283,32,20.22,7,25,2061.91,2056,2068,2044.09,2034,2069,193,0.19543,0.06831,0.02527,0.0183
2859,802905509,32,19.16,14,27,2061.09,2051,2067,2044.69,2038,2053,193,0.18518,0.08663,0.00024,0.0161
2860,802915715,32,20.47,16,30,2061.72,2057,2067,2043.31,2033,2050,193,0.19784,0.04451,0.01947,0.0127
2861,802925895,32,20.94,11,27,2061.66,2055,2067,2044.13,2039,2058,193,0.20239,0.06954,0.01764,0.0176
2862,802936074,32,20.59,16,26,2060.59,2040,2074,2043.19,2034,2053,193,0.19900,0.04084,-0.01502,0.0051
2863,802946266,32,20.38,10,28,2061.78,2051,2070,2045.19,2039,2057,193,0.19697,0.10189,0.02131,0.0243
2864,802956454,32,20.56,17,27,2061.53,2058,2067,2043.13,2035,2050,193,0.19871,0.03901,0.01368,0.0105
2865,802966645,32,19.72,0,32,2060.75,2053,2066,2043.31,2034,2053,193,0.19059,0.04451,-0.01013,0.0066
2866,802976832,32,20.88,17,26,2061.53,2051,2072,2043.16,2014,2053,193,0.20181,0.03993,0.01368,0.0108
2867,802987020,32,20.66,17,33,2061.44,2054,2067,2042.34,2019,2049,193,0.19968,0.01490,0.01093,0.0052
2868,803002713,32,20.59,15,26,2061.5,2057,2068,2044.25,2039,2050,193,0.19900,0.07320,0.01276,0.0171
2869,803012982,32,21.13,14,33,2061.75,2056,2066,2043.34,2021,2064,193,0.20422,0.04542,0.02039,0.0134
2870,803023171,32,21.16,16,28,2061.97,2059,2067,2042.97,2035,2050,193,0.20451,0.03413,0.02711,0.0125
2871,803033388,32,20.66,12,41,2061.22,2056,2066,2043.44,2038,2052,193,0.19968,0.04847,0.00421,0.0105
2872,803043600,32,20.25,2,26,2061.88,2055,2066,2043.97,2034,2061,193,0.19572,0.06465,0.02436,0.0174
2873,803053781,32,19.88,16,28,2062.53,2059,2072,2043.44,2018,2052,193,0.19214,0.04847,0.04420,0.0178
2874,803063989,32,20.81,9,42,2062.81,2059,2078,2044.63,2037,2054,193,0.20113,0.08480,0.05275,0.0277
2875,803074205,32,20.28,16,35,2061.84,2057,2069,2043.44,2035,2051,193,0.19601,0.04847,0.02314,0.0140
2876,803084408,32,20.66,16,32,2061.38,2059,2066,2042.84,2011,2053,193,0.19968,0.03016,0.00910,0.0078
2877,803094649,32,20.72,10,36,2061.41,2051,2072,2045.28,2040,2074,193,0.20026,0.10464,0.01001,0.0230
2878,803104842,32,20.66,17,26,2061.75,2048,2068,2043.91,2040,2051,193,0.19968,0.06282,0.02039,0.0166
2879,803115021,32,21.97,17,45,2062.09,2058,2073,2041.75,2016,2051,193,0.21234,-0.00311,0.03077,0.0059
2880,803125221,32,20.16,11,26,2062.5,2059,2067,2043.19,2038,2053,193,0.19485,0.04084,0.04328,0.0164
2881,803135397,32,20.25,14,38,2061.91,2049,2067,2044.78,2040,2065,193,0.19572,0.08938,0.02527,0.0224
2882,803145573,32,19.75,10,26,2062.53,2058,2069,2044.38,2026,2073,193,0.19088,0.07717,0.04420,0.0232
2883,803155764,32,20.44,14,29,2060.97,2056,2067,2042.94,2037,2050,193,0.19755,0.03321,-0.00342,0.0059
2884,803166015,32,19.28,9,26,2062.22,2052,2067,2045.34,2041,2056,193,0.18634,0.10647,0.03474,0.0263
2885,803176237,32,21.25,15,26,2061.59,2056,2067,2044.69,2040,2066,193,0.20538,0.08663,0.01551,0.0210
2886,803186430,32,20.03,10,27,2061.25,2037,2074,2044.81,2041,2060,193,0.19359,0.09029,0.00513,0.0185
2887,803196616,32,21.41,14,45,2060.22,2042,2065,2043.0,2016,2056,193,0.20693,0.03504,-0.02631,0.0018
2888,803206829,32,21.0,18,27,2061.38,2054,2067,2043.13,2038,2050,193,0.20297,0.03901,0.00910,0.0098
2889,803217032,32,19.09,0,27,2061.06,2050,2066,2043.34,2022,2072,193,0.18450,0.04542,-0.00067,0.0083
2890,803227213,32,20.91,16,30,2062.56,2059,2074,2043.94,2016,2056,193,0.20210,0.06374,0.04512,0.0220
2891,803237428,32,20.75,17,26,2061.69,2058,2070,2044.13,2041,2050,193,0.20055,0.06954,0.01856,0.0177
2892,803247586,32,19.97,14,26,2061.41,2056,2067,2043.91,2041,2060,193,0.19301,0.06282,0.01001,0.0141
2893,803257772,32,20.19,2,28,2061.97,2051,2070,2043.81,2037,2051,193,0.19514,0.05977,0.02711,0.0170
2894,803267966,32,19.75,4,40,2061.91,2056,2076,2044.5,2041,2050,193,0.19088,0.08083,0.02527,0.0203
2895,803278151,32,19.34,10,26,2062.38,2054,2080,2042.16,2022,2057,193,0.18692,0.00940,0.03962,0.0092
2896,803288338,32,21.06,2,57,2062.75,2056,2073,2045.78,2041,2065,193,0.20354,0.11990,0.05092,0.0348
2897,803298531,32,20.72,14,46,2061.31,2044,2067,2044.06,2034,2077,193,0.20026,0.06740,0.00696,0.0149
2898,803308759,32,18.97,0,27,2061.94,2058,2081,2043.03,2035,2049,193,0.18335,0.03596,0.02619,0.0114
2899,803318951,32,20.53,16,32,2062.19,2059,2067,2042.91,2019,2052,193,0.19842,0.03230,0.03382,0.0131
2900,803329178,32,18.5,12,26,2061.34,2050,2069,2042.91,2021,2050,193,0.17880,0.03230,0.00788,0.0072
2901,803339379,32,20.75,13,34,2062.19,2054,2072,2045.09,2041,2056,193,0.20055,0.09884,0.03382,0.0266
2902,803349548,32,19.16,8,26,2061.16,2033,2068,2043.31,2033,2051,193,0.18518,0.04451,0.00238,0.0087
2903,803359746,32,20.06,5,37,2061.81,2050,2066,2044.91,2040,2056,193,0.19388,0.09335,0.02222,0.0224
2904,803369965,32,20.16,0,27,2061.53,2057,2068,2043.19,2040,2049,193,0.19485,0.04084,0.01368,0.0106
2905,803380188,32,21.13,16,28,2062.28,2058,2068,2044.91,2041,2052,193,0.20422,0.09335,0.03657,0.0265
2906,803390418,32,19.34,0,28,2062.28,2058,2072,2043.16,2035,2050,193,0.18692,0.03993,0.03657,0.0143
2907,803400578,32,20.22,14,33,2062.38,2059,2069,2043.91,2036,2050,193,0.19543,0.06282,0.03962,0.0200
2908,803410768,32,21.5,14,50,2062.22,2051,2074,2044.41,2031,2056,193,0.20780,0.07808,0.03474,0.0234
2909,803420974,32,19.94,11,26,2062.13,2059,2075,2042.25,2015,2050,193,0.19272,0.01215,0.03199,0.0085
2910,803431151,32,20.72,17,27,2061.94,2059,2069,2043.56,2027,2051,193,0.20026,0.05214,0.02619,0.0157
2911,803441389,32,21.94,13,59,2062.56,2059,2075,2043.72,2032,2051,193,0.21205,0.05702,0.04512,0.0217
2912,803451583,32,19.97,16,29,2061.66,2056,2066,2044.06,2021,2051,193,0.19301,0.06740,0.01764,0.0164
2913,803461794,32,20.78,16,26,2061.78,2052,2067,2042.41,2019,2049,193,0.20084,0.01703,0.02131,0.0077
2914,803471980,32,21.0,5,32,2061.44,2058,2069,2044.31,2040,2050,193,0.20297,0.07503,0.01093,0.0174
2915,803482173,32,18.81,4,26,2060.75,2049,2067,2045.41,2040,2061,193,0.18180,0.10861,-0.01013,0.0179
2916,803492359,32,21.59,9,54,2061.25,2056,2069,2042.88,2034,2051,193,0.20867,0.03138,0.00513,0.0076
2917,803502507,32,19.88,16,28,2060.44,2045,2067,2044.94,2038,2067,193,0.19214,0.09426,-0.01960,0.0143
2918,803512713,32,20.75,17,26,2062.5,2052,2092,2042.97,2038,2051,193,0.20055,0.03413,0.04328,0.0155
2919,803522885,32,20.84,15,27,2061.53,2059,2067,2044.0,2022,2057,193,0.20142,0.06557,0.01368,0.0160
2920,803533062,32,20.63,14,26,2061.81,2041,2074,2043.31,2038,2054,193,0.19939,0.04451,0.02222,0.0133
2921,803543272,32,19.5,11,26,2062.22,2059,2067,2043.78,2040,2052,193,0.18847,0.05885,0.03474,0.0176
2922,803553469,32,19.41,0,29,2061.97,2057,2074,2044.13,2033,2063,193,0.18760,0.06954,0.02711,0.0181
2923,803563661,32,20.22,14,27,2061.88,2057,2068,2044.16,2041,2052,193,0.19543,0.07045,0.02436,0.0185
2924,803573820,32,22.25,8,57,2061.97,2057,2069,2044.5,2040,2070,193,0.21505,0.08083,0.02711,0.0232
2925,803583989,32,21.44,17,56,2062.59,2058,2069,2044.41,2037,2066,193,0.20722,0.07808,0.04603,0.0257
2926,803594211,32,19.5,5,29,2060.09,2029,2066,2044.25,2037,2056,193,0.18847,0.07320,-0.03028,0.0081
2927,803604362,32,21.91,16,34,2060.75,2036,2067,2043.97,2022,2055,193,0.21176,0.06465,-0.01013,0.0115
2928,803614535,32,20.13,13,26,2061.25,2040,2067,2044.63,2039,2061,193,0.19456,0.08480,0.00513,0.0175
2929,803624711,32,21.44,11,37,2061.0,2040,2069,2043.94,2037,2050,193,0.20722,0.06374,-0.00250,0.0127
2930,803634876,32,19.53,5,27,2063.72,2058,2098,2044.38,2036,2059,193,0.18876,0.07717,0.08052,0.0298
2931,803645069,32,19.84,2,37,2062.22,2058,2067,2044.16,2016,2080,193,0.19175,0.07045,0.03474,0.0202
2932,803655238,32,21.81,8,78,2061.41,2057,2067,2044.84,2035,2059,193,0.21079,0.09121,0.01001,0.0213
2933,803665441,32,20.25,0,32,2062.47,2059,2067,2043.72,2011,2057,193,0.19572,0.05702,0.04237,0.0195
2934,803675667,32,20.09,9,26,2060.69,2050,2068,2043.63,2037,2053,193,0.19417,0.05427,-0.01197,0.0082
2935,803685883,32,20.78,16,32,2060.53,2051,2066,2043.84,2037,2053,193,0.20084,0.06068,-0.01685,0.0088
2936,803696079,32,19.59,0,29,2061.94,2056,2068,2043.5,2026,2050,193,0.18934,0.05031,0.02619,0.0145
2937,803706255,32,20.72,0,38,2061.88,2057,2066,2043.34,2037,2065,193,0.20026,0.04542,0.02436,0.0140
2938,803716466,32,20.63,0,26,2062.5,2059,2067,2044.19,2038,2057,193,0.19939,0.07137,0.04328,0.0229
2939,803726672,32,19.56,2,29,2062.34,2058,2068,2043.41,2036,2051,193,0.18905,0.04756,0.03840,0.0163
2940,803736895,32,21.91,16,41,2061.22,2056,2070,2044.13,2040,2057,193,0.21176,0.06954,0.00421,0.0156
2941,803747113,32,21.44,16,51,2061.06,2042,2067,2043.84,2036,2050,193,0.20722,0.06068,-0.00067,0.0124
2942,803757310,32,18.97,14,25,2061.75,2056,2069,2044.78,2036,2061,193,0.18335,0.08938,0.02039,0.0201
2943,803767466,32,20.59,12,37,2061.53,2051,2067,2044.25,2028,2059,193,0.19900,0.07320,0.01368,0.0173
2944,803777652,32,19.66,7,26,2062.34,2059,2069,2041.94,2020,2050,193,0.19001,0.00269,0.03840,0.0078
2945,803787887,32,19.16,5,30,2062.19,2059,2068,2043.31,2036,2050,193,0.18518,0.04451,0.03382,0.0145
2946,803798074,32,21.41,12,33,2061.19,2042,2067,2044.22,2040,2068,193,0.20693,0.07228,0.00330,0.0156
2947,803808294,32,20.72,8,50,2062.09,2054,2076,2045.09,2031,2074,193,0.20026,0.09884,0.03077,0.0260
2948,803818516,32,19.19,0,41,2061.66,2053,2067,2044.03,2022,2060,193,0.18547,0.06648,0.01764,0.0156
2949,803828705,32,20.66,16,27,2060.59,2052,2066,2044.13,2040,2052,193,0.19968,0.06954,-0.01502,0.0109
2950,803838855,32,19.06,10,26,2060.78,2036,2066,2044.41,2040,2053,193,0.18421,0.07808,-0.00922,0.0127
2951,803849053,32,21.13,16,27,2061.19,2056,2067,2043.22,2014,2053,193,0.20422,0.04176,0.00330,0.0092
2952,803859251,32,19.97,9,27,2061.78,2058,2067,2043.81,2033,2050,193,0.19301,0.05977,0.02131,0.0156
2953,803869460,32,21.03,17,38,2060.69,2050,2070,2044.13,2040,2056,193,0.20325,0.06954,-0.01197,0.0117
2954,803879704,32,19.63,15,28,2061.28,2057,2066,2044.25,2033,2050,193,0.18972,0.07320,0.00604,0.0150
2955,803889895,32,20.81,17,43,2061.03,2057,2066,2043.56,2036,2059,193,0.20113,0.05214,-0.00159,0.0102
2956,803900100,32,20.13,16,25,2061.56,2057,2066,2043.5,2040,2050,193,0.19456,0.05031,0.01459,0.0126
2957,803910264,32,20.97,16,26,2061.94,2053,2067,2043.69,2038,2055,193,0.20268,0.05610,0.02619,0.0167
2958,803920457,32,20.78,2,27,2060.13,2037,2066,2044.0,2040,2069,193,0.20084,0.06557,-0.02906,0.0073
2959,803930661,32,19.88,3,37,2062.09,2053,2072,2044.69,2037,2064,193,0.19214,0.08663,0.03077,0.0226
2960,803940880,32,19.81,7,26,2059.16,2050,2065,2044.09,2034,2060,193,0.19146,0.06831,-0.05867,0.0018
2961,803951068,32,18.63,4,28,2061.84,2054,2069,2043.81,2036,2052,193,0.18006,0.05977,0.02314,0.0149
2962,803961256,32,20.28,16,30,2061.88,2048,2068,2043.38,2035,2057,193,0.19601,0.04664,0.02436,0.0139
2963,803971433,32,20.34,16,28,2061.56,2052,2069,2044.03,2040,2049,193,0.19659,0.06648,0.01459,0.0159
2964,803981608,32,21.09,17,26,2061.19,2053,2069,2043.81,2036,2051,193,0.20383,0.05977,0.00330,0.0129
2965,803991808,32,20.78,17,26,2062.09,2059,2074,2043.91,2028,2051,193,0.20084,0.06282,0.03077,0.0188
2966,804001992,32,21.16,14,29,2062.03,2059,2072,2043.81,2038,2050,193,0.20451,0.05977,0.02894,0.0181
2967,804012201,32,20.97,11,35,2061.91,2056,2067,2044.03,2036,2053,193,0.20268,0.06648,0.02527,0.0186
2968,804022377,32,19.03,3,25,2062.09,2056,2077,2043.69,2037,2053,193,0.18392,0.05610,0.03077,0.0160
2969,804032563,32,19.78,10,35,2061.91,2054,2067,2045.88,2035,2078,193,0.19117,0.12295,0.02527,0.0283
2970,804042778,32,19.75,17,29,2062.63,2057,2074,2042.59,2017,2057,193,0.19088,0.02253,0.04725,0.0133
2971,804052935,32,18.88,0,42,2061.03,2049,2069,2044.34,2033,2064,193,0.18248,0.07595,-0.00159,0.0136
2972,804063148,32,20.09,16,26,2062.09,2057,2067,2042.97,2038,2049,193,0.19417,0.03413,0.03077,0.0126
2973,804073353,32,21.59,15,35,2062.41,2059,2067,2044.66,2038,2074,193,0.20867,0.08571,0.04054,0.0263
2974,804083521,32,20.81,12,28,2062.88,2059,2067,2044.56,2027,2053,193,0.20113,0.08266,0.05488,0.0277
2975,804093727,32,20.84,8,28,2062.16,2057,2070,2045.47,2038,2069,193,0.20142,0.11044,0.03291,0.0289
2976,804103928,32,20.47,13,33,2061.75,2057,2067,2044.97,2040,2065,193,0.19784,0.09518,0.02039,0.0229
2977,804114086,32,19.78,9,25,2061.81,2054,2069,2043.94,2027,2068,193,0.19117,0.06374,0.02222,0.0164
2978,804124310,32,19.5,4,28,2061.38,2056,2067,2043.44,2029,2059,193,0.18847,0.04847,0.00910,0.0109
2979,804134524,32,19.41,10,27,2062.69,2059,2076,2043.84,2038,2051,193,0.18760,0.06068,0.04908,0.0206
2980,804144714,32,20.41,11,29,2061.53,2058,2066,2042.97,2030,2050,193,0.19726,0.03413,0.01368,0.0094
2981,804154891,32,19.94,6,26,2062.63,2058,2074,2043.0,2025,2051,193,0.19272,0.03504,0.04725,0.0159
2982,804165064,32,19.81,16,37,2062.69,2059,2075,2044.84,2039,2051,193,0.19146,0.09121,0.04908,0.0269
2983,804175294,32,20.34,12,28,2060.84,2053,2066,2042.88,2032,2052,193,0.19659,0.03138,-0.00739,0.0047
2984,804185524,32,19.66,14,27,2062.06,2058,2070,2043.94,2036,2057,193,0.19001,0.06374,0.02985,0.0178
2985,804195745,32,19.38,9,33,2061.91,2057,2066,2042.72,2035,2050,193,0.18731,0.02650,0.02527,0.0097
2986,804205922,32,20.28,17,28,2062.16,2057,2070,2044.34,2039,2050,193,0.19601,0.07595,0.03291,0.0213
2987,804216114,32,20.75,12,35,2062.47,2059,2067,2043.47,2036,2051,193,0.20055,0.04939,0.04237,0.0184
2988,804226300,32,21.28,17,28,2062.09,2056,2068,2043.56,2021,2051,193,0.20567,0.05214,0.03077,0.0171
2989,804236484,32,20.28,17,26,2060.81,2059,2065,2043.25,2038,2050,193,0.19601,0.04267,-0.00830,0.0067
2990,804246658,32,20.0,17,27,2062.25,2057,2072,2044.0,2038,2054,193,0.19330,0.06557,0.03565,0.0196
2991,804256776,32,20.31,14,26,2061.22,2042,2068,2043.97,2040,2053,193,0.19630,0.06465,0.00421,0.0135
2992,804266976,32,20.72,16,27,2060.91,2056,2067,2043.84,2040,2050,193,0.20026,0.06068,-0.00525,0.0111
2993,804277175,32,19.28,1,26,2061.56,2059,2067,2043.22,2035,2050,193,0.18634,0.04176,0.01459,0.0105
2994,804287359,32,19.91,17,26,2062.47,2052,2071,2046.13,2040,2066,193,0.19243,0.13059,0.04237,0.0333
2995,804297560,32,20.31,16,46,2061.88,2041,2067,2044.22,2040,2051,193,0.19630,0.07228,0.02436,0.0190
2996,804307756,32,19.19,6,30,2060.66,2058,2065,2044.44,2040,2067,193,0.18547,0.07900,-0.01288,0.0123
2997,804317972,32,20.03,14,31,2061.88,2059,2070,2044.44,2038,2051,193,0.19359,0.07900,0.02436,0.0200
2998,804328182,32,21.22,17,28,2061.84,2052,2067,2044.59,2040,2061,193,0.20509,0.08358,0.02314,0.0219
2999,804338370,32,20.06,12,30,2061.0,2056,2067,2043.75,2040,2051,193,0.19388,0.05794,-0.00250,0.0107
3000,804348563,32,20.09,15,26,2061.91,2056,2070,2043.53,2038,2050,193,0.19417,0.05122,0.02527,0.0149
3001,804358771,32,20.84,16,29,2061.84,2058,2069,2043.63,2038,2050,193,0.20142,0.05427,0.02314,0.0156
3002,804368981,32,19.81,14,27,2061.16,2058,2066,2042.66,2014,2056,193,0.19146,0.02466,0.00238,0.0052
3003,804379231,32,19.81,16,26,2061.53,2051,2068,2044.78,2040,2064,193,0.19146,0.08938,0.01368,0.0197
3004,804389414,32,21.84,6,37,2061.47,2056,2067,2043.75,2037,2063,193,0.21108,0.05794,0.01184,0.0147
3005,804399569,32,20.38,11,28,2061.28,2053,2070,2045.06,2040,2059,193,0.19697,0.09792,0.00604,0.0205
3006,804409787,32,19.66,0,26,2061.47,2050,2066,2043.69,2036,2057,193,0.19001,0.05610,0.01184,0.0129
3007,804419983,32,19.03,0,26,2061.34,2058,2067,2043.38,2036,2050,193,0.18392,0.04664,0.00788,0.0100
3008,804430169,32,19.06,2,25,2061.66,2058,2067,2044.0,2027,2058,193,0.18421,0.06557,0.01764,0.0153
3009,804440403,32,20.53,17,29,2062.53,2057,2068,2044.13,2036,2053,193,0.19842,0.06954,0.04420,0.0226
3010,804450593,32,20.03,13,26,2061.75,2058,2069,2045.0,2037,2060,193,0.19359,0.09609,0.02039,0.0226
3011,804460756,32,20.63,6,38,2062.13,2058,2073,2044.63,2041,2051,193,0.19939,0.08480,0.03199,0.0233
3012,804470924,32,20.75,14,34,2061.78,2059,2073,2043.88,2033,2052,193,0.20055,0.06190,0.02131,0.0167
3013,804481111,32,21.0,16,30,2062.88,2059,2073,2043.63,2032,2051,193,0.20297,0.05427,0.05488,0.0222
3014,804491306,32,20.34,12,43,2061.56,2052,2066,2044.31,2040,2051,193,0.19659,0.07503,0.01459,0.0176
3015,804501522,32,20.72,14,26,2062.97,2059,2068,2045.03,2038,2053,193,0.20026,0.09701,0.05763,0.0310
3016,804511726,32,20.0,14,26,2061.72,2050,2069,2044.28,2038,2051,193,0.19330,0.07411,0.01947,0.0181
3017,804521907,32,19.91,10,27,2061.16,2049,2069,2043.84,2037,2059,193,0.19243,0.06068,0.00238,0.0121
3018,804532098,32,20.0,16,26,2062.16,2054,2068,2043.44,2025,2057,193,0.19330,0.04847,0.03291,0.0157
3019,804542287,32,20.31,17,27,2062.41,2048,2075,2043.34,2033,2050,193,0.19630,0.04542,0.04054,0.0169
3020,804552521,32,21.78,17,26,2061.88,2056,2067,2043.88,2034,2054,193,0.21050,0.06190,0.02436,0.0182
3021,804562723,32,20.31,13,34,2061.38,2056,2069,2044.19,2037,2053,193,0.19630,0.07137,0.00910,0.0158
3022,804572925,32,20.75,12,29,2061.41,2053,2068,2042.81,2036,2049,193,0.20055,0.02924,0.01001,0.0079
3023,804583104,32,20.81,18,25,2061.78,2057,2067,2043.09,2018,2050,193,0.20113,0.03779,0.02131,0.0119
3024,804593326,32,20.97,11,29,2062.63,2059,2079,2045.44,2040,2066,193,0.20268,0.10952,0.04725,0.0318
3025,804603553,32,20.88,17,29,2060.75,2051,2066,2043.88,2037,2050,193,0.20181,0.06190,-0.01013,0.0104
3026,804613720,32,20.41,17,28,2063.25,2058,2074,2043.25,2020,2050,193,0.19726,0.04267,0.06618,0.0215
3027,804623883,32,20.22,14,27,2061.34,2053,2069,2046.34,2039,2086,193,0.19543,0.13700,0.00788,0.0283
3028,804634092,32,21.88,18,42,2060.91,2058,2066,2043.59,2033,2059,193,0.21147,0.05305,-0.00525,0.0101
3029,804644299,32,21.16,16,40,2062.72,2059,2069,2043.34,2040,2050,193,0.20451,0.04542,0.05000,0.0195
3030,804654475,32,19.91,12,27,2060.31,2037,2070,2043.81,2040,2053,193,0.19243,0.05977,-0.02357,0.0070
3031,804664656,32,20.41,17,38,2061.22,2058,2067,2043.28,2035,2050,193,0.19726,0.04359,0.00421,0.0094
3032,804674849,32,20.84,4,30,2061.91,2054,2072,2043.53,2037,2053,193,0.20142,0.05122,0.02527,0.0154
3033,804685036,32,21.41,14,46,2062.78,2059,2067,2045.28,2040,2059,193,0.20693,0.10464,0.05183,0.0324
3034,804695265,32,19.16,5,28,2061.38,2059,2067,2043.44,2037,2051,193,0.18518,0.04847,0.00910,0.0107
3035,804705437,32,19.56,10,33,2060.81,2050,2066,2043.91,2033,2050,193,0.18905,0.06282,-0.00830,0.0103
3036,804715635,32,19.06,1,28,2061.09,2056,2067,2043.0,2028,2051,193,0.18421,0.03504,0.00024,0.0065
3037,804725826,32,20.75,17,35,2061.5,2058,2066,2045.06,2040,2056,193,0.20055,0.09792,0.01276,0.0222
3038,804736006,32,19.59,8,26,2062.31,2049,2089,2043.25,2040,2050,193,0.18934,0.04267,0.03748,0.0152
3039,804746207,32,19.59,16,26,2063.25,2059,2089,2043.88,2040,2050,193,0.18934,0.06190,0.06618,0.0243
3040,804756381,32,20.53,12,26,2061.56,2057,2068,2043.59,2040,2056,193,0.19842,0.05305,0.01459,0.0134
3041,804766578,32,19.84,17,26,2059.69,2041,2065,2042.16,2017,2049,193,0.19175,0.00940,-0.04249,-0.0063
3042,804776781,32,18.75,0,26,2061.22,2052,2068,2043.13,2018,2052,193,0.18122,0.03901,0.00421,0.0078
3043,804786942,32,21.59,16,33,2061.75,2060,2067,2044.59,2036,2058,193,0.20867,0.08358,0.02039,0.0217
3044,804797118,32,20.56,16,27,2061.56,2048,2066,2043.72,2036,2051,193,0.19871,0.05702,0.01459,0.0142
3045,804807315,32,22.03,16,48,2062.78,2056,2069,2043.13,2033,2049,193,0.21292,0.03901,0.05183,0.0193
3046,804817520,32,20.94,16,30,2061.31,2052,2067,2044.59,2038,2065,193,0.20239,0.08358,0.00696,0.0183
3047,804827697,32,19.91,2,29,2061.44,2053,2068,2043.06,2027,2051,193,0.19243,0.03687,0.01093,0.0092
3048,804837897,32,19.97,16,26,2063.25,2058,2074,2044.25,2025,2053,193,0.19301,0.07320,0.06618,0.0269
3049,804848077,32,19.66,14,26,2062.47,2056,2067,2044.78,2041,2054,193,0.19001,0.08938,0.04237,0.0250
3050,804858264,32,20.44,4,34,2061.44,2050,2067,2044.28,2026,2065,193,0.19755,0.07411,0.01093,0.0168
3051,804868469,32,20.34,10,27,2061.13,2053,2071,2043.53,2039,2053,193,0.19659,0.05122,0.00147,0.0104
3052,804878626,32,22.09,16,44,2061.22,2053,2067,2042.84,2035,2049,193,0.21350,0.03016,0.00421,0.0073
3053,804888841,32,20.38,14,32,2061.44,2056,2067,2042.06,2026,2050,193,0.19697,0.00635,0.01093,0.0034
3054,804899059,32,20.72,11,27,2062.53,2058,2073,2043.13,2027,2050,193,0.20026,0.03901,0.04420,0.0167
3055,804909250,32,20.13,14,26,2061.75,2054,2068,2044.69,2035,2051,193,0.19456,0.08663,0.02039,0.0208
3056,804919406,32,19.94,10,32,2061.44,2054,2067,2043.72,2035,2051,193,0.19272,0.05702,0.01093,0.0131
3057,804929608,32,21.31,16,33,2061.31,2044,2067,2044.09,2038,2064,193,0.20596,0.06831,0.00696,0.0155
3058,804939805,32,20.84,17,27,2060.59,2049,2068,2045.53,2038,2070,193,0.20142,0.11227,-0.01502,0.0196
3059,804950032,32,20.41,3,27,2061.75,2058,2085,2044.31,2040,2057,193,0.19726,0.07503,0.02039,0.0188
3060,804960241,32,21.03,11,29,2061.81,2051,2074,2043.25,2040,2050,193,0.20325,0.04267,0.02222,0.0132
3061,804970421,32,21.03,16,28,2060.75,2050,2072,2043.47,2038,2050,193,0.20325,0.04939,-0.01013,0.0080
3062,804980608,32,21.56,0,51,2061.59,2052,2067,2044.59,2030,2077,193,0.20838,0.08358,0.01551,0.0206
3063,804990820,32,18.88,0,27,2061.16,2051,2067,2043.38,2037,2053,193,0.18248,0.04664,0.00238,0.0089
3064,805001027,32,20.09,5,34,2062.88,2058,2098,2044.44,2033,2052,193,0.19417,0.07900,0.05488,0.0260
3065,805011247,32,20.81,16,27,2061.56,2056,2067,2043.03,2038,2050,193,0.20113,0.03596,0.01459,0.0102
3066,805021405,32,20.66,16,28,2062.72,2059,2075,2044.13,2040,2051,193,0.19968,0.06954,0.05000,0.0239
3067,805031598,32,20.84,17,28,2061.75,2054,2067,2042.94,2024,2050,193,0.20142,0.03321,0.02039,0.0108
3068,805041785,32,21.19,17,26,2061.56,2058,2068,2044.19,2024,2058,193,0.20480,0.07137,0.01459,0.0176
3069,805051968,32,20.59,13,36,2061.5,2056,2073,2043.19,2036,2056,193,0.19900,0.04084,0.01276,0.0107
3070,805062133,32,21.25,16,27,2060.91,2058,2066,2042.84,2021,2050,193,0.20538,0.03016,-0.00525,0.0051
3071,805072324,32,20.31,0,42,2062.75,2058,2079,2043.19,2027,2050,193,0.19630,0.04084,0.05092,0.0180
3072,805082506,32,20.59,12,28,2061.97,2058,2068,2044.28,2033,2050,193,0.19900,0.07411,0.02711,0.0201
3073,805092711,32,20.09,14,28,2060.94,2053,2067,2041.78,2032,2049,193,0.19417,-0.00220,-0.00433,-0.0013
3074,805102918,32,17.91,0,26,2061.31,2057,2067,2042.41,2036,2049,193,0.17310,0.01703,0.00696,0.0042
3075,805113137,32,20.84,3,28,2061.47,2056,2067,2043.81,2040,2050,193,0.20142,0.05977,0.01184,0.0144
3076,805123336,32,19.78,8,30,2061.38,2056,2066,2044.94,2038,2052,193,0.19117,0.09426,0.00910,0.0198
3077,805133541,32,19.84,4,30,2061.28,2058,2066,2042.09,2018,2051,193,0.19175,0.00726,0.00604,0.0026
3078,805143742,32,20.25,14,26,2060.91,2037,2066,2043.69,2032,2057,193,0.19572,0.05610,-0.00525,0.0100
3079,805153917,32,20.44,6,42,2062.84,2057,2079,2044.25,2038,2051,193,0.19755,0.07320,0.05366,0.0251
3080,805164081,32,21.19,16,45,2061.81,2056,2069,2043.69,2021,2058,193,0.20480,0.05610,0.02222,0.0160
3081,805174276,32,20.38,16,40,2062.47,2057,2096,2042.22,2027,2051,193,0.19697,0.01123,0.04237,0.0106
3082,805184506,32,19.38,12,31,2062.28,2059,2069,2044.47,2029,2056,193,0.18731,0.07991,0.03657,0.0218
3083,805194690,32,20.63,0,35,2060.81,2053,2066,2043.84,2041,2051,193,0.19939,0.06068,-0.00830,0.0104
3084,805204921,32,21.47,14,32,2060.19,2042,2073,2043.44,2034,2051,193,0.20751,0.04847,-0.02723,0.0044
3085,805215139,32,20.34,11,33,2061.72,2053,2073,2042.5,2026,2049,193,0.19659,0.01978,0.01947,0.0077
3086,805225303,32,19.97,6,26,2061.38,2055,2069,2043.66,2040,2050,193,0.19301,0.05519,0.00910,0.0124
3087,805235507,32,21.84,18,27,2061.09,2056,2066,2043.41,2040,2050,193,0.21108,0.04756,0.00024,0.0101
3088,805245708,32,19.0,0,27,2060.88,2059,2068,2045.03,2037,2075,193,0.18363,0.09701,-0.00617,0.0167
3089,805255875,32,19.66,16,32,2061.28,2045,2066,2043.88,2037,2054,193,0.19001,0.06190,0.00604,0.0129
3090,805266081,32,20.44,11,27,2063.69,2059,2088,2043.13,2032,2062,193,0.19755,0.03901,0.07961,0.0234
3091,805276281,32,21.0,4,57,2061.72,2056,2074,2043.88,2035,2063,193,0.20297,0.06190,0.01947,0.0165
3092,805286458,32,20.28,6,33,2060.91,2053,2066,2044.91,2040,2052,193,0.19601,0.09335,-0.00525,0.0173
3093,805296648,32,20.22,14,27,2062.03,2056,2074,2043.09,2030,2052,193,0.19543,0.03779,0.02894,0.0130
3094,805306861,32,20.41,13,29,2061.44,2054,2068,2042.72,2024,2053,193,0.19726,0.02650,0.01093,0.0074
3095,805317060,32,21.13,16,33,2061.03,2058,2067,2042.59,2036,2050,193,0.20422,0.02253,-0.00159,0.0043
3096,805327249,32,20.97,16,28,2061.66,2045,2066,2043.91,2036,2051,193,0.20268,0.06282,0.01764,0.0163
3097,805337495,32,19.75,12,26,2061.06,2051,2067,2042.97,2033,2050,193,0.19088,0.03413,-0.00067,0.0064
3098,805347703,32,20.28,9,30,2062.78,2056,2069,2043.94,2026,2050,193,0.19601,0.06374,0.05183,0.0227
3099,805357941,32,20.06,16,26,2061.19,2048,2067,2044.28,2038,2051,193,0.19388,0.07411,0.00330,0.0150
3100,805368145,32,20.91,16,51,2062.0,2059,2066,2043.91,2035,2051,193,0.20210,0.06282,0.02802,0.0184
3101,805378295,32,21.44,13,45,2061.16,2056,2066,2043.38,2029,2051,193,0.20722,0.04664,0.00238,0.0102
3102,805388522,32,20.91,16,34,2061.97,2059,2067,2042.59,2029,2051,193,0.20210,0.02253,0.02711,0.0100
3103,805398720,32,20.41,9,26,2062.0,2059,2067,2042.59,2026,2050,193,0.19726,0.02253,0.02802,0.0100
3104,805408908,32,19.84,1,30,2062.0,2058,2068,2044.69,2038,2052,193,0.19175,0.08663,0.02802,0.0220
3105,805419085,32,20.56,16,28,2061.25,2051,2069,2045.66,2036,2069,193,0.19871,0.11624,0.00513,0.0241
3106,805429277,32,20.81,10,28,2061.44,2049,2072,2044.19,2031,2051,193,0.20113,0.07137,0.01093,0.0166
3107,805439465,32,19.44,14,26,2061.19,2051,2067,2040.59,2020,2045,193,0.18789,-0.03852,0.00330,-0.0066
3108,805449651,32,21.34,12,51,2062.47,2059,2067,2044.69,2018,2051,193,0.20625,0.08663,0.04237,0.0266
3109,805459868,32,20.13,10,26,2062.16,2055,2067,2044.59,2036,2070,193,0.19456,0.08358,0.03291,0.0227
3110,805470058,32,20.41,16,33,2061.06,2043,2069,2042.88,2035,2051,193,0.19726,0.03138,-0.00067,0.0061
3111,805480233,32,19.88,12,36,2061.59,2058,2069,2043.22,2033,2052,193,0.19214,0.04176,0.01551,0.0110
3112,805490434,32,20.66,17,30,2061.28,2056,2067,2043.25,2038,2052,193,0.19968,0.04267,0.00604,0.0097
3113,805500615,32,20.72,14,33,2061.75,2057,2067,2044.13,2037,2061,193,0.20026,0.06954,0.02039,0.0180
3114,805510791,32,20.38,10,29,2062.31,2055,2094,2044.28,2041,2050,193,0.19697,0.07411,0.03748,0.0220
3115,805521006,32,19.53,16,26,2061.63,2053,2072,2043.34,2034,2050,193,0.18876,0.04542,0.01673,0.0117
3116,805531232,32,20.91,11,32,2062.63,2058,2067,2044.94,2040,2057,193,0.20210,0.09426,0.04725,0.0286
3117,805541410,32,20.97,11,26,2062.59,2059,2067,2044.03,2040,2059,193,0.20268,0.06648,0.04603,0.0228
3118,805551585,32,20.0,14,28,2061.69,2058,2072,2044.16,2040,2058,193,0.19330,0.07045,0.01856,0.0172
3119,805561771,32,18.69,6,26,2060.16,2032,2067,2043.75,2038,2059,193,0.18064,0.05794,-0.02814,0.0054
3120,805571982,32,20.47,16,26,2061.97,2048,2067,2042.22,2018,2050,193,0.19784,0.01123,0.02711,0.0076
3121,805582166,32,20.31,18,27,2061.41,2043,2074,2044.0,2037,2052,193,0.19630,0.06557,0.01001,0.0148
3122,805592339,32,20.69,17,28,2060.44,2053,2069,2042.59,2038,2050,193,0.19997,0.02253,-0.01960,0.0006
3123,805602544,32,19.22,8,27,2060.78,2048,2066,2044.22,2038,2051,193,0.18576,0.07228,-0.00922,0.0117
3124,805612738,32,20.56,8,34,2061.19,2050,2069,2043.84,2030,2050,193,0.19871,0.06068,0.00330,0.0127
3125,805622929,32,20.78,16,26,2062.03,2058,2069,2044.97,2040,2060,193,0.20084,0.09518,0.02894,0.0249
3126,805633156,32,20.09,16,30,2060.97,2048,2074,2043.28,2040,2049,193,0.19417,0.04359,-0.00342,0.0078
3127,805643398,32,19.94,16,26,2061.19,2057,2067,2043.13,2035,2050,193,0.19272,0.03901,0.00330,0.0082
3128,805653591,32,20.66,12,32,2062.0,2059,2067,2044.59,2036,2061,193,0.19968,0.08358,0.02802,0.0223
3129,805663758,32,20.41,13,34,2061.34,2045,2067,2044.91,2037,2053,193,0.19726,0.09335,0.00788,0.0200
3130,805673973,32,20.56,0,27,2061.53,2058,2072,2044.13,2019,2059,193,0.19871,0.06954,0.01368,0.0165
3131,805684170,32,20.16,12,27,2060.19,2043,2066,2043.34,2030,2051,193,0.19485,0.04542,-0.02723,0.0035
3132,805694382,32,18.66,0,26,2062.13,2053,2067,2043.09,2038,2051,193,0.18035,0.03779,0.03199,0.0126
3133,805704576,32,20.22,12,36,2061.81,2049,2067,2044.22,2026,2053,193,0.19543,0.07228,0.02222,0.0185
3134,805714830,32,21.03,15,28,2063.22,2058,2067,2043.94,2020,2051,193,0.20325,0.06374,0.06526,0.0262
3135,805725041,32,19.69,17,26,2061.13,2053,2067,2043.75,2040,2052,193,0.19030,0.05794,0.00147,0.0113
3136,805735214,32,21.06,14,49,2060.47,2051,2066,2042.44,2019,2050,193,0.20354,0.01795,-0.01868,-0.0001
3137,805745416,32,21.78,13,44,2061.88,2059,2066,2043.97,2038,2061,193,0.21050,0.06465,0.02436,0.0187
3138,805755602,32,21.59,13,34,2060.94,2049,2067,2044.19,2040,2056,193,0.20867,0.07137,-0.00433,0.0140
3139,805765821,32,19.63,16,26,2061.22,2055,2066,2042.66,2034,2050,193,0.18972,0.02466,0.00421,0.0055
3140,805775987,32,20.13,13,32,2061.59,2058,2066,2042.34,2017,2054,193,0.19456,0.01490,0.01551,0.0059
3141,805786197,32,20.78,15,36,2061.66,2058,2073,2045.0,2034,2065,193,0.20084,0.09609,0.01764,0.0228
3142,805796341,32,20.59,17,28,2061.91,2058,2069,2044.09,2030,2052,193,0.19900,0.06831,0.02527,0.0186
3143,805806544,32,21.94,16,37,2061.94,2057,2072,2044.59,2037,2075,193,0.21205,0.08358,0.02619,0.0233
3144,805816749,32,20.88,16,30,2061.38,2050,2073,2044.13,2040,2053,193,0.20181,0.06954,0.00910,0.0159
3145,805826934,32,20.78,16,38,2060.53,2051,2070,2044.84,2041,2058,193,0.20084,0.09121,-0.01685,0.0149
3146,805837117,32,20.66,12,32,2061.78,2059,2070,2043.78,2039,2052,193,0.19968,0.05885,0.02131,0.0160
3147,805847296,32,19.84,8,29,2060.97,2057,2067,2043.38,2020,2059,193,0.19175,0.04664,-0.00342,0.0083
3148,805857500,32,20.03,13,27,2061.63,2058,2066,2042.44,2024,2056,193,0.19359,0.01795,0.01673,0.0067
3149,805867689,32,21.44,16,29,2061.25,2052,2067,2043.28,2040,2052,193,0.20722,0.04359,0.00513,0.0101
3150,805877873,32,19.16,4,26,2061.22,2056,2066,2043.19,2033,2051,193,0.18518,0.04084,0.00421,0.0083
3151,805888057,32,19.94,14,26,2062.44,2058,2067,2042.63,2026,2050,193,0.19272,0.02375,0.04145,0.0126
3152,805898269,32,20.31,13,26,2062.91,2059,2068,2044.09,2035,2051,193,0.19630,0.06831,0.05580,0.0244
3153,805908473,32,19.19,0,28,2061.03,2058,2067,2043.75,2032,2051,193,0.18547,0.05794,-0.00159,0.0105
3154,805918628,32,20.0,16,29,2060.69,2053,2073,2044.19,2032,2051,193,0.19330,0.07137,-0.01197,0.0115
3155,805928828,32,19.69,9,26,2061.31,2040,2072,2043.63,2020,2050,193,0.19030,0.05427,0.00696,0.0117
3156,805939017,32,20.75,17,29,2062.84,2060,2069,2043.94,2040,2050,193,0.20055,0.06374,0.05366,0.0235
3157,805949207,32,20.94,16,26,2061.47,2059,2066,2043.5,2030,2066,193,0.20239,0.05031,0.01184,0.0126
3158,805959377,32,20.75,18,26,2062.53,2058,2072,2042.41,2018,2051,193,0.20055,0.01703,0.04420,0.0123
3159,805969596,32,20.19,16,26,2061.06,2059,2069,2043.25,2036,2059,193,0.19514,0.04267,-0.00067,0.0082
3160,805979773,32,19.13,13,26,2061.56,2053,2074,2042.63,2028,2050,193,0.18489,0.02375,0.01459,0.0071
3161,805989982,32,19.78,17,28,2061.88,2058,2068,2045.25,2034,2062,193,0.19117,0.10372,0.02436,0.0245
3162,806000167,32,20.28,10,27,2062.31,2058,2075,2043.94,2033,2051,193,0.19601,0.06374,0.03748,0.0198
3163,806010357,32,20.81,17,25,2061.84,2058,2067,2043.25,2038,2050,193,0.20113,0.04267,0.02314,0.0132
3164,806020490,32,20.34,17,26,2060.63,2051,2065,2044.19,2039,2053,193,0.19659,0.07137,-0.01380,0.0113
3165,806030676,32,19.38,8,27,2062.63,2059,2068,2043.22,2030,2056,193,0.18731,0.04176,0.04725,0.0167
3166,806040877,32,19.63,0,45,2062.53,2059,2073,2044.03,2034,2054,193,0.18972,0.06648,0.04420,0.0210
3167,806051084,32,21.28,16,27,2061.66,2057,2067,2043.84,2037,2056,193,0.20567,0.06068,0.01764,0.0161
3168,806061289,32,20.19,13,28,2060.84,2036,2072,2044.31,2041,2057,193,0.19514,0.07503,-0.00739,0.0132
3169,806071508,32,20.5,14,32,2062.53,2059,2069,2043.91,2016,2056,193,0.19813,0.06282,0.04420,0.0212
3170,806081657,32,20.34,14,34,2062.13,2055,2077,2043.22,2030,2070,193,0.19659,0.04176,0.03199,0.0145
3171,806091873,32,20.06,1,27,2061.81,2059,2069,2042.88,2034,2052,193,0.19388,0.03138,0.02222,0.0104
3172,806102077,32,20.5,1,27,2062.47,2059,2074,2045.16,2037,2061,193,0.19813,0.10098,0.04237,0.0284
3173,806112269,32,20.59,10,28,2061.94,2057,2072,2041.41,2017,2059,193,0.19900,-0.01349,0.02619,0.0025
3174,806122477,32,21.25,14,32,2061.41,2058,2068,2042.63,2034,2051,193,0.20538,0.02375,0.01001,0.0069
3175,806132670,32,20.94,17,26,2060.38,2038,2066,2042.69,2037,2050,193,0.20239,0.02558,-0.02143,0.0008
3176,806142844,32,20.53,15,28,2061.97,2058,2069,2044.41,2040,2062,193,0.19842,0.07808,0.02711,0.0209
3177,806153055,32,18.69,8,30,2061.53,2056,2070,2043.56,2036,2050,193,0.18064,0.05214,0.01368,0.0119
3178,806163267,32,21.06,16,36,2061.88,2058,2067,2042.47,2036,2050,193,0.20354,0.01886,0.02436,0.0088
3179,806173481,32,20.13,9,28,2061.94,2058,2074,2043.03,2030,2058,193,0.19456,0.03596,0.02619,0.0121
3180,806183717,32,20.72,14,26,2062.38,2059,2075,2044.31,2032,2058,193,0.20026,0.07503,0.03962,0.0230
3181,806193885,32,19.47,16,30,2060.78,2052,2068,2043.59,2040,2050,193,0.18818,0.05305,-0.00922,0.0082
3182,806204047,32,19.72,12,26,2060.31,2045,2067,2042.0,2021,2053,193,0.19059,0.00452,-0.02357,-0.0036
3183,806214232,32,20.78,17,28,2061.34,2058,2066,2042.25,2021,2050,193,0.20084,0.01215,0.00788,0.0040
3184,806224411,32,20.16,13,27,2061.25,2051,2066,2044.56,2035,2051,193,0.19485,0.08266,0.00513,0.0171
3185,806234566,32,20.0,14,27,2062.69,2058,2070,2045.19,2038,2051,193,0.19330,0.10189,0.04908,0.0292
3186,806244732,32,20.72,13,40,2061.41,2058,2067,2043.5,2029,2053,193,0.20026,0.05031,0.01001,0.0121
3187,806254909,32,20.63,14,30,2061.81,2059,2067,2044.88,2038,2053,193,0.19939,0.09243,0.02222,0.0229
3188,806265120,32,21.03,16,26,2062.31,2056,2075,2043.97,2040,2053,193,0.20325,0.06465,0.03748,0.0208
3189,806275344,32,21.0,12,35,2061.75,2058,2072,2043.38,2037,2051,193,0.20297,0.04664,0.02039,0.0136
3190,806285487,32,20.41,17,27,2061.97,2055,2068,2044.72,2041,2050,193,0.19726,0.08755,0.02711,0.0226
3191,806295670,32,21.31,16,37,2062.0,2059,2067,2043.53,2038,2053,193,0.20596,0.05122,0.02802,0.0163
3192,806305845,32,20.75,15,32,2061.09,2057,2066,2041.97,2029,2049,193,0.20055,0.00360,0.00024,0.0008
3193,806316037,32,20.91,15,32,2061.41,2057,2073,2042.16,2021,2052,193,0.20210,0.00940,0.01001,0.0039
3194,806326229,32,21.19,16,48,2062.19,2058,2080,2043.63,2038,2050,193,0.20480,0.05427,0.03382,0.0180
3195,806336399,32,20.0,10,27,2061.41,2056,2068,2044.03,2025,2072,193,0.19330,0.06648,0.01001,0.0148
3196,806346583,32,21.19,17,26,2062.09,2056,2067,2043.94,2032,2050,193,0.20480,0.06374,0.03077,0.0194
3197,806356801,32,21.44,16,27,2061.66,2059,2066,2044.09,2035,2053,193,0.20722,0.06831,0.01764,0.0178
3198,806366996,32,21.03,15,56,2060.91,2051,2069,2043.56,2038,2056,193,0.20325,0.05214,-0.00525,0.0095
3199,806377191,32,22.81,16,50,2062.03,2058,2068,2043.47,2026,2061,193,0.22046,0.04939,0.02894,0.0173
3200,806387392,32,20.41,14,27,2061.38,2053,2066,2043.38,2037,2050,193,0.19726,0.04664,0.00910,0.0110
3201,806397615,32,21.5,17,36,2061.91,2059,2067,2043.44,2034,2052,193,0.20780,0.04847,0.02527,0.0153
3202,806407803,32,19.75,2,34,2062.0,2057,2073,2043.38,2032,2057,193,0.19088,0.04664,0.02802,0.0143
3203,806417961,32,21.91,16,50,2062.09,2048,2073,2044.03,2036,2051,193,0.21176,0.06648,0.03077,0.0206
3204,806428182,32,19.28,10,34,2061.22,2052,2066,2042.56,2032,2050,193,0.18634,0.02161,0.00421,0.0048
3205,806438377,32,20.47,14,26,2060.91,2049,2068,2044.81,2040,2056,193,0.19784,0.09029,-0.00525,0.0168
3206,806448575,32,21.63,3,59,2061.78,2048,2071,2043.72,2026,2051,193,0.20905,0.05702,0.02131,0.0164
3207,806458758,32,20.97,16,27,2060.91,2048,2067,2045.0,2040,2057,193,0.20268,0.09609,-0.00525,0.0184
3208,806468940,32,20.88,13,38,2062.34,2058,2075,2043.59,2034,2050,193,0.20181,0.05305,0.03840,0.0185
3209,806479166,32,19.78,16,26,2061.22,2049,2069,2044.25,2040,2051,193,0.19117,0.07320,0.00421,0.0148
3210,806489354,32,20.47,15,30,2061.66,2051,2067,2043.38,2040,2053,193,0.19784,0.04664,0.01764,0.0127
3211,806499556,32,20.19,0,28,2060.75,2053,2067,2043.53,2040,2050,193,0.19514,0.05122,-0.01013,0.0080
3212,806509733,32,20.91,11,27,2062.19,2057,2076,2042.63,2036,2049,193,0.20210,0.02375,0.03382,0.0116
3213,806519916,32,20.31,14,27,2061.38,2056,2070,2045.13,2039,2058,193,0.19630,0.10006,0.00910,0.0214
3214,806530096,32,20.06,5,29,2061.53,2057,2068,2044.0,2038,2052,193,0.19388,0.06557,0.01368,0.0154
3215,806540309,32,18.47,4,31,2061.41,2050,2067,2042.84,2025,2051,193,0.17851,0.03016,0.01001,0.0072
3216,806550510,32,19.91,15,27,2061.09,2049,2069,2044.59,2035,2057,193,0.19243,0.08358,0.00024,0.0161
3217,806560693,32,21.78,17,52,2061.72,2058,2067,2043.63,2031,2060,193,0.21050,0.05427,0.01947,0.0155
3218,806570878,32,19.03,0,25,2061.44,2053,2075,2043.19,2038,2052,193,0.18392,0.04084,0.01093,0.0095
3219,806581084,32,20.13,13,28,2062.72,2059,2068,2042.94,2035,2049,193,0.19456,0.03321,0.05000,0.0162
3220,806591283,32,21.06,17,28,2060.81,2056,2067,2044.25,2040,2076,193,0.20354,0.07320,-0.00830,0.0132
3221,806601472,32,20.63,0,30,2061.09,2057,2067,2043.28,2039,2052,193,0.19939,0.04359,0.00024,0.0087
3222,806611701,32,20.78,17,29,2060.97,2050,2066,2043.19,2017,2050,193,0.20084,0.04084,-0.00342,0.0075
3223,806621887,32,22.16,15,58,2061.56,2054,2069,2043.56,2037,2059,193,0.21418,0.05214,0.01459,0.0143
3224,806632092,32,20.97,13,48,2061.63,2059,2072,2043.88,2040,2053,193,0.20268,0.06190,0.01673,0.0159
3225,806642299,32,19.22,3,26,2060.94,2044,2067,2043.47,2035,2050,193,0.18576,0.04939,-0.00433,0.0084
3226,806652506,32,20.81,14,27,2062.78,2054,2069,2043.84,2040,2057,193,0.20113,0.06068,0.05183,0.0226
3227,806662694,32,20.84,5,35,2062.47,2058,2088,2043.47,2036,2051,193,0.20142,0.04939,0.04237,0.0185
3228,806672899,32,20.19,13,29,2061.91,2059,2066,2043.72,2035,2054,193,0.19514,0.05702,0.02527,0.0161
3229,806683132,32,20.03,9,35,2062.09,2054,2066,2043.22,2036,2050,193,0.19359,0.04176,0.03077,0.0140
3230,806693316,32,20.84,14,30,2061.16,2050,2074,2043.56,2038,2052,193,0.20142,0.05214,0.00238,0.0110
3231,806703518,32,20.53,14,28,2062.72,2060,2068,2044.13,2037,2060,193,0.19842,0.06954,0.05000,0.0237
3232,806713705,32,20.88,12,27,2061.78,2057,2067,2044.0,2039,2050,193,0.20181,0.06557,0.02131,0.0175
3233,806723890,32,19.41,5,26,2061.34,2053,2067,2043.5,2012,2051,193,0.18760,0.05031,0.00788,0.0109
3234,806734084,32,19.75,2,27,2062.22,2054,2070,2044.53,2038,2057,193,0.19088,0.08175,0.03474,0.0222
3235,806744258,32,20.34,12,28,2061.66,2052,2076,2044.0,2038,2060,193,0.19659,0.06557,0.01764,0.0164
3236,806754465,32,20.69,13,28,2061.31,2057,2067,2044.66,2037,2052,193,0.19997,0.08571,0.00696,0.0185
3237,806764672,32,20.06,17,26,2062.31,2058,2068,2043.91,2037,2051,193,0.19388,0.06282,0.03748,0.0194
3238,806774861,32,20.06,8,26,2062.13,2059,2067,2043.38,2028,2051,193,0.19388,0.04664,0.03199,0.0152
3239,806785061,32,20.25,11,28,2061.47,2057,2069,2043.59,2031,2074,193,0.19572,0.05305,0.01184,0.0127
3240,806795219,32,20.59,16,36,2062.81,2059,2067,2043.03,2034,2049,193,0.19900,0.03596,0.05275,0.0177
3241,806805426,32,19.34,6,27,2061.84,2058,2069,2044.38,2038,2057,193,0.18692,0.07717,0.02314,0.0187
3242,806815637,32,20.91,5,29,2061.5,2058,2066,2043.72,2032,2050,193,0.20210,0.05702,0.01276,0.0141
3243,806825816,32,20.03,16,27,2061.97,2052,2067,2044.34,2038,2050,193,0.19359,0.07595,0.02711,0.0199
3244,806836014,32,21.09,16,26,2062.03,2051,2067,2043.56,2036,2052,193,0.20383,0.05214,0.02894,0.0165
3245,806846219,32,20.19,13,34,2061.47,2058,2067,2042.44,2016,2050,193,0.19514,0.01795,0.01184,0.0058
3246,806856451,32,21.28,14,35,2060.97,2049,2067,2044.78,2040,2051,193,0.20567,0.08938,-0.00342,0.0177
3247,806866630,32,20.81,13,26,2061.81,2057,2067,2043.28,2036,2050,193,0.20113,0.04359,0.02222,0.0132
3248,806876836,32,20.34,16,27,2060.78,2051,2067,2044.19,2038,2050,193,0.19659,0.07137,-0.00922,0.0122
3249,806887010,32,20.94,12,43,2061.38,2056,2067,2043.97,2040,2059,193,0.20239,0.06465,0.00910,0.0149
3250,806897224,32,19.69,14,35,2062.41,2057,2073,2043.63,2037,2052,193,0.19030,0.05427,0.04054,0.0180
3251,806907420,32,19.84,14,27,2062.06,2051,2069,2044.69,2040,2068,193,0.19175,0.08663,0.02985,0.0223
3252,806917620,32,20.34,16,26,2061.94,2057,2067,2043.47,2038,2050,193,0.19659,0.04939,0.02619,0.0149
3253,806927792,32,20.25,17,28,2062.75,2053,2072,2043.28,2040,2049,193,0.19572,0.04359,0.05092,0.0185
3254,806937947,32,20.78,8,30,2063.69,2059,2097,2044.16,2036,2050,193,0.20084,0.07045,0.07961,0.0301
3255,806948166,32,19.06,12,25,2061.69,2057,2068,2042.66,2033,2057,193,0.18421,0.02466,0.01856,0.0080
3256,806958364,32,20.0,5,29,2061.0,2053,2066,2044.63,2034,2052,193,0.19330,0.08480,-0.00250,0.0159
3257,806968513,32,19.91,0,27,2061.31,2058,2067,2043.91,2034,2052,193,0.19243,0.06282,0.00696,0.0134
3258,806978697,32,19.38,11,26,2062.38,2052,2071,2042.5,2023,2049,193,0.18731,0.01978,0.03962,0.0111
3259,806988930,32,19.09,6,27,2061.22,2045,2068,2044.81,2037,2055,193,0.18450,0.09029,0.00421,0.0174
3260,806999134,32,20.03,13,27,2062.5,2059,2073,2044.41,2040,2056,193,0.19359,0.07808,0.04328,0.0235
3261,807009332,32,20.56,17,29,2061.03,2045,2068,2043.69,2019,2051,193,0.19871,0.05610,-0.00159,0.0108
3262,807019516,32,20.5,5,29,2061.63,2050,2066,2042.81,2029,2054,193,0.19813,0.02924,0.01673,0.0091
3263,807029718,32,20.59,16,26,2061.56,2057,2067,2043.78,2040,2050,193,0.19900,0.05885,0.01459,0.0146
3264,807039914,32,20.38,16,27,2062.53,2059,2073,2043.81,2040,2059,193,0.19697,0.05977,0.04420,0.0205
3265,807050090,32,20.69,16,26,2062.91,2057,2073,2045.38,2037,2053,193,0.19997,0.10769,0.05580,0.0327
3266,807060272,32,20.63,15,30,2061.81,2058,2067,2043.78,2040,2050,193,0.19939,0.05885,0.02222,0.0162
3267,807070457,32,21.0,17,36,2062.25,2057,2069,2045.34,2032,2075,193,0.20297,0.10647,0.03565,0.0288
3268,807080648,32,20.69,4,34,2060.94,2038,2087,2042.75,2020,2058,193,0.19997,0.02741,-0.00433,0.0046
3269,807090854,32,21.03,15,30,2062.06,2058,2067,2046.38,2041,2066,193,0.20325,0.13822,0.02985,0.0342
3270,807101059,32,20.53,16,30,2062.03,2056,2075,2044.13,2040,2051,193,0.19842,0.06954,0.02894,0.0195
3271,807111295,32,20.5,12,27,2063.0,2059,2077,2043.81,2036,2051,193,0.19813,0.05977,0.05855,0.0234
3272,807121416,32,20.22,13,26,2062.38,2057,2072,2044.47,2040,2054,193,0.19543,0.07991,0.03962,0.0234
3273,807131620,32,20.88,10,40,2061.84,2057,2067,2043.56,2026,2061,193,0.20181,0.05214,0.02314,0.0152
3274,807141783,32,20.44,14,27,2062.22,2056,2074,2044.38,2040,2056,193,0.19755,0.07717,0.03474,0.0221
3275,807151975,32,19.84,2,30,2061.94,2059,2067,2043.72,2035,2053,193,0.19175,0.05702,0.02619,0.0160
3276,807162200,32,19.91,12,27,2061.81,2040,2075,2043.72,2040,2051,193,0.19243,0.05702,0.02222,0.0152
3277,807172386,32,19.81,16,29,2061.47,2053,2071,2044.13,2035,2052,193,0.19146,0.06954,0.01184,0.0156
3278,807182591,32,21.09,17,35,2061.81,2054,2073,2043.78,2020,2050,193,0.20383,0.05885,0.02222,0.0165
3279,807192787,32,19.75,2,28,2061.34,2054,2067,2045.38,2040,2064,193,0.19088,0.10769,0.00788,0.0221
3280,807202958,32,20.78,14,29,2061.94,2058,2067,2044.25,2033,2051,193,0.20084,0.07320,0.02619,0.0200
3281,807213133,32,21.47,13,40,2062.34,2050,2069,2044.09,2040,2052,193,0.20751,0.06831,0.03840,0.0221
3282,807223353,32,19.66,10,28,2060.59,2050,2068,2043.47,2040,2049,193,0.19001,0.04939,-0.01502,0.0065
3283,807233535,32,19.59,10,33,2061.53,2055,2069,2043.75,2037,2057,193,0.18934,0.05794,0.01368,0.0136
3284,807243748,32,20.03,14,27,2062.34,2056,2074,2045.72,2037,2058,193,0.19359,0.11807,0.03840,0.0303
3285,807253944,32,20.66,14,40,2062.34,2057,2069,2043.38,2037,2049,193,0.19968,0.04664,0.03840,0.0170
3286,807264143,32,19.16,13,25,2062.41,2059,2068,2043.38,2022,2053,193,0.18518,0.04664,0.04054,0.0161
3287,807274361,32,19.5,16,27,2060.97,2049,2067,2042.47,2033,2051,193,0.18847,0.01886,-0.00342,0.0029
3288,807284550,32,19.84,14,27,2061.97,2057,2068,2043.88,2034,2051,193,0.19175,0.06190,0.02711,0.0171
3289,807294727,32,20.56,13,41,2062.31,2059,2067,2044.88,2017,2052,193,0.19871,0.09243,0.03748,0.0258
3290,807304942,32,20.97,16,37,2062.0,2057,2067,2042.97,2038,2051,193,0.20268,0.03413,0.02802,0.0126
3291,807315106,32,20.72,17,27,2063.22,2059,2089,2043.13,2032,2053,193,0.20026,0.03901,0.06526,0.0209
3292,807325333,32,20.84,16,26,2061.59,2052,2075,2043.56,2017,2073,193,0.20142,0.05214,0.01551,0.0136
3293,807335548,32,21.97,17,35,2061.44,2028,2072,2045.88,2040,2068,193,0.21234,0.12295,0.01093,0.0284
3294,807345758,32,20.53,9,27,2062.09,2054,2070,2043.69,2037,2061,193,0.19842,0.05610,0.03077,0.0172
3295,807355952,32,20.16,15,30,2061.63,2050,2067,2045.13,2037,2068,193,0.19485,0.10006,0.01673,0.0228
3296,807366166,32,20.75,14,35,2061.84,2058,2066,2044.13,2041,2052,193,0.20055,0.06954,0.02314,0.0186
3297,807376340,32,20.84,16,26,2061.97,2056,2070,2044.19,2037,2050,193,0.20142,0.07137,0.02711,0.0198
3298,807386515,32,20.63,3,27,2061.41,2058,2066,2042.81,2020,2064,193,0.19939,0.02924,0.01001,0.0078
3299,807396735,32,20.63,16,27,2061.81,2058,2074,2043.97,2040,2053,193,0.19939,0.06465,0.02222,0.0173
3300,807406938,32,20.03,4,36,2061.91,2056,2072,2043.63,2038,2050,193,0.19359,0.05427,0.02527,0.0154
3301,807417127,32,19.47,12,27,2061.69,2051,2068,2043.41,2035,2056,193,0.18818,0.04756,0.01856,0.0124
3302,807427323,32,20.81,14,27,2062.47,2059,2072,2043.56,2038,2054,193,0.20113,0.05214,0.04237,0.0190
3303,807437537,32,21.13,8,27,2062.31,2056,2067,2044.94,2038,2082,193,0.20422,0.09426,0.03748,0.0269
3304,807447729,32,21.0,3,32,2061.28,2056,2067,2043.41,2035,2050,193,0.20297,0.04756,0.00604,0.0109
3305,807457904,32,20.16,14,51,2062.66,2058,2069,2044.56,2041,2053,193,0.19485,0.08266,0.04817,0.0255
3306,807468088,32,20.63,12,30,2062.59,2052,2067,2044.41,2037,2050,193,0.19939,0.07808,0.04603,0.0247
3307,807478296,32,19.03,0,29,2061.59,2058,2067,2044.16,2035,2056,193,0.18392,0.07045,0.01551,0.0158
3308,807488475,32,20.66,15,30,2061.09,2055,2067,2044.75,2037,2053,193,0.19968,0.08846,0.00024,0.0177
3309,807498693,32,19.75,15,26,2061.59,2058,2070,2043.75,2039,2051,193,0.19088,0.05794,0.01551,0.0140
3310,807508839,32,19.91,12,26,2061.72,2054,2067,2044.69,2037,2060,193,0.19243,0.08663,0.01947,0.0204
3311,807519029,32,18.91,12,26,2062.53,2059,2068,2043.06,2017,2054,193,0.18277,0.03687,0.04420,0.0148
3312,807529257,32,21.81,14,56,2060.97,2056,2067,2042.78,2022,2050,193,0.21079,0.02833,-0.00342,0.0053
3313,807539463,32,19.66,8,30,2061.63,2054,2068,2044.47,2034,2050,193,0.19001,0.07991,0.01673,0.0184
3314,807549689,32,21.5,16,35,2061.41,2054,2066,2043.63,2035,2050,193,0.20780,0.05427,0.01001,0.0134
3315,807559871,32,19.97,11,26,2061.63,2057,2067,2044.66,2040,2066,193,0.19301,0.08571,0.01673,0.0198
3316,807570075,32,18.59,4,27,2062.16,2058,2072,2044.16,2036,2051,193,0.17967,0.07045,0.03291,0.0186
3317,807580270,32,20.16,13,30,2061.41,2052,2066,2043.06,2029,2058,193,0.19485,0.03687,0.01001,0.0091
3318,807590459,32,20.16,17,28,2062.28,2058,2067,2044.03,2040,2051,193,0.19485,0.06648,0.03657,0.0201
3319,807600674,32,19.78,4,28,2062.22,2058,2072,2043.41,2024,2051,193,0.19117,0.04756,0.03474,0.0157
3320,807610860,32,19.28,4,26,2061.09,2056,2067,2044.06,2032,2059,193,0.18634,0.06740,0.00024,0.0126
3321,807621057,32,20.13,4,30,2062.09,2058,2070,2043.72,2040,2050,193,0.19456,0.05702,0.03077,0.0171
3322,807631247,32,20.25,11,28,2062.09,2056,2074,2042.72,2034,2051,193,0.19572,0.02650,0.03077,0.0112
3323,807641418,32,20.31,10,25,2061.72,2053,2068,2044.41,2029,2052,193,0.19630,0.07808,0.01947,0.0192
3324,807651615,32,20.88,5,37,2061.56,2058,2066,2044.44,2031,2051,193,0.20181,0.07900,0.01459,0.0189
3325,807661797,32,19.78,17,28,2062.28,2059,2067,2043.75,2028,2050,193,0.19117,0.05794,0.03657,0.0181
3326,807671987,32,20.09,17,30,2061.69,2053,2069,2043.25,2037,2050,193,0.19417,0.04267,0.01856,0.0119
3327,807682192,32,18.84,2,25,2061.88,2057,2067,2044.25,2038,2061,193,0.18209,0.07320,0.02436,0.0178
3328,807692367,32,19.41,5,33,2060.97,2054,2069,2042.69,2037,2049,193,0.18760,0.02558,-0.00342,0.0042
3329,807702562,32,18.78,0,27,2061.34,2057,2067,2043.41,2027,2050,193,0.18151,0.04756,0.00788,0.0101
3330,807712754,32,20.19,17,26,2062.09,2059,2067,2042.84,2018,2050,193,0.19514,0.03016,0.03077,0.0119
3331,807722959,32,20.59,17,25,2060.5,2049,2068,2044.16,2038,2051,193,0.19900,0.07045,-0.01777,0.0105
3332,807733117,32,20.69,17,29,2061.69,2059,2067,2042.94,2033,2053,193,0.19997,0.03321,0.01856,0.0104
3333,807743326,32,20.91,16,28,2062.06,2053,2085,2043.25,2038,2060,193,0.20210,0.04267,0.02985,0.0147
3334,807753519,32,19.22,13,25,2061.78,2054,2083,2044.0,2039,2059,193,0.18576,0.06557,0.02131,0.0161
3335,807763693,32,20.13,10,27,2061.53,2038,2067,2043.22,2025,2050,193,0.19456,0.04176,0.01368,0.0108
3336,807773906,32,20.16,13,26,2061.66,2051,2067,2045.25,2041,2058,193,0.19485,0.10372,0.01764,0.0236
3337,807784093,32,20.34,12,27,2061.22,2058,2067,2042.94,2040,2051,193,0.19659,0.03321,0.00421,0.0074
3338,807794303,32,20.34,12,26,2062.06,2059,2068,2043.66,2040,2062,193,0.19659,0.05519,0.02985,0.0167
3339,807804506,32,19.28,11,26,2062.28,2056,2068,2045.13,2040,2064,193,0.18634,0.10006,0.03657,0.0255
3340,807820283,32,20.66,13,38,2061.41,2043,2068,2044.13,2022,2056,193,0.19968,0.06954,0.01001,0.0159
3341,807830513,32,20.91,14,26,2062.75,2058,2075,2044.16,2027,2057,193,0.20210,0.07045,0.05092,0.0245
3342,807840702,32,19.75,9,26,2061.91,2057,2067,2042.94,2037,2051,193,0.19088,0.03321,0.02527,0.0112
3343,807850896,32,20.78,4,29,2062.5,2057,2067,2043.44,2037,2050,193,0.20084,0.04847,0.04328,0.0184
3344,807861088,32,20.5,13,28,2062.0,2059,2067,2043.59,2032,2051,193,0.19813,0.05305,0.02802,0.0161
3345,807871268,32,20.56,8,34,2062.91,2059,2090,2045.38,2038,2058,193,0.19871,0.10769,0.05580,0.0325
3346,807881471,32,20.31,4,35,2061.69,2051,2067,2044.44,2037,2057,193,0.19630,0.07900,0.01856,0.0192
3347,807891677,32,20.88,12,47,2062.44,2053,2070,2043.16,2028,2070,193,0.20181,0.03993,0.04145,0.0164
3348,807901863,32,19.84,12,30,2061.91,2059,2067,2043.97,2036,2052,193,0.19175,0.06465,0.02527,0.0172
3349,807912064,32,20.78,17,26,2062.63,2054,2077,2043.69,2037,2058,193,0.20084,0.05610,0.04725,0.0208
3350,807922237,32,20.31,16,48,2060.97,2051,2067,2042.56,2028,2051,193,0.19630,0.02161,-0.00342,0.0036
3351,807932444,32,20.91,9,43,2062.81,2058,2082,2043.44,2030,2051,193,0.20210,0.04847,0.05275,0.0205
3352,807942635,32,18.5,0,27,2061.34,2056,2067,2043.88,2033,2051,193,0.17880,0.06190,0.00788,0.0125
3353,807952811,32,19.63,14,26,2060.81,2052,2067,2044.09,2038,2051,193,0.18972,0.06831,-0.00830,0.0114
3354,807963002,32,20.25,16,26,2062.53,2058,2069,2045.34,2041,2061,193,0.19572,0.10647,0.04420,0.0295
3355,807973184,32,20.41,15,32,2061.13,2037,2072,2044.34,2040,2061,193,0.19726,0.07595,0.00147,0.0153
3356,807983371,32,20.06,10,27,2060.94,2048,2069,2043.59,2036,2050,193,0.19388,0.05305,-0.00433,0.0094
3357,807993566,32,20.38,11,32,2061.97,2049,2070,2043.78,2038,2052,193,0.19697,0.05885,0.02711,0.0169
3358,808003769,32,19.72,2,26,2062.06,2049,2067,2043.75,2038,2050,193,0.19059,0.05794,0.02985,0.0167
3359,808013959,32,20.56,8,28,2061.72,2057,2067,2043.81,2029,2050,193,0.19871,0.05977,0.01947,0.0157
3360,808024180,32,19.41,5,27,2064.13,2056,2088,2043.47,2038,2051,193,0.18760,0.04939,0.09304,0.0267
3361,808034398,32,20.22,17,27,2062.19,2041,2073,2042.72,2022,2051,193,0.19543,0.02650,0.03382,0.0118
3362,808044623,32,18.53,0,26,2062.0,2056,2068,2042.28,2037,2054,193,0.17909,0.01306,0.02802,0.0074
3363,808054798,32,20.94,0,38,2061.28,2057,2073,2043.91,2034,2051,193,0.20239,0.06282,0.00604,0.0139
3364,808064990,32,20.47,5,46,2063.31,2057,2078,2043.88,2038,2050,193,0.19784,0.06190,0.06801,0.0257
3365,808075197,32,21.06,5,43,2061.22,2058,2068,2045.34,2037,2065,193,0.20354,0.10647,0.00421,0.0225
3366,808085396,32,21.75,13,34,2061.97,2059,2068,2043.75,2033,2053,193,0.21021,0.05794,0.02711,0.0179
3367,808095550,32,21.31,17,32,2062.03,2058,2068,2043.38,2032,2052,193,0.20596,0.04664,0.02894,0.0156
3368,808105702,32,18.97,5,26,2062.5,2054,2072,2043.53,2034,2052,193,0.18335,0.05122,0.04328,0.0173
3369,808115872,32,20.56,16,32,2060.88,2049,2070,2045.03,2040,2061,193,0.19871,0.09701,-0.00617,0.0181
3370,808126054,32,20.78,16,28,2062.25,2048,2069,2045.09,2037,2076,193,0.20084,0.09884,0.03565,0.0270
3371,808136223,32,21.25,17,37,2062.69,2059,2068,2043.34,2033,2050,193,0.20538,0.04542,0.04908,0.0194
3372,808146399,32,21.31,13,41,2061.97,2054,2075,2044.69,2038,2056,193,0.20596,0.08663,0.02711,0.0234
3373,808156619,32,22.38,16,37,2062.16,2059,2068,2044.72,2038,2057,193,0.21630,0.08755,0.03291,0.0261
3374,808166804,32,18.91,0,27,2062.59,2058,2068,2044.09,2037,2050,193,0.18277,0.06831,0.04603,0.0209
3375,808177022,32,19.97,11,28,2061.41,2051,2067,2044.53,2040,2050,193,0.19301,0.08175,0.01001,0.0177
3376,808187219,32,19.38,10,29,2061.47,2059,2066,2042.16,2011,2050,193,0.18731,0.00940,0.01184,0.0040
3377,808197398,32,19.34,3,30,2062.63,2058,2074,2042.59,2038,2050,193,0.18692,0.02253,0.04725,0.0130
3378,808207569,32,20.41,13,27,2062.19,2056,2067,2044.44,2037,2058,193,0.19726,0.07900,0.03382,0.0223
3379,808217751,32,20.81,9,33,2060.81,2056,2067,2043.47,2037,2063,193,0.20113,0.04939,-0.00830,0.0083
3380,808227931,32,19.34,10,28,2061.78,2051,2067,2045.03,2024,2059,193,0.18692,0.09701,0.02131,0.0221
3381,808238118,32,19.78,16,26,2062.22,2056,2067,2044.38,2040,2060,193,0.19117,0.07717,0.03474,0.0214
3382,808248352,32,20.22,14,27,2061.47,2057,2073,2043.97,2037,2052,193,0.19543,0.06465,0.01184,0.0149
3383,808258537,32,21.06,10,26,2062.66,2057,2067,2044.22,2028,2056,193,0.20354,0.07228,0.04817,0.0245
3384,808268767,32,20.25,6,29,2061.38,2040,2069,2043.66,2020,2051,193,0.19572,0.05519,0.00910,0.0126
3385,808278942,32,20.72,15,34,2061.03,2055,2067,2042.84,2022,2056,193,0.20026,0.03016,-0.00159,0.0057
3386,808289118,32,20.09,17,26,2060.94,2059,2069,2043.16,2035,2050,193,0.19417,0.03993,-0.00433,0.0069
3387,808299308,32,20.41,16,28,2061.97,2059,2067,2042.59,2013,2070,193,0.19726,0.02253,0.02711,0.0098
3388,808309487,32,19.75,14,37,2061.34,2058,2066,2044.41,2040,2052,193,0.19088,0.07808,0.00788,0.0164
3389,808319657,32,20.56,16,26,2061.34,2051,2067,2043.53,2040,2050,193,0.19871,0.05122,0.00788,0.0117
3390,808329873,32,21.09,13,31,2061.13,2040,2067,2043.0,2025,2056,193,0.20383,0.03504,0.00147,0.0074
3391,808340055,32,19.41,0,31,2062.09,2058,2067,2042.94,2037,2052,193,0.18760,0.03321,0.03077,0.0120
3392,808350262,32,20.09,14,32,2062.06,2058,2069,2043.75,2028,2053,193,0.19417,0.05794,0.02985,0.0170
3393,808360425,32,20.09,5,27,2061.66,2059,2067,2043.84,2025,2057,193,0.19417,0.06068,0.01764,0.0152
3394,808370648,32,19.5,13,30,2060.97,2057,2066,2044.59,2035,2065,193,0.18847,0.08358,-0.00342,0.0151
3395,808380837,32,19.66,8,30,2061.47,2054,2069,2043.53,2040,2053,193,0.19001,0.05122,0.01184,0.0120
3396,808391032,32,19.09,13,27,2061.78,2056,2067,2043.69,2035,2050,193,0.18450,0.05610,0.02131,0.0143
3397,808401222,32,19.38,5,26,2062.31,2058,2076,2044.69,2040,2052,193,0.18731,0.08663,0.03748,0.0232
3398,808411412,32,20.78,10,27,2061.66,2049,2068,2044.72,2040,2050,193,0.20084,0.08755,0.01764,0.0211
3399,808421606,32,20.22,7,34,2061.72,2056,2067,2044.44,2035,2060,193,0.19543,0.07900,0.01947,0.0192
3400,808431825,32,19.84,5,28,2061.63,2058,2067,2042.28,2027,2049,193,0.19175,0.01306,0.01673,0.0057
3401,808442020,32,20.69,16,25,2062.19,2056,2069,2044.03,2036,2058,193,0.19997,0.06648,0.03382,0.0201
3402,808452222,32,21.03,13,34,2062.0,2057,2074,2044.19,2035,2057,193,0.20325,0.07137,0.02802,0.0202
3403,808462447,32,20.63,12,36,2062.59,2059,2079,2044.0,2040,2065,193,0.19939,0.06557,0.04603,0.0223
3404,808472618,32,19.41,10,26,2061.47,2058,2075,2042.5,2037,2050,193,0.18760,0.01978,0.01184,0.0059
3405,808482809,32,21.0,14,28,2062.5,2059,2068,2044.66,2029,2053,193,0.20297,0.08571,0.04328,0.0262
3406,808492967,32,21.63,13,50,2061.75,2058,2067,2043.09,2034,2050,193,0.20905,0.03779,0.02039,0.0122
3407,808503156,32,20.81,3,36,2061.53,2053,2070,2043.22,2036,2053,193,0.20113,0.04176,0.01368,0.0111
3408,808513351,32,19.84,9,28,2062.63,2059,2068,2044.03,2037,2052,193,0.19175,0.06648,0.04725,0.0218
3409,808523594,32,19.19,4,27,2061.34,2056,2066,2044.28,2030,2053,193,0.18547,0.07411,0.00788,0.0152
3410,808533779,32,18.69,4,26,2062.25,2059,2072,2044.25,2040,2050,193,0.18064,0.07320,0.03565,0.0197
3411,808543912,32,20.91,13,32,2062.59,2057,2076,2043.81,2035,2067,193,0.20210,0.05977,0.04603,0.0214
3412,808554113,32,20.19,11,27,2061.47,2050,2067,2044.44,2040,2060,193,0.19514,0.07900,0.01184,0.0177
3413,808564296,32,19.97,10,26,2062.47,2049,2068,2044.91,2038,2061,193,0.19301,0.09335,0.04237,0.0262
3414,808574479,32,21.56,17,50,2061.44,2059,2067,2042.06,2032,2052,193,0.20838,0.00635,0.01093,0.0036
3415,808584659,32,18.59,8,30,2061.69,2058,2069,2043.94,2032,2065,193,0.17967,0.06374,0.01856,0.0148
3416,808594826,32,20.25,16,29,2061.78,2053,2074,2041.38,2022,2050,193,0.19572,-0.01441,0.02131,0.0014
3417,808605016,32,20.91,13,44,2062.56,2058,2068,2044.06,2041,2050,193,0.20210,0.06740,0.04512,0.0227
3418,808615230,32,20.19,12,30,2061.38,2050,2068,2043.28,2040,2050,193,0.19514,0.04359,0.00910,0.0103
3419,808625425,32,19.97,13,30,2062.59,2057,2088,2042.47,2033,2050,193,0.19301,0.01886,0.04603,0.0125
3420,808635622,32,20.44,16,28,2062.09,2052,2067,2043.38,2037,2050,193,0.19755,0.04664,0.03077,0.0153
3421,808645825,32,19.25,6,26,2061.16,2045,2067,2044.47,2038,2065,193,0.18605,0.07991,0.00238,0.0153
3422,808655997,32,21.22,17,48,2063.22,2059,2088,2045.13,2040,2060,193,0.20509,0.10006,0.06526,0.0339
3423,808666217,32,20.44,14,27,2061.78,2057,2068,2043.09,2020,2051,193,0.19755,0.03779,0.02131,0.0117
3424,808676429,32,19.59,0,28,2061.94,2059,2067,2042.88,2028,2052,193,0.18934,0.03138,0.02619,0.0109
3425,808686626,32,20.5,9,26,2061.41,2052,2066,2044.47,2038,2074,193,0.19813,0.07991,0.01001,0.0178
3426,808696799,32,19.78,0,37,2061.56,2056,2068,2044.63,2038,2058,193,0.19117,0.08480,0.01459,0.0190
3427,808706994,32,20.03,13,27,2061.88,2044,2067,2043.88,2025,2050,193,0.19359,0.06190,0.02436,0.0167
3428,808717199,32,21.38,7,53,2061.28,2058,2066,2044.31,2040,2051,193,0.20664,0.07503,0.00604,0.0168
3429,808727386,32,19.22,8,28,2062.47,2058,2072,2044.0,2016,2065,193,0.18576,0.06557,0.04237,0.0201
3430,808737556,32,21.81,17,27,2062.25,2058,2073,2043.31,2034,2052,193,0.21079,0.04451,0.03565,0.0169
3431,808747739,32,19.69,6,29,2061.5,2054,2067,2044.53,2037,2051,193,0.19030,0.08175,0.01276,0.0180
3432,808757936,32,19.81,12,35,2061.28,2058,2070,2043.69,2033,2050,193,0.19146,0.05610,0.00604,0.0119
3433,808768134,32,20.38,15,42,2061.69,2052,2067,2043.44,2025,2050,193,0.19697,0.04847,0.01856,0.0132
3434,808778360,32,20.03,13,26,2061.41,2053,2068,2044.19,2040,2064,193,0.19359,0.07137,0.01001,0.0158
3435,808788556,32,19.28,0,25,2061.19,2054,2069,2042.78,2027,2059,193,0.18634,0.02833,0.00330,0.0059
3436,808798762,32,20.34,12,35,2061.66,2057,2071,2044.13,2036,2052,193,0.19659,0.06954,0.01764,0.0171
3437,808808949,32,20.09,16,25,2061.5,2056,2069,2043.47,2038,2050,193,0.19417,0.04939,0.01276,0.0121
3438,808819154,32,19.31,12,28,2061.09,2058,2067,2043.59,2028,2061,193,0.18663,0.05305,0.00024,0.0099
3439,808829345,32,20.72,15,40,2061.94,2053,2067,2043.28,2037,2050,193,0.20026,0.04359,0.02619,0.0140
3440,808839542,32,19.84,9,26,2062.03,2051,2068,2044.03,2040,2050,193,0.19175,0.06648,0.02894,0.0183
3441,808849752,32,20.16,6,27,2062.09,2058,2069,2043.19,2037,2056,193,0.19485,0.04084,0.03077,0.0140
3442,808859935,32,19.88,10,32,2061.0,2059,2067,2042.84,2037,2059,193,0.19214,0.03016,-0.00250,0.0053
3443,808870129,32,19.03,14,25,2061.38,2049,2067,2044.13,2040,2058,193,0.18392,0.06954,0.00910,0.0145
3444,808880332,32,21.31,16,30,2062.09,2057,2067,2044.25,2026,2056,193,0.20596,0.07320,0.03077,0.0214
3445,808890508,32,20.56,11,27,2062.09,2058,2073,2043.75,2041,2050,193,0.19871,0.05794,0.03077,0.0176
3446,808900664,32,20.31,16,34,2061.78,2053,2067,2043.09,2038,2050,193,0.19630,0.03779,0.02131,0.0116
3447,808910866,32,21.53,14,29,2060.91,2058,2069,2041.38,2013,2050,193,0.20809,-0.01441,-0.00525,-0.0041
3448,808921097,32,20.38,18,29,2061.34,2051,2067,2043.22,2040,2050,193,0.19697,0.04176,0.00788,0.0098
3449,808931316,32,21.06,9,35,2061.44,2053,2068,2043.47,2035,2075,193,0.20354,0.04939,0.01093,0.0123
3450,808941516,32,21.53,8,43,2061.72,2056,2068,2043.16,2037,2050,193,0.20809,0.03993,0.01947,0.0124
3451,808951704,32,20.75,17,30,2061.59,2043,2067,2043.25,2037,2050,193,0.20055,0.04267,0.01551,0.0117
3452,808961882,32,20.19,12,40,2061.28,2054,2073,2044.84,2036,2093,193,0.19514,0.09121,0.00604,0.0190
3453,808972093,32,19.66,11,26,2061.44,2050,2070,2044.69,2033,2054,193,0.19001,0.08663,0.01093,0.0185
3454,808982323,32,20.19,14,40,2061.28,2050,2068,2042.16,2032,2051,193,0.19514,0.00940,0.00604,0.0030
3455,808992525,32,21.0,17,33,2061.38,2052,2075,2044.59,2035,2066,193,0.20297,0.08358,0.00910,0.0188
3456,809002701,32,21.22,15,40,2061.41,2057,2067,2044.03,2040,2050,193,0.20509,0.06648,0.01001,0.0157
3457,809012891,32,19.34,10,26,2063.03,2059,2069,2042.31,2021,2050,193,0.18692,0.01398,0.05946,0.0137
3458,809023104,32,20.44,16,27,2062.03,2059,2067,2045.28,2035,2062,193,0.19755,0.10464,0.02894,0.0264
3459,809033361,32,19.66,5,26,2061.41,2058,2074,2042.66,2024,2051,193,0.19001,0.02466,0.01001,0.0066
3460,809043586,32,20.66,10,29,2062.06,2057,2074,2044.19,2040,2051,193,0.19968,0.07137,0.02985,0.0202
3461,809053813,32,20.56,12,33,2061.94,2053,2069,2043.06,2032,2051,193,0.19871,0.03687,0.02619,0.0125
3462,809064023,32,19.44,12,25,2062.22,2056,2067,2043.53,2036,2051,193,0.18789,0.05122,0.03474,0.0162
3463,809074237,32,20.94,16,50,2062.66,2053,2081,2042.97,2024,2051,193,0.20239,0.03413,0.04817,0.0167
3464,809084446,32,20.59,17,27,2062.88,2058,2068,2044.31,2024,2057,193,0.19900,0.07503,0.05488,0.0259
3465,809094660,32,20.5,13,27,2061.78,2058,2069,2045.59,2037,2064,193,0.19813,0.11410,0.02131,0.0268
3466,809104844,32,20.75,16,27,2060.63,2051,2067,2044.22,2037,2069,193,0.20055,0.07228,-0.01380,0.0117
3467,809115049,32,21.25,12,29,2061.56,2058,2069,2043.94,2028,2053,193,0.20538,0.06374,0.01459,0.0161
3468,809125224,32,20.91,17,30,2061.88,2057,2066,2042.81,2029,2053,193,0.20210,0.02924,0.02436,0.0108
3469,809135430,32,19.88,13,27,2061.41,2057,2067,2043.69,2038,2051,193,0.19214,0.05610,0.01001,0.0127
3470,809145605,32,20.94,5,29,2061.91,2058,2069,2044.88,2040,2054,193,0.20239,0.09243,0.02527,0.0238
3471,809155800,32,20.25,17,26,2062.66,2056,2076,2043.56,2025,2063,193,0.19572,0.05214,0.04817,0.0196
3472,809165992,32,20.5,11,37,2061.47,2059,2067,2044.25,2040,2052,193,0.19813,0.07320,0.01184,0.0168
3473,809176148,32,20.13,16,28,2060.88,2052,2065,2043.72,2034,2054,193,0.19456,0.05702,-0.00617,0.0099
3474,809186373,32,20.47,0,27,2061.88,2058,2066,2043.97,2030,2060,193,0.19784,0.06465,0.02436,0.0176
3475,809196563,32,21.16,15,28,2062.22,2056,2068,2044.94,2040,2070,193,0.20451,0.09426,0.03474,0.0264
3476,809206752,32,20.38,14,29,2063.25,2060,2071,2044.03,2040,2050,193,0.19697,0.06648,0.06618,0.0261
3477,809216951,32,20.5,11,26,2061.47,2058,2066,2041.5,2020,2050,193,0.19813,-0.01074,0.01184,0.0002
3478,809227119,32,19.88,6,27,2062.13,2049,2082,2044.88,2030,2065,193,0.19214,0.09243,0.03199,0.0239
3479,809237336,32,19.72,8,29,2060.44,2049,2069,2044.72,2040,2056,193,0.19059,0.08755,-0.01960,0.0130
3480,809247557,32,19.5,17,26,2061.72,2048,2068,2044.88,2039,2057,193,0.18847,0.09243,0.01947,0.0211
3481,809257737,32,21.0,16,33,2060.75,2048,2072,2043.69,2019,2051,193,0.20297,0.05610,-0.01013,0.0093
3482,809267912,32,19.16,5,26,2062.34,2049,2074,2045.78,2037,2059,193,0.18518,0.11990,0.03840,0.0293
3483,809278089,32,19.53,2,26,2060.94,2044,2069,2044.03,2040,2050,193,0.18876,0.06648,-0.00433,0.0117
3484,809288317,32,19.22,14,25,2061.34,2054,2066,2043.38,2032,2050,193,0.18576,0.04664,0.00788,0.0101
3485,809298476,32,20.72,8,44,2062.53,2058,2067,2044.81,2036,2060,193,0.20026,0.09029,0.04420,0.0269
3486,809308702,32,20.44,17,27,2062.56,2057,2073,2044.47,2040,2052,193,0.19755,0.07991,0.04512,0.0247
3487,809318888,32,20.53,9,29,2061.47,2051,2069,2043.56,2038,2054,193,0.19842,0.05214,0.01184,0.0127
3488,809329053,32,21.03,10,30,2062.88,2058,2070,2043.38,2024,2051,193,0.20325,0.04664,0.05488,0.0206
3489,809339274,32,20.53,17,28,2061.88,2057,2072,2044.09,2038,2056,193,0.19842,0.06831,0.02436,0.0184
3490,809349475,32,20.06,14,27,2062.72,2059,2070,2044.0,2031,2051,193,0.19388,0.06557,0.05000,0.0224
3491,809359648,32,17.97,0,30,2061.56,2054,2068,2044.25,2030,2070,193,0.17368,0.07320,0.01459,0.0152
3492,809369826,32,20.88,14,29,2062.13,2056,2067,2043.78,2032,2050,193,0.20181,0.05885,0.03199,0.0183
3493,809380055,32,20.84,17,28,2061.31,2053,2068,2042.75,2032,2051,193,0.20142,0.02741,0.00696,0.0069
3494,809390206,32,20.09,16,26,2062.91,2056,2074,2043.5,2038,2054,193,0.19417,0.05031,0.05580,0.0206
3495,809400426,32,20.72,17,26,2061.38,2053,2067,2043.13,2022,2052,193,0.20026,0.03901,0.00910,0.0096
3496,809410631,32,19.56,16,28,2061.97,2056,2068,2044.22,2038,2059,193,0.18905,0.07228,0.02711,0.0188
3497,809420835,32,19.81,11,29,2062.44,2059,2073,2044.0,2037,2050,193,0.19146,0.06557,0.04145,0.0205
3498,809431012,32,19.44,13,29,2063.03,2058,2083,2043.94,2038,2050,193,0.18789,0.06374,0.05946,0.0231
3499,809441213,32,20.28,7,29,2061.63,2054,2067,2043.16,2021,2054,193,0.19601,0.03993,0.01673,0.0111
3500,809451416,32,20.06,11,32,2061.72,2058,2067,2043.5,2037,2054,193,0.19388,0.05031,0.01947,0.0135
3501,809461605,32,20.72,16,26,2061.19,2052,2066,2043.5,2038,2053,193,0.20026,0.05031,0.00330,0.0107
3502,809471779,32,21.34,0,40,2061.72,2056,2072,2042.25,2025,2050,193,0.20625,0.01215,0.01947,0.0065
3503,809481971,32,19.47,9,26,2061.97,2057,2070,2043.31,2028,2051,193,0.18818,0.04451,0.02711,0.0135
3504,809492174,32,18.56,0,26,2061.78,2058,2069,2044.69,2033,2064,193,0.17938,0.08663,0.02131,0.0194
3505,809502369,32,20.09,0,27,2062.13,2059,2069,2043.91,2038,2056,193,0.19417,0.06282,0.03199,0.0184
3506,809512554,32,19.75,5,27,2062.5,2056,2069,2044.5,2034,2052,193,0.19088,0.08083,0.04328,0.0237
3507,809522674,32,19.78,14,26,2061.63,2058,2068,2042.91,2035,2049,193,0.19117,0.03230,0.01673,0.0094
3508,809532903,32,20.91,17,27,2062.31,2057,2073,2043.75,2036,2056,193,0.20210,0.05794,0.03748,0.0193
3509,809543119,32,20.25,12,26,2060.94,2051,2067,2043.03,2036,2050,193,0.19572,0.03596,-0.00433,0.0062
3510,809553325,32,21.5,10,48,2061.44,2058,2067,2043.44,2036,2058,193,0.20780,0.04847,0.01093,0.0123
3511,809563511,32,20.28,14,27,2062.16,2058,2073,2044.31,2038,2059,193,0.19601,0.07503,0.03291,0.0212
3512,809573723,32,18.94,6,27,2063.0,2059,2079,2043.63,2024,2074,193,0.18306,0.05427,0.05855,0.0207
3513,809583890,32,18.75,0,34,2060.81,2057,2074,2042.97,2040,2049,193,0.18122,0.03413,-0.00830,0.0047
3514,809594084,32,20.56,16,34,2061.19,2058,2068,2042.59,2034,2052,193,0.19871,0.02253,0.00330,0.0051
3515,809604271,32,20.41,16,33,2061.84,2057,2066,2043.22,2039,2057,193,0.19726,0.04176,0.02314,0.0128
3516,809614467,32,20.56,0,30,2061.56,2050,2072,2042.44,2040,2049,193,0.19871,0.01795,0.01459,0.0065
3517,809624637,32,21.0,16,36,2062.06,2059,2067,2043.53,2037,2052,193,0.20297,0.05122,0.02985,0.0165
3518,809634830,32,20.56,8,31,2061.0,2058,2067,2043.13,2030,2052,193,0.19871,0.03901,-0.00250,0.0073
3519,809645011,32,20.31,14,27,2061.41,2056,2068,2043.25,2038,2050,193,0.19630,0.04267,0.01001,0.0103
3520,809655187,32,19.41,14,25,2062.22,2043,2074,2045.63,2038,2051,193,0.18760,0.11532,0.03474,0.0282
3521,809665409,32,20.38,14,28,2061.59,2043,2068,2044.88,2036,2052,193,0.19697,0.09243,0.01551,0.0213
3522,809675627,32,19.25,10,28,2061.03,2050,2067,2043.44,2038,2052,193,0.18605,0.04847,-0.00159,0.0087
3523,809685814,32,20.06,15,29,2062.0,2058,2067,2043.66,2037,2050,193,0.19388,0.05519,0.02802,0.0161
3524,809696008,32,20.19,16,32,2061.13,2056,2071,2042.97,2030,2050,193,0.19514,0.03413,0.00147,0.0069
3525,809706207,32,19.5,11,26,2061.72,2058,2067,2042.34,2029,2050,193,0.18847,0.01490,0.01947,0.0065
3526,809716378,32,19.63,13,35,2061.31,2051,2077,2042.34,2027,2051,193,0.18972,0.01490,0.00696,0.0041
3527,809726559,32,20.72,17,25,2062.5,2058,2067,2043.94,2038,2050,193,0.20026,0.06374,0.04328,0.0214
3528,809736747,32,18.88,13,25,2062.84,2058,2068,2044.94,2038,2051,193,0.18248,0.09426,0.05366,0.0270
3529,809746956,32,20.59,12,27,2061.03,2054,2066,2043.22,2035,2060,193,0.19900,0.04176,-0.00159,0.0080
3530,809757193,32,20.38,16,26,2061.66,2059,2069,2043.44,2036,2053,193,0.19697,0.04847,0.01764,0.0130
3531,809767392,32,21.06,17,32,2061.47,2054,2074,2044.19,2036,2066,193,0.20354,0.07137,0.01184,0.0169
3532,809777605,32,19.06,0,26,2061.25,2056,2067,2043.13,2028,2058,193,0.18421,0.03901,0.00513,0.0081
3533,809787770,32,21.28,16,28,2061.63,2051,2068,2043.72,2037,2061,193,0.20567,0.05702,0.01673,0.0152
3534,809798013,32,20.81,17,27,2061.25,2051,2067,2043.66,2037,2056,193,0.20113,0.05519,0.00513,0.0121
3535,809808180,32,20.28,0,28,2060.84,2050,2068,2044.13,2035,2052,193,0.19601,0.06954,-0.00739,0.0122
3536,809818362,32,19.88,17,25,2062.03,2058,2073,2045.0,2037,2054,193,0.19214,0.09609,0.02894,0.0240
3537,809828528,32,20.5,17,26,2061.03,2045,2068,2044.09,2037,2050,193,0.19813,0.06831,-0.00159,0.0132
3538,809838684,32,20.34,12,28,2063.03,2059,2090,2042.75,2025,2054,193,0.19659,0.02741,0.05946,0.0171
3539,809848878,32,19.91,4,26,2060.88,2053,2075,2043.19,2032,2051,193,0.19243,0.04084,-0.00617,0.0067
3540,809859096,32,20.78,17,27,2062.09,2059,2068,2043.59,2033,2050,193,0.20084,0.05305,0.03077,0.0168
3541,809869284,32,19.25,15,26,2062.63,2059,2070,2043.47,2034,2052,193,0.18605,0.04939,0.04725,0.0180
3542,809879446,32,20.94,16,32,2061.25,2044,2068,2044.34,2037,2051,193,0.20239,0.07595,0.00513,0.0164
3543,809889615,32,19.91,9,26,2062.13,2056,2066,2044.13,2040,2051,193,0.19243,0.06954,0.03199,0.0195
3544,809899807,32,20.06,12,27,2060.22,2051,2068,2042.63,2021,2056,193,0.19388,0.02375,-0.02631,-0.0005
3545,809910016,32,20.56,16,34,2062.25,2059,2088,2043.5,2041,2050,193,0.19871,0.05031,0.03565,0.0171
3546,809920199,32,20.78,16,32,2061.16,2045,2072,2043.34,2029,2056,193,0.20084,0.04542,0.00238,0.0096
3547,809930408,32,21.0,17,27,2062.31,2050,2072,2043.03,2032,2056,193,0.20297,0.03596,0.03748,0.0149
3548,809940592,32,20.22,17,26,2061.16,2057,2066,2043.5,2040,2056,193,0.19543,0.05031,0.00238,0.0103
3549,809950761,32,20.53,14,53,2061.13,2058,2066,2043.09,2027,2057,193,0.19842,0.03779,0.00147,0.0078
3550,809960983,32,19.06,0,28,2062.84,2054,2074,2045.75,2040,2069,193,0.18421,0.11899,0.05366,0.0318
3551,809971142,32,19.66,11,27,2061.06,2058,2068,2042.72,2025,2051,193,0.19001,0.02650,-0.00067,0.0049
3552,809981314,32,19.72,16,27,2061.97,2057,2070,2042.97,2036,2050,193,0.19059,0.03413,0.02711,0.0117
3553,809991524,32,20.56,17,27,2061.94,2057,2068,2044.97,2040,2054,193,0.19871,0.09518,0.02619,0.0241
3554,810001711,32,19.69,16,26,2062.47,2057,2067,2044.38,2037,2052,193,0.19030,0.07717,0.04237,0.0227
3555,810011880,32,18.88,8,34,2062.69,2059,2069,2044.0,2040,2052,193,0.18248,0.06557,0.04908,0.0209
3556,810022058,32,20.66,11,36,2060.81,2043,2067,2043.84,2035,2054,193,0.19968,0.06068,-0.00830,0.0105
3557,810032240,32,21.28,14,32,2061.78,2058,2067,2043.53,2020,2050,193,0.20567,0.05122,0.02131,0.0149
3558,810042413,32,21.0,17,29,2062.38,2057,2070,2043.63,2039,2053,193,0.20297,0.05427,0.03962,0.0191
3559,810052602,32,19.56,13,27,2061.66,2054,2073,2043.03,2040,2052,193,0.18905,0.03596,0.01764,0.0101
3560,810062807,32,20.81,11,32,2061.03,2052,2067,2042.97,2040,2050,193,0.20113,0.03413,-0.00159,0.0065
3561,810073023,32,20.38,10,27,2062.53,2056,2068,2045.13,2040,2053,193,0.19697,0.10006,0.04420,0.0284
3562,810083216,32,20.09,16,27,2062.44,2057,2073,2045.22,2039,2058,193,0.19417,0.10281,0.04145,0.0280
3563,810093423,32,19.97,16,27,2062.09,2057,2067,2042.81,2037,2052,193,0.19301,0.02924,0.03077,0.0116
3564,810103648,32,21.0,15,31,2061.81,2059,2066,2043.38,2035,2049,193,0.20297,0.04664,0.02222,0.0140
3565,810113842,32,20.91,17,26,2060.81,2054,2066,2043.09,2034,2051,193,0.20210,0.03779,-0.00830,0.0060
3566,810124038,32,20.56,12,29,2061.59,2053,2068,2042.19,2033,2049,193,0.19871,0.01032,0.01551,0.0051
3567,810134258,32,19.97,13,26,2061.53,2056,2070,2042.78,2038,2049,193,0.19301,0.02833,0.01368,0.0081
3568,810144463,32,19.72,10,26,2061.56,2058,2066,2044.91,2041,2052,193,0.19059,0.09335,0.01459,0.0206
3569,810154640,32,19.34,14,35,2061.44,2057,2071,2042.81,2025,2052,193,0.18692,0.02924,0.01093,0.0075
3570,810164837,32,19.66,12,49,2062.44,2052,2070,2043.5,2029,2053,193,0.19001,0.05031,0.04145,0.0174
3571,810175018,32,20.84,16,27,2061.78,2049,2072,2042.03,2025,2051,193,0.20142,0.00543,0.02131,0.0054
3572,810185219,32,20.59,16,26,2062.72,2058,2068,2045.13,2033,2054,193,0.19900,0.10006,0.05000,0.0299
3573,810195425,32,19.47,16,26,2062.09,2058,2067,2044.44,2036,2065,193,0.18818,0.07900,0.03077,0.0207
3574,810205620,32,19.53,14,38,2061.13,2052,2067,2044.72,2032,2061,193,0.18876,0.08755,0.00147,0.0168
3575,810215766,32,20.53,16,29,2060.44,2049,2070,2044.84,2040,2056,193,0.19842,0.09121,-0.01960,0.0142
3576,810225938,32,19.66,6,26,2062.03,2057,2070,2043.59,2035,2053,193,0.19001,0.05305,0.02894,0.0156
3577,810236170,32,20.16,9,32,2061.75,2056,2067,2043.41,2037,2049,193,0.19485,0.04756,0.02039,0.0132
3578,810246354,32,19.88,16,26,2062.38,2058,2084,2043.22,2014,2054,193,0.19214,0.04176,0.03962,0.0156
3579,810256535,32,20.13,14,35,2061.44,2056,2068,2043.78,2036,2053,193,0.19456,0.05885,0.01093,0.0136
3580,810266760,32,19.16,0,26,2060.94,2048,2067,2043.03,2036,2050,193,0.18518,0.03596,-0.00433,0.0059
3581,810276963,32,20.22,14,27,2062.03,2056,2072,2042.63,2022,2054,193,0.19543,0.02375,0.02894,0.0103
3582,810287143,32,20.25,16,29,2061.91,2056,2067,2044.34,2041,2051,193,0.19572,0.07595,0.02527,0.0198
3583,810297352,32,20.72,16,30,2062.0,2053,2078,2044.13,2035,2051,193,0.20026,0.06954,0.02802,0.0195
3584,810307545,32,19.66,12,26,2061.84,2049,2075,2043.38,2030,2051,193,0.19001,0.04664,0.02314,0.0133
3585,810317755,32,20.56,14,39,2062.38,2058,2074,2044.66,2037,2050,193,0.19871,0.08571,0.03962,0.0249
3586,810327944,32,22.44,14,46,2062.75,2054,2089,2043.47,2038,2051,193,0.21688,0.04939,0.05092,0.0218
3587,810338108,32,20.13,14,26,2062.13,2057,2069,2041.41,2013,2050,193,0.19456,-0.01349,0.03199,0.0036
3588,810348327,32,19.38,0,28,2060.97,2048,2067,2043.88,2040,2053,193,0.18731,0.06190,-0.00342,0.0110
3589,810358517,32,20.44,17,27,2061.75,2059,2070,2043.13,2033,2050,193,0.19755,0.03901,0.02039,0.0117
3590,810368671,32,21.59,10,37,2060.75,2057,2067,2043.81,2035,2057,193,0.20867,0.05977,-0.01013,0.0104
3591,810378850,32,19.88,10,29,2062.13,2059,2073,2045.06,2037,2053,193,0.19214,0.09792,0.03199,0.0250
3592,810389038,32,20.31,0,33,2062.13,2059,2066,2043.84,2035,2052,193,0.19630,0.06068,0.03199,0.0182
3593,810399239,32,19.94,6,26,2062.72,2059,2073,2043.34,2040,2053,193,0.19272,0.04542,0.05000,0.0184
3594,810409442,32,20.72,17,26,2063.19,2052,2077,2044.47,2029,2057,193,0.20026,0.07991,0.06435,0.0289
3595,810419642,32,20.47,6,27,2061.0,2054,2067,2044.63,2041,2058,193,0.19784,0.08480,-0.00250,0.0163
3596,810429800,32,19.63,10,26,2062.0,2058,2073,2043.97,2038,2050,193,0.18972,0.06465,0.02802,0.0176
3597,810439955,32,20.72,13,37,2060.88,2054,2067,2044.5,2041,2075,193,0.20026,0.08083,-0.00617,0.0150
3598,810450166,32,20.56,16,35,2061.41,2058,2068,2045.0,2035,2081,193,0.19871,0.09609,0.01001,0.0211
3599,810460345,32,20.22,14,26,2061.75,2050,2072,2043.69,2034,2050,193,0.19543,0.05610,0.02039,0.0149
3600,810470543,32,20.53,16,27,2062.19,2049,2084,2043.53,2036,2051,193,0.19842,0.05122,0.03382,0.0169
3601,810480744,32,20.19,7,28,2061.38,2052,2074,2043.13,2037,2050,193,0.19514,0.03901,0.00910,0.0094
3602,810490927,32,20.94,8,27,2061.41,2051,2072,2042.22,2034,2052,193,0.20239,0.01123,0.01001,0.0043
3603,810501098,32,19.94,13,26,2062.38,2059,2069,2043.13,2034,2052,193,0.19272,0.03901,0.03962,0.0152
3604,810511274,32,21.44,8,40,2060.84,2043,2066,2044.09,2040,2059,193,0.20722,0.06831,-0.00739,0.0126
3605,810521490,32,20.59,11,31,2062.72,2057,2077,2044.16,2037,2051,193,0.19900,0.07045,0.05000,0.0240
3606,810531695,32,21.0,11,41,2061.53,2058,2066,2043.41,2039,2050,193,0.20297,0.04756,0.01368,0.0124
3607,810541886,32,20.5,16,29,2062.41,2057,2069,2043.53,2030,2053,193,0.19813,0.05122,0.04054,0.0182
3608,810552102,32,20.44,13,34,2060.75,2044,2068,2043.44,2035,2054,193,0.19755,0.04847,-0.01013,0.0076
3609,810562307,32,19.03,9,25,2060.97,2044,2067,2044.84,2035,2075,193,0.18392,0.09121,-0.00342,0.0161
3610,810572522,32,20.44,17,28,2062.28,2057,2067,2042.97,2016,2053,193,0.19755,0.03413,0.03657,0.0140
3611,810582713,32,19.63,7,26,2061.66,2058,2067,2042.84,2034,2050,193,0.18972,0.03016,0.01764,0.0091
3612,810592918,32,21.03,11,28,2061.66,2058,2067,2042.59,2026,2050,193,0.20325,0.02253,0.01764,0.0082
3613,810603107,32,23.38,15,51,2062.16,2059,2067,2044.31,2034,2064,193,0.22597,0.07503,0.03291,0.0244
3614,810613310,32,20.5,16,27,2061.75,2059,2067,2043.78,2035,2050,193,0.19813,0.05885,0.02039,0.0157
3615,810623484,32,21.19,15,28,2060.75,2056,2068,2043.09,2038,2051,193,0.20480,0.03779,-0.01013,0.0057
3616,810633660,32,20.31,14,34,2061.13,2057,2068,2044.22,2030,2073,193,0.19630,0.07228,0.00147,0.0145
3617,810643859,32,19.63,11,26,2061.69,2041,2070,2044.19,2038,2056,193,0.18972,0.07137,0.01856,0.0171
3618,810654066,32,19.69,5,29,2062.0,2059,2077,2043.84,2039,2050,193,0.19030,0.06068,0.02802,0.0169
3619,810664234,32,18.38,0,29,2062.31,2059,2072,2043.19,2033,2052,193,0.17764,0.04084,0.03748,0.0139
3620,810674467,32,19.72,13,28,2062.13,2053,2070,2043.31,2035,2051,193,0.19059,0.04451,0.03199,0.0146
3621,810684639,32,20.25,16,27,2062.22,2058,2067,2043.88,2041,2050,193,0.19572,0.06190,0.03474,0.0189
3622,810694818,32,18.72,8,25,2061.88,2058,2070,2045.13,2038,2057,193,0.18093,0.10006,0.02436,0.0225
3623,810705005,32,20.19,5,26,2060.97,2057,2067,2045.44,2035,2057,193,0.19514,0.10952,-0.00342,0.0207
3624,810715173,32,20.84,9,33,2061.84,2058,2067,2041.47,2024,2050,193,0.20142,-0.01166,0.02314,0.0023
3625,810725367,32,20.72,17,28,2063.09,2054,2073,2044.56,2040,2052,193,0.20026,0.08266,0.06129,0.0288
3626,810735567,32,19.91,13,27,2061.84,2056,2067,2044.34,2034,2069,193,0.19243,0.07595,0.02314,0.0191
3627,810745780,32,20.16,14,28,2062.25,2057,2072,2044.19,2027,2069,193,0.19485,0.07137,0.03565,0.0209
3628,810755945,32,20.25,16,27,2061.91,2059,2073,2042.78,2035,2051,193,0.19572,0.02833,0.02527,0.0105
3629,810766118,32,20.03,10,27,2062.69,2057,2069,2043.13,2039,2050,193,0.19359,0.03901,0.04908,0.0171
3630,810776324,32,19.84,16,26,2062.09,2058,2067,2044.22,2040,2050,193,0.19175,0.07228,0.03077,0.0198
3631,810786525,32,20.63,1,30,2061.91,2050,2071,2044.13,2020,2065,193,0.19939,0.06954,0.02527,0.0189
3632,810796706,32,20.47,9,30,2062.13,2059,2068,2043.81,2036,2061,193,0.19784,0.05977,0.03199,0.0182
3633,810806889,32,19.88,6,27,2062.25,2056,2067,2042.94,2025,2052,193,0.19214,0.03321,0.03565,0.0132
3634,810817108,32,18.44,3,26,2062.5,2059,2069,2043.78,2032,2051,193,0.17822,0.05885,0.04328,0.0182
3635,810827295,32,22.06,13,43,2061.97,2058,2072,2044.13,2041,2054,193,0.21321,0.06954,0.02711,0.0206
3636,810837460,32,21.41,16,34,2061.59,2059,2068,2043.0,2036,2050,193,0.20693,0.03504,0.01551,0.0105
3637,810847651,32,19.44,12,26,2061.16,2051,2067,2042.47,2035,2049,193,0.18789,0.01886,0.00238,0.0040
3638,810857858,32,19.19,4,27,2061.56,2058,2068,2043.41,2038,2052,193,0.18547,0.04756,0.01459,0.0115
3639,810868047,32,20.22,14,35,2061.53,2056,2067,2043.75,2038,2051,193,0.19543,0.05794,0.01368,0.0140
3640,810878246,32,20.13,13,27,2061.97,2044,2073,2042.75,2035,2051,193,0.19456,0.02741,0.02711,0.0106
3641,810888406,32,20.09,16,26,2060.94,2052,2067,2043.84,2035,2053,193,0.19417,0.06068,-0.00433,0.0109
3642,810898609,32,20.25,13,28,2060.97,2052,2069,2041.84,2027,2053,193,0.19572,-0.00037,-0.00342,-0.0007
3643,810908780,32,20.03,9,26,2061.5,2054,2067,2044.59,2040,2052,193,0.19359,0.08358,0.01276,0.0186
3644,810918974,32,20.41,11,27,2061.78,2054,2067,2044.97,2040,2056,193,0.19726,0.09518,0.02131,0.0230
3645,810929165,32,20.16,16,27,2061.56,2058,2068,2042.91,2040,2051,193,0.19485,0.03230,0.01459,0.0091
3646,810939354,32,20.5,17,28,2062.09,2054,2069,2044.22,2033,2052,193,0.19813,0.07228,0.03077,0.0204
3647,810949534,32,21.69,16,37,2061.41,2054,2069,2044.91,2040,2052,193,0.20963,0.09335,0.01001,0.0217
3648,810959748,32,20.47,12,26,2062.47,2058,2069,2043.44,2037,2056,193,0.19784,0.04847,0.04237,0.0180
3649,810969907,32,21.41,8,31,2061.94,2059,2068,2044.5,2038,2056,193,0.20693,0.08083,0.02619,0.0221
3650,810980095,32,20.06,5,27,2061.28,2056,2067,2044.16,2025,2077,193,0.19388,0.07045,0.00604,0.0148
3651,810990324,32,20.34,16,27,2062.09,2059,2068,2043.16,2037,2051,193,0.19659,0.03993,0.03077,0.0139
3652,811000534,32,20.59,14,39,2062.13,2059,2069,2043.81,2029,2053,193,0.19900,0.05977,0.03199,0.0183
3653,811010735,32,19.97,16,29,2062.28,2058,2081,2044.59,2030,2052,193,0.19301,0.08358,0.03657,0.0232
3654,811020923,32,20.5,15,26,2062.06,2057,2073,2043.94,2040,2050,193,0.19813,0.06374,0.02985,0.0185
3655,811031123,32,19.22,14,25,2062.31,2057,2073,2043.47,2030,2050,193,0.18576,0.04939,0.03748,0.0161
3656,811041310,32,20.03,13,27,2061.97,2054,2070,2043.66,2041,2051,193,0.19359,0.05519,0.02711,0.0159
3657,811051510,32,19.59,3,25,2062.84,2052,2080,2043.06,2024,2050,193,0.18934,0.03687,0.05366,0.0171
3658,811061740,32,21.34,17,27,2061.97,2053,2067,2043.03,2036,2049,193,0.20625,0.03596,0.02711,0.0130
3659,811071973,32,20.53,11,42,2062.19,2042,2074,2044.09,2037,2056,193,0.19842,0.06831,0.03382,0.0203
3660,811082157,32,20.38,13,26,2061.28,2049,2067,2043.53,2037,2050,193,0.19697,0.05122,0.00604,0.0113
3661,811092351,32,19.91,9,27,2061.75,2056,2067,2044.44,2036,2059,193,0.19243,0.07900,0.02039,0.0191
3662,811102531,32,21.31,16,27,2062.0,2056,2074,2044.88,2040,2056,193,0.20596,0.09243,0.02802,0.0248
3663,811112700,32,19.28,9,26,2062.09,2059,2067,2043.16,2037,2050,193,0.18634,0.03993,0.03077,0.0132
3664,811122888,32,20.09,16,26,2062.31,2057,2070,2044.28,2028,2056,193,0.19417,0.07411,0.03748,0.0217
3665,811133107,32,20.16,8,26,2062.06,2057,2074,2044.31,2034,2053,193,0.19485,0.07503,0.02985,0.0204
3666,811143322,32,20.47,15,27,2061.56,2056,2070,2042.56,2037,2053,193,0.19784,0.02161,0.01459,0.0072
3667,811153527,32,21.47,11,36,2061.72,2052,2068,2045.22,2037,2058,193,0.20751,0.10281,0.01947,0.0254
3668,811163740,32,19.81,4,27,2061.53,2057,2069,2043.47,2025,2051,193,0.19146,0.04939,0.01368,0.0121
3669,811173908,32,19.91,14,27,2061.22,2054,2068,2042.75,2038,2049,193,0.19243,0.02741,0.00421,0.0061
3670,811184061,32,20.31,18,26,2062.69,2059,2067,2043.5,2024,2053,193,0.19630,0.05031,0.04908,0.0195
3671,811194241,32,20.22,11,26,2063.5,2048,2094,2042.69,2018,2056,193,0.19543,0.02558,0.07381,0.0194
3672,811204467,32,19.81,6,27,2061.94,2057,2068,2045.34,2038,2076,193,0.19146,0.10647,0.02619,0.0254
3673,811214657,32,19.63,17,26,2061.91,2057,2073,2043.63,2032,2054,193,0.18972,0.05427,0.02527,0.0151
3674,811224830,32,20.69,1,26,2061.81,2057,2081,2045.66,2040,2062,193,0.19997,0.11624,0.02222,0.0277
3675,811235029,32,20.84,16,30,2061.63,2056,2069,2042.81,2028,2050,193,0.20142,0.02924,0.01673,0.0093
3676,811245234,32,20.03,14,27,2061.94,2057,2067,2044.56,2038,2056,193,0.19359,0.08266,0.02619,0.0211
3677,811255434,32,20.13,9,29,2062.5,2057,2074,2043.59,2034,2059,193,0.19456,0.05305,0.04328,0.0187
3678,811265618,32,20.28,12,30,2062.5,2059,2069,2042.97,2026,2051,193,0.19601,0.03413,0.04328,0.0152
3679,811275790,32,21.31,14,33,2061.81,2057,2067,2042.78,2029,2052,193,0.20596,0.02833,0.02222,0.0104
3680,811285978,32,20.25,15,27,2062.06,2049,2069,2045.03,2037,2074,193,0.19572,0.09701,0.02985,0.0248
3681,811296198,32,20.03,7,26,2061.91,2052,2073,2044.75,2038,2061,193,0.19359,0.08846,0.02527,0.0220
3682,811306369,32,20.94,16,27,2060.78,2049,2067,2042.19,2027,2050,193,0.20239,0.01032,-0.00922,0.0002
3683,811316588,32,19.88,12,41,2062.13,2059,2067,2043.38,2018,2050,193,0.19214,0.04664,0.03199,0.0151
3684,811326816,32,21.59,0,60,2062.13,2058,2068,2043.56,2025,2057,193,0.20867,0.05214,0.03199,0.0176
3685,811337003,32,20.56,12,28,2061.72,2053,2078,2043.91,2039,2051,193,0.19871,0.06282,0.01947,0.0164
3686,811347198,32,18.78,0,26,2062.16,2052,2067,2044.63,2037,2051,193,0.18151,0.08480,0.03291,0.0214
3687,811357412,32,21.13,12,29,2061.44,2059,2068,2043.56,2040,2065,193,0.20422,0.05214,0.01093,0.0129
3688,811367608,32,21.06,13,36,2061.56,2053,2067,2043.25,2038,2051,193,0.20354,0.04267,0.01459,0.0117
3689,811377809,32,19.69,13,29,2061.38,2057,2067,2043.16,2027,2050,193,0.19030,0.03993,0.00910,0.0093
3690,811387997,32,19.53,8,27,2062.53,2057,2071,2043.16,2040,2049,193,0.18876,0.03993,0.04420,0.0159
3691,811398178,32,21.03,9,27,2062.59,2058,2070,2044.0,2039,2060,193,0.20325,0.06557,0.04603,0.0227
3692,811408361,32,20.34,16,26,2061.28,2052,2067,2044.66,2041,2056,193,0.19659,0.08571,0.00604,0.0180
3693,811418570,32,21.16,17,41,2061.41,2059,2067,2043.06,2030,2050,193,0.20451,0.03687,0.01001,0.0096
3694,811428787,32,20.53,10,36,2061.97,2058,2066,2044.06,2030,2053,193,0.19842,0.06740,0.02711,0.0188
3695,811438998,32,18.75,12,26,2062.03,2056,2072,2041.72,2027,2051,193,0.18122,-0.00403,0.02894,0.0045
3696,811449218,32,20.19,16,26,2061.94,2052,2069,2044.5,2038,2052,193,0.19514,0.08083,0.02619,0.0209
3697,811459378,32,21.22,12,45,2060.5,2051,2066,2042.09,2027,2051,193,0.20509,0.00726,-0.01777,-0.0022
3698,811469539,32,20.53,13,31,2062.09,2053,2067,2044.38,2021,2060,193,0.19842,0.07717,0.03077,0.0214
3699,811479763,32,20.16,0,42,2062.0,2059,2067,2044.94,2038,2052,193,0.19485,0.09426,0.02802,0.0238
3700,811489939,32,19.81,0,27,2062.0,2059,2074,2043.34,2026,2051,193,0.19146,0.04542,0.02802,0.0141
3701,811500101,32,21.03,13,27,2061.88,2051,2069,2045.03,2040,2051,193,0.20325,0.09701,0.02436,0.0247
3702,811510314,32,20.25,12,25,2062.31,2054,2072,2043.28,2036,2049,193,0.19572,0.04359,0.03748,0.0159
3703,811520485,32,19.91,10,29,2061.78,2056,2067,2043.59,2040,2051,193,0.19243,0.05305,0.02131,0.0143
3704,811530668,32,20.34,5,29,2061.69,2059,2068,2043.38,2024,2051,193,0.19659,0.04664,0.01856,0.0128
3705,811540859,32,20.16,18,26,2062.22,2059,2067,2043.94,2035,2052,193,0.19485,0.06374,0.03474,0.0192
3706,811551012,32,19.16,13,26,2062.09,2057,2067,2043.47,2037,2060,193,0.18518,0.04939,0.03077,0.0148
3707,811561192,32,20.03,10,28,2062.06,2057,2072,2044.28,2038,2050,193,0.19359,0.07411,0.02985,0.0201
3708,811571402,32,19.72,13,25,2062.19,2059,2067,2044.13,2021,2061,193,0.19059,0.06954,0.03382,0.0197
3709,811581640,32,20.56,9,27,2062.69,2057,2070,2044.03,2040,2053,193,0.19871,0.06648,0.04908,0.0230
3710,811591834,32,19.84,10,33,2062.41,2059,2067,2042.66,2032,2053,193,0.19175,0.02466,0.04054,0.0125
3711,811602034,32,20.41,5,43,2062.19,2059,2067,2045.41,2041,2053,193,0.19726,0.10861,0.03382,0.0281
3712,811612222,32,19.53,14,25,2060.19,2049,2066,2043.31,2038,2056,193,0.18876,0.04451,-0.02723,0.0033
3713,811622425,32,20.75,12,28,2061.13,2058,2067,2044.22,2040,2058,193,0.20055,0.07228,0.00147,0.0148
3714,811632606,32,19.31,13,28,2062.06,2058,2066,2044.47,2033,2058,193,0.18663,0.07991,0.02985,0.0205
3715,811642814,32,19.5,10,25,2061.72,2054,2067,2044.56,2040,2051,193,0.18847,0.08266,0.01947,0.0192
3716,811653021,32,20.03,0,26,2060.5,2051,2068,2043.03,2032,2050,193,0.19359,0.03596,-0.01777,0.0035
3717,811663201,32,21.72,18,36,2061.38,2058,2069,2044.03,2032,2051,193,0.20992,0.06648,0.00910,0.0159
3718,811673395,32,20.47,17,26,2062.19,2059,2067,2044.41,2041,2053,193,0.19784,0.07808,0.03382,0.0221
3719,811683593,32,21.66,17,28,2061.72,2059,2067,2044.78,2041,2059,193,0.20934,0.08938,0.01947,0.0228
3720,811693796,32,21.91,17,50,2061.97,2059,2067,2042.13,2034,2050,193,0.21176,0.00849,0.02711,0.0075
3721,811703981,32,20.69,11,33,2061.5,2044,2068,2044.63,2038,2057,193,0.19997,0.08480,0.01276,0.0195
3722,811714174,32,20.44,17,30,2061.66,2058,2067,2043.53,2024,2051,193,0.19755,0.05122,0.01764,0.0136
3723,811724370,32,19.38,8,28,2061.63,2053,2069,2042.81,2033,2051,193,0.18731,0.02924,0.01673,0.0086
3724,811734562,32,19.38,14,26,2061.75,2048,2076,2043.69,2035,2050,193,0.18731,0.05610,0.02039,0.0143
3725,811744741,32,20.16,14,26,2062.41,2045,2077,2043.06,2025,2051,193,0.19485,0.03687,0.04054,0.0151
3726,811754942,32,19.94,17,26,2061.72,2052,2074,2044.44,2035,2059,193,0.19272,0.07900,0.01947,0.0190
3727,811765149,32,20.31,17,29,2061.41,2059,2068,2043.56,2036,2054,193,0.19630,0.05214,0.01001,0.0122
3728,811775382,32,20.25,17,26,2062.13,2056,2067,2043.91,2020,2051,193,0.19572,0.06282,0.03199,0.0186
3729,811785547,32,19.91,17,28,2061.69,2056,2066,2043.66,2030,2052,193,0.19243,0.05519,0.01856,0.0142
3730,811795738,32,20.28,9,29,2061.69,2056,2067,2043.53,2033,2050,193,0.19601,0.05122,0.01856,0.0137
3731,811805932,32,21.75,16,44,2061.0,2053,2070,2043.41,2038,2051,193,0.21021,0.04756,-0.00250,0.0095
3732,811816093,32,19.31,6,26,2060.97,2055,2068,2043.53,2040,2059,193,0.18663,0.05122,-0.00342,0.0089
3733,811826297,32,19.28,16,27,2061.72,2057,2067,2042.28,2032,2049,193,0.18634,0.01306,0.01947,0.0061
3734,811836524,32,20.59,15,27,2061.03,2054,2067,2043.81,2038,2058,193,0.19900,0.05977,-0.00159,0.0116
3735,811846720,32,19.97,16,26,2061.81,2059,2067,2043.16,2037,2049,193,0.19301,0.03993,0.02222,0.0120
3736,811856911,32,20.75,17,28,2062.03,2059,2067,2043.5,2041,2050,193,0.20055,0.05031,0.02894,0.0159
3737,811867096,32,19.75,11,28,2061.34,2058,2072,2042.69,2033,2060,193,0.19088,0.02558,0.00788,0.0064
3738,811877264,32,20.56,17,30,2061.0,2053,2066,2043.81,2040,2052,193,0.19871,0.05977,-0.00250,0.0114
3739,811887454,32,21.22,16,32,2060.34,2043,2065,2043.19,2035,2050,193,0.20509,0.04084,-0.02265,0.0037
3740,811897664,32,20.47,16,26,2060.66,2049,2066,2044.41,2040,2056,193,0.19784,0.07808,-0.01288,0.0129
3741,811907854,32,19.31,15,26,2061.56,2053,2078,2044.5,2034,2071,193,0.18663,0.08083,0.01459,0.0178
3742,811917999,32,19.97,15,26,2061.38,2058,2066,2043.41,2034,2051,193,0.19301,0.04756,0.00910,0.0109
3743,811928195,32,20.28,9,26,2060.88,2051,2066,2043.84,2037,2053,193,0.19601,0.06068,-0.00617,0.0107
3744,811938370,32,19.69,15,25,2061.94,2059,2073,2043.63,2040,2050,193,0.19030,0.05427,0.02619,0.0153
3745,811948579,32,20.56,16,26,2062.31,2056,2069,2044.06,2030,2054,193,0.19871,0.06740,0.03748,0.0208
3746,811958773,32,19.41,8,25,2061.16,2058,2067,2043.78,2040,2049,193,0.18760,0.05885,0.00238,0.0115
3747,811968964,32,19.66,13,35,2061.66,2053,2066,2042.75,2017,2049,193,0.19001,0.02741,0.01764,0.0086
3748,811979126,32,19.72,12,31,2061.03,2059,2065,2043.78,2038,2050,193,0.19059,0.05885,-0.00159,0.0109
3749,811989309,32,20.59,17,27,2061.69,2056,2068,2045.06,2037,2058,193,0.19900,0.09792,0.01856,0.0232
3750,811999507,32,22.75,16,42,2061.63,2057,2067,2043.56,2039,2050,193,0.21988,0.05214,0.01673,0.0151
3751,812009710,32,19.69,16,25,2061.56,2058,2078,2044.44,2026,2056,193,0.19030,0.07900,0.01459,0.0178
3752,812019880,32,19.66,10,35,2062.94,2059,2076,2043.19,2022,2054,193,0.19001,0.04084,0.05672,0.0185
3753,812030069,32,18.81,11,29,2061.06,2050,2069,2043.69,2030,2064,193,0.18180,0.05610,-0.00067,0.0101
3754,812040318,32,20.25,12,33,2062.31,2058,2072,2043.13,2038,2050,193,0.19572,0.03901,0.03748,0.0150
3755,812050510,32,21.16,17,40,2062.5,2053,2068,2044.06,2040,2062,193,0.20451,0.06740,0.04328,0.0226
3756,812060683,32,20.44,17,27,2061.47,2043,2069,2042.09,2026,2050,193,0.19755,0.00726,0.01184,0.0038
3757,812070858,32,20.22,15,25,2062.84,2060,2075,2043.69,2030,2052,193,0.19543,0.05610,0.05366,0.0215
3758,812081050,32,20.34,17,29,2062.5,2054,2067,2043.59,2036,2057,193,0.19659,0.05305,0.04328,0.0189
3759,812091274,32,19.63,6,25,2061.81,2056,2067,2044.94,2033,2052,193,0.18972,0.09426,0.02222,0.0221
3760,812101468,32,20.06,17,26,2061.88,2049,2067,2044.66,2038,2053,193,0.19388,0.08571,0.02436,0.0213
3761,812111663,32,19.94,5,26,2062.13,2057,2074,2043.03,2038,2050,193,0.19272,0.03596,0.03199,0.0131
3762,812121871,32,19.97,6,27,2061.59,2049,2066,2043.44,2038,2050,193,0.19301,0.04847,0.01551,0.0123
3763,812132046,32,19.78,10,26,2063.09,2058,2073,2045.75,2038,2069,193,0.19117,0.11899,0.06129,0.0345
3764,812142251,32,19.28,3,34,2062.47,2058,2072,2044.59,2036,2057,193,0.18634,0.08358,0.04237,0.0235
3765,812152431,32,20.19,16,26,2063.13,2059,2070,2043.38,2032,2051,193,0.19514,0.04664,0.06252,0.0213
3766,812162618,32,21.06,15,33,2060.66,2049,2066,2043.22,2030,2051,193,0.20354,0.04176,-0.01288,0.0059
3767,812172794,32,20.09,6,28,2061.41,2043,2067,2043.25,2037,2053,193,0.19417,0.04267,0.01001,0.0102
3768,812182952,32,18.41,0,26,2061.66,2057,2072,2043.81,2039,2051,193,0.17793,0.05977,0.01764,0.0138
3769,812193140,32,19.91,17,26,2061.03,2053,2066,2042.56,2032,2049,193,0.19243,0.02161,-0.00159,0.0039
3770,812203342,32,22.31,12,33,2062.09,2058,2067,2043.31,2035,2049,193,0.21563,0.04451,0.03077,0.0162
3771,812213541,32,19.06,0,25,2062.28,2054,2072,2044.5,2038,2051,193,0.18421,0.08083,0.03657,0.0216
3772,812223713,32,20.56,10,26,2061.84,2058,2069,2044.06,2040,2051,193,0.19871,0.06740,0.02314,0.0180
3773,812233910,32,21.69,17,37,2061.22,2056,2069,2043.59,2035,2053,193,0.20963,0.05305,0.00421,0.0120
3774,812244117,32,19.25,4,27,2061.72,2056,2067,2045.41,2039,2075,193,0.18605,0.10861,0.01947,0.0238
3775,812254290,32,21.28,10,36,2060.97,2057,2068,2042.5,2032,2051,193,0.20567,0.01978,-0.00342,0.0034
3776,812264440,32,19.69,16,27,2061.28,2051,2066,2044.0,2029,2056,193,0.19030,0.06557,0.00604,0.0136
3777,812274619,32,20.5,17,26,2062.34,2057,2069,2043.47,2034,2059,193,0.19813,0.04939,0.03840,0.0174
3778,812284803,32,21.13,14,32,2062.16,2056,2067,2041.97,2028,2054,193,0.20422,0.00360,0.03291,0.0075
3779,812294986,32,20.28,11,30,2061.0,2048,2067,2043.88,2037,2052,193,0.19601,0.06190,-0.00250,0.0116
3780,812305165,32,20.72,8,25,2061.78,2057,2067,2043.16,2030,2054,193,0.20026,0.03993,0.02131,0.0123
3781,812315367,32,20.59,17,26,2062.13,2052,2072,2043.44,2036,2050,193,0.19900,0.04847,0.03199,0.0160
3782,812325540,32,19.69,13,25,2061.13,2058,2067,2043.09,2037,2050,193,0.19030,0.03779,0.00147,0.0075
3783,812335742,32,20.53,11,30,2061.84,2059,2068,2044.72,2040,2067,193,0.19842,0.08755,0.02314,0.0220
3784,812345956,32,21.59,12,37,2061.59,2056,2070,2044.53,2030,2065,193,0.20867,0.08175,0.01551,0.0203
3785,812356147,32,20.19,12,28,2061.28,2056,2066,2043.44,2036,2051,193,0.19514,0.04847,0.00604,0.0106
3786,812366326,32,20.13,3,28,2061.59,2052,2075,2041.69,2024,2049,193,0.19456,-0.00495,0.01551,0.0021
3787,812376548,32,20.94,16,42,2062.59,2059,2069,2044.0,2029,2053,193,0.20239,0.06557,0.04603,0.0226
3788,812386752,32,19.53,0,30,2062.25,2058,2069,2044.03,2035,2053,193,0.18876,0.06648,0.03565,0.0193
3789,812396939,32,20.75,11,35,2062.22,2056,2068,2043.84,2013,2052,193,0.20055,0.06068,0.03474,0.0191
3790,812407141,32,20.09,14,26,2063.53,2054,2085,2043.16,2022,2052,193,0.19417,0.03993,0.07473,0.0223
3791,812417335,32,19.91,14,28,2060.91,2048,2067,2043.09,2030,2055,193,0.19243,0.03779,-0.00525,0.0063
3792,812427541,32,21.38,12,37,2061.0,2049,2067,2043.84,2024,2058,193,0.20664,0.06068,-0.00250,0.0120
3793,812437736,32,19.06,3,25,2061.28,2053,2066,2043.19,2019,2050,193,0.18421,0.04084,0.00604,0.0086
3794,812447927,32,20.81,16,27,2062.41,2059,2067,2041.19,2014,2050,193,0.20113,-0.02021,0.04054,0.0041
3795,812458154,32,20.59,17,37,2061.41,2049,2074,2043.38,2037,2050,193,0.19900,0.04664,0.01001,0.0113
3796,812468368,32,20.84,16,27,2062.97,2059,2093,2043.66,2026,2066,193,0.20142,0.05519,0.05763,0.0227
3797,812478588,32,19.97,14,28,2062.25,2058,2083,2042.53,2032,2050,193,0.19301,0.02070,0.03565,0.0109
3798,812488789,32,19.66,15,31,2062.63,2059,2067,2043.38,2038,2050,193,0.19001,0.04664,0.04725,0.0178
3799,812498998,32,20.13,16,27,2061.84,2058,2067,2044.94,2036,2051,193,0.19456,0.09426,0.02314,0.0228
3800,812509194,32,20.31,5,26,2061.03,2056,2065,2042.72,2031,2052,193,0.19630,0.02650,-0.00159,0.0049
3801,812519367,32,20.31,11,27,2061.69,2059,2067,2044.5,2026,2051,193,0.19630,0.08083,0.01856,0.0195
3802,812529541,32,20.78,14,37,2062.06,2058,2069,2043.84,2031,2057,193,0.20084,0.06068,0.02985,0.0182
3803,812539750,32,20.34,17,26,2061.88,2054,2068,2042.59,2035,2051,193,0.19659,0.02253,0.02436,0.0092
3804,812549918,32,21.06,10,37,2061.78,2059,2074,2043.56,2039,2051,193,0.20354,0.05214,0.02131,0.0149
3805,812560132,32,19.94,17,28,2061.41,2058,2067,2043.09,2033,2052,193,0.19272,0.03779,0.01001,0.0092
3806,812570366,32,20.84,15,45,2061.5,2052,2068,2044.88,2035,2056,193,0.20142,0.09243,0.01276,0.0212
3807,812580551,32,20.59,13,32,2061.25,2057,2068,2043.59,2040,2050,193,0.19900,0.05305,0.00513,0.0116
3808,812590747,32,21.25,17,48,2061.88,2056,2068,2044.44,2038,2050,193,0.20538,0.07900,0.02436,0.0212
3809,812600931,32,18.94,10,28,2062.5,2058,2069,2043.78,2029,2050,193,0.18306,0.05885,0.04328,0.0187
3810,812611114,32,20.63,17,25,2060.63,2048,2067,2043.41,2037,2050,193,0.19939,0.04756,-0.01380,0.0067
3811,812626821,32,20.91,17,40,2061.53,2051,2066,2044.88,2036,2068,193,0.20210,0.09243,0.01368,0.0214
3812,812637151,32,19.06,13,25,2061.13,2052,2066,2043.66,2040,2054,193,0.18421,0.05519,0.00147,0.0104
3813,812647368,32,19.78,11,25,2062.19,2051,2069,2044.16,2035,2052,193,0.19117,0.07045,0.03382,0.0199
3814,812657601,32,19.81,15,26,2062.06,2058,2086,2042.41,2032,2052,193,0.19146,0.01703,0.02985,0.0090
3815,812667844,32,19.03,8,27,2063.16,2057,2076,2043.63,2038,2051,193,0.18392,0.05427,0.06343,0.0216
3816,812678043,32,19.84,17,26,2061.88,2058,2067,2043.91,2036,2054,193,0.19175,0.06282,0.02436,0.0167
3817,812688218,32,19.94,3,41,2062.72,2057,2076,2044.06,2040,2051,193,0.19272,0.06740,0.05000,0.0226
3818,812698427,32,20.47,16,29,2062.16,2056,2068,2044.72,2040,2051,193,0.19784,0.08755,0.03291,0.0238
3819,812708628,32,19.5,4,26,2061.88,2053,2067,2044.38,2040,2057,193,0.18847,0.07717,0.02436,0.0191
3820,812718802,32,20.69,17,33,2061.63,2053,2066,2042.88,2039,2052,193,0.19997,0.03138,0.01673,0.0096
3821,812728999,32,20.94,15,30,2061.28,2057,2068,2044.09,2030,2050,193,0.20239,0.06831,0.00604,0.0150
3822,812739183,32,20.75,15,28,2062.63,2059,2081,2042.69,2035,2053,193,0.20055,0.02558,0.04725,0.0146
3823,812749366,32,20.09,9,26,2062.38,2050,2075,2043.03,2022,2054,193,0.19417,0.03596,0.03962,0.0147
3824,812759558,32,20.09,7,26,2061.19,2054,2067,2044.13,2040,2049,193,0.19417,0.06954,0.00330,0.0141
3825,812769729,32,20.5,17,27,2062.09,2058,2068,2044.78,2038,2050,193,0.19813,0.08938,0.03077,0.0238
3826,812779862,32,20.38,14,30,2061.88,2056,2067,2042.72,2030,2050,193,0.19697,0.02650,0.02436,0.0100
3827,812790073,32,20.78,16,26,2061.94,2059,2067,2043.75,2035,2050,193,0.20084,0.05794,0.02619,0.0169
3828,812800258,32,19.84,4,27,2063.5,2059,2080,2043.19,2038,2051,193,0.19175,0.04084,0.07381,0.0220
3829,812810426,32,20.47,12,26,2062.41,2059,2073,2043.34,2034,2051,193,0.19784,0.04542,0.04054,0.0170
3830,812820631,32,19.41,8,26,2062.34,2056,2073,2043.38,2037,2050,193,0.18760,0.04664,0.03840,0.0160
3831,812830826,32,20.31,11,30,2061.63,2057,2067,2044.06,2040,2050,193,0.19630,0.06740,0.01673,0.0165
3832,812841011,32,21.47,16,31,2061.41,2057,2070,2043.66,2040,2052,193,0.20751,0.05519,0.01001,0.0135
3833,812851218,32,22.59,17,33,2061.53,2056,2067,2044.19,2040,2051,193,0.21833,0.07137,0.01368,0.0186
3834,812861483,32,20.53,17,28,2061.69,2044,2070,2042.88,2036,2050,193,0.19842,0.03138,0.01856,0.0099
3835,812871665,32,20.22,16,26,2061.47,2040,2085,2044.69,2038,2058,193,0.19543,0.08663,0.01184,0.0192
3836,812881840,32,21.47,17,29,2061.53,2053,2066,2043.59,2038,2050,193,0.20751,0.05305,0.01368,0.0138
3837,812892056,32,19.38,2,27,2061.69,2059,2067,2042.19,2028,2053,193,0.18731,0.01032,0.01856,0.0054
3838,812902253,32,22.47,18,33,2062.25,2051,2082,2042.91,2029,2050,193,0.21717,0.03230,0.03565,0.0148
3839,812912438,32,21.56,18,31,2061.59,2056,2067,2041.5,2021,2050,193,0.20838,-0.01074,0.01551,0.0010
3840,812922619,32,20.72,10,35,2060.34,2049,2067,2043.84,2039,2054,193,0.20026,0.06068,-0.02265,0.0076
3841,812932819,32,19.59,16,27,2061.59,2058,2066,2044.44,2038,2051,193,0.18934,0.07900,0.01551,0.0179
3842,812943030,32,20.59,16,26,2061.59,2048,2067,2043.72,2038,2049,193,0.19900,0.05702,0.01551,0.0144
3843,812953241,32,20.0,11,26,2061.88,2057,2067,2043.59,2021,2052,193,0.19330,0.05305,0.02436,0.0150
3844,812963399,32,19.5,10,26,2062.84,2056,2072,2042.38,2027,2050,193,0.18847,0.01612,0.05366,0.0132
3845,812973611,32,21.03,17,35,2062.13,2046,2068,2043.38,2030,2051,193,0.20325,0.04664,0.03199,0.0160
3846,812983813,32,20.19,12,28,2062.5,2058,2069,2043.19,2020,2053,193,0.19514,0.04084,0.04328,0.0164
3847,812993986,32,21.19,16,37,2061.56,2058,2066,2041.69,2015,2050,193,0.20480,-0.00495,0.01459,0.0020
3848,813004194,32,19.91,17,27,2062.0,2056,2067,2043.25,2028,2050,193,0.19243,0.04267,0.02802,0.0136
3849,813014347,32,19.75,16,26,2061.38,2053,2067,2043.16,2020,2052,193,0.19088,0.03993,0.00910,0.0094
3850,813024520,32,20.84,4,33,2061.47,2058,2067,2043.22,2036,2050,193,0.20142,0.04176,0.01184,0.0108
3851,813034713,32,20.25,11,28,2061.53,2059,2067,2044.22,2039,2067,193,0.19572,0.07228,0.01368,0.0168
3852,813044927,32,20.25,0,26,2062.22,2057,2070,2042.56,2034,2055,193,0.19572,0.02161,0.03474,0.0110
3853,813055109,32,20.31,10,27,2061.69,2058,2066,2043.78,2038,2054,193,0.19630,0.05885,0.01856,0.0152
3854,813065386,32,19.63,13,26,2061.47,2054,2067,2044.47,2036,2051,193,0.18972,0.07991,0.01184,0.0174
3855,813075588,32,22.16,17,40,2062.03,2054,2070,2044.25,2040,2066,193,0.21418,0.07320,0.02894,0.0219
3856,813085788,32,19.63,2,25,2061.56,2057,2068,2042.97,2029,2051,193,0.18972,0.03413,0.01459,0.0092
3857,813095995,32,19.13,6,28,2062.75,2056,2068,2043.34,2031,2050,193,0.18489,0.04542,0.05092,0.0178
3858,813106186,32,20.38,17,34,2062.06,2058,2078,2043.97,2040,2052,193,0.19697,0.06465,0.02985,0.0186
3859,813116419,32,20.72,10,26,2061.75,2057,2068,2043.94,2037,2053,193,0.20026,0.06374,0.02039,0.0168
3860,813126600,32,20.38,16,32,2062.0,2058,2074,2044.19,2038,2058,193,0.19697,0.07137,0.02802,0.0196
3861,813136743,32,20.19,12,37,2062.44,2057,2070,2044.72,2041,2052,193,0.19514,0.08755,0.04145,0.0252
3862,813146950,32,21.09,17,33,2062.03,2053,2069,2043.38,2033,2052,193,0.20383,0.04664,0.02894,0.0154
3863,813157141,32,19.84,16,32,2061.28,2056,2066,2043.47,2023,2050,193,0.19175,0.04939,0.00604,0.0106
3864,813167330,32,19.84,17,29,2061.19,2042,2068,2043.47,2037,2050,193,0.19175,0.04939,0.00330,0.0101
3865,813177535,32,20.53,14,28,2060.69,2053,2067,2043.03,2035,2050,193,0.19842,0.03596,-0.01197,0.0048
3866,813187743,32,21.47,12,51,2061.63,2057,2067,2042.84,2018,2052,193,0.20751,0.03016,0.01673,0.0097
3867,813197953,32,19.78,14,27,2062.19,2057,2069,2043.34,2029,2051,193,0.19117,0.04542,0.03382,0.0151
3868,813208154,32,20.38,14,32,2061.91,2043,2067,2044.0,2040,2053,193,0.19697,0.06557,0.02527,0.0179
3869,813218351,32,18.81,10,27,2061.22,2052,2072,2043.13,2040,2050,193,0.18180,0.03901,0.00421,0.0079
3870,813228536,32,20.91,17,29,2062.03,2056,2074,2042.81,2032,2050,193,0.20210,0.02924,0.02894,0.0118
3871,813238724,32,20.44,14,34,2061.75,2057,2067,2043.56,2040,2057,193,0.19755,0.05214,0.02039,0.0143
3872,813248892,32,20.84,14,38,2061.66,2057,2067,2042.84,2034,2053,193,0.20142,0.03016,0.01764,0.0096
3873,813259067,32,19.5,15,26,2060.94,2052,2067,2045.06,2038,2054,193,0.18847,0.09792,-0.00433,0.0176
3874,813269269,32,20.5,14,27,2061.16,2059,2066,2043.25,2037,2050,193,0.19813,0.04267,0.00238,0.0089
3875,813279424,32,20.34,11,33,2062.19,2057,2073,2044.28,2038,2055,193,0.19659,0.07411,0.03382,0.0212
3876,813289642,32,19.94,8,26,2061.41,2056,2066,2042.97,2035,2050,193,0.19272,0.03413,0.01001,0.0085
3877,813299857,32,21.16,18,28,2062.13,2058,2067,2044.28,2032,2060,193,0.20451,0.07411,0.03199,0.0217
3878,813310031,32,21.63,16,51,2061.44,2058,2067,2044.25,2033,2057,193,0.20905,0.07320,0.01093,0.0176
3879,813320199,32,19.09,6,26,2061.59,2045,2069,2042.69,2018,2051,193,0.18450,0.02558,0.01551,0.0076
3880,813330402,32,21.0,14,26,2062.34,2059,2068,2044.22,2034,2062,193,0.20297,0.07228,0.03840,0.0225
3881,813340578,32,19.63,0,27,2061.91,2052,2069,2044.31,2034,2050,193,0.18972,0.07503,0.02527,0.0190
3882,813350768,32,20.59,16,27,2061.47,2049,2067,2044.13,2036,2050,193,0.19900,0.06954,0.01184,0.0162
3883,813360964,32,22.09,16,36,2062.16,2054,2072,2043.13,2031,2064,193,0.21350,0.03901,0.03291,0.0154
3884,813371212,32,20.69,13,27,2061.84,2044,2068,2044.63,2040,2051,193,0.19997,0.08480,0.02314,0.0216
3885,813381431,32,19.66,15,26,2060.78,2042,2068,2043.91,2038,2051,193,0.19001,0.06282,-0.00922,0.0102
3886,813391624,32,20.22,16,26,2061.47,2057,2073,2044.34,2036,2076,193,0.19543,0.07595,0.01184,0.0172
3887,813401842,32,19.84,11,26,2061.81,2058,2067,2043.63,2038,2051,193,0.19175,0.05427,0.02222,0.0147
3888,813412044,32,20.06,12,26,2061.81,2049,2076,2044.81,2038,2055,193,0.19388,0.09029,0.02222,0.0218
3889,813422233,32,20.81,13,43,2061.28,2059,2067,2043.44,2036,2050,193,0.20113,0.04847,0.00604,0.0110
3890,813432444,32,19.38,14,27,2062.38,2059,2067,2044.78,2037,2052,193,0.18731,0.08938,0.03962,0.0242
3891,813442667,32,20.63,13,42,2061.25,2049,2067,2043.94,2041,2059,193,0.19939,0.06374,0.00513,0.0137
3892,813452827,32,21.19,13,31,2061.66,2058,2075,2043.25,2036,2050,193,0.20480,0.04267,0.01764,0.0124
3893,813462996,32,20.09,16,45,2061.66,2048,2074,2044.06,2035,2052,193,0.19417,0.06740,0.01764,0.0165
3894,813473192,32,20.66,17,26,2062.41,2059,2067,2043.88,2027,2059,193,0.19968,0.06190,0.04054,0.0205
3895,813483376,32,20.38,17,26,2062.63,2057,2069,2043.44,2040,2049,193,0.19697,0.04847,0.04725,0.0189
3896,813493563,32,19.91,13,26,2061.72,2045,2067,2043.66,2040,2051,193,0.19243,0.05519,0.01947,0.0144
3897,813503763,32,19.81,5,27,2062.41,2059,2074,2043.34,2019,2053,193,0.19146,0.04542,0.04054,0.0165
3898,813513985,32,21.0,16,38,2060.94,2048,2067,2042.31,2022,2051,193,0.20297,0.01398,-0.00433,0.0020
3899,813524196,32,20.09,13,26,2061.69,2056,2069,2043.34,2030,2052,193,0.19417,0.04542,0.01856,0.0124
3900,813534377,32,20.56,16,30,2061.16,2051,2068,2043.25,2038,2049,193,0.19871,0.04267,0.00238,0.0090
3901,813544554,32,20.31,14,26,2061.59,2053,2069,2042.78,2029,2049,193,0.19630,0.02833,0.01551,0.0086
3902,813554737,32,21.13,17,26,2062.19,2051,2067,2044.38,2040,2050,193,0.20422,0.07717,0.03382,0.0227
3903,813564929,32,19.28,4,26,2061.72,2058,2066,2044.13,2040,2051,193,0.18634,0.06954,0.01947,0.0166
3904,813575116,32,22.09,8,56,2062.28,2060,2070,2043.16,2033,2051,193,0.21350,0.03993,0.03657,0.0163
3905,813585342,32,21.69,17,35,2061.88,2057,2076,2044.31,2040,2055,193,0.20963,0.07503,0.02436,0.0208
3906,813595529,32,20.0,14,27,2061.94,2058,2067,2045.34,2040,2059,193,0.19330,0.10647,0.02619,0.0256
3907,813605716,32,18.97,3,25,2062.38,2058,2070,2044.69,2037,2051,193,0.18335,0.08663,0.03962,0.0231
3908,813615923,32,20.5,16,43,2062.06,2057,2077,2044.81,2037,2053,193,0.19813,0.09029,0.02985,0.0238
3909,813626120,32,19.97,16,27,2062.06,2059,2072,2043.88,2040,2052,193,0.19301,0.06190,0.02985,0.0177
3910,813636325,32,19.09,8,26,2061.88,2059,2069,2042.19,2023,2049,193,0.18450,0.01032,0.02436,0.0064
3911,813646554,32,19.81,5,25,2061.66,2058,2070,2043.63,2038,2053,193,0.19146,0.05427,0.01764,0.0138
3912,813656748,32,20.0,6,27,2061.75,2054,2067,2044.06,2035,2053,193,0.19330,0.06740,0.02039,0.0170
3913,813666893,32,20.25,16,30,2062.34,2058,2073,2043.03,2033,2050,193,0.19572,0.03596,0.03840,0.0146
3914,813677062,32,20.16,13,27,2061.63,2059,2069,2044.5,2040,2050,193,0.19485,0.08083,0.01673,0.0190
3915,813687251,32,20.06,17,25,2061.88,2057,2068,2044.63,2040,2050,193,0.19388,0.08480,0.02436,0.0212
3916,813697450,32,20.63,11,36,2062.19,2045,2067,2042.97,2040,2050,193,0.19939,0.03413,0.03382,0.0135
3917,813707628,32,18.91,2,27,2061.09,2051,2068,2043.31,2035,2050,193,0.18277,0.04451,0.00024,0.0082
3918,813717833,32,20.72,16,35,2062.22,2057,2073,2043.06,2026,2050,193,0.20026,0.03687,0.03474,0.0143
3919,813728031,32,20.44,16,29,2062.34,2057,2066,2043.25,2025,2050,193,0.19755,0.04267,0.03840,0.0160
3920,813738191,32,19.69,17,26,2062.28,2057,2068,2044.44,2038,2050,193,0.19030,0.07900,0.03657,0.0220
3921,813748410,32,21.38,16,40,2062.19,2056,2067,2043.72,2019,2051,193,0.20664,0.05702,0.03382,0.0188
3922,813758604,32,20.69,3,34,2061.06,2053,2068,2044.0,2038,2052,193,0.19997,0.06557,-0.00067,0.0130
3923,813768783,32,20.84,16,26,2061.69,2058,2072,2042.22,2036,2050,193,0.20142,0.01123,0.01856,0.0060
3924,813778978,32,19.09,14,25,2061.41,2058,2066,2043.69,2033,2052,193,0.18450,0.05610,0.01001,0.0122
3925,813789158,32,20.94,17,29,2061.47,2059,2077,2043.5,2037,2050,193,0.20239,0.05031,0.01184,0.0126
3926,813799345,32,21.13,12,28,2061.59,2059,2066,2043.88,2036,2051,193,0.20422,0.06190,0.01551,0.0158
3927,813809544,32,18.94,3,26,2061.91,2059,2067,2044.81,2038,2056,193,0.18306,0.09029,0.02527,0.0212
3928,813819727,32,20.0,14,27,2061.34,2053,2067,2044.75,2037,2052,193,0.19330,0.08846,0.00788,0.0186
3929,813829888,32,21.75,15,28,2062.34,2056,2070,2043.47,2038,2051,193,0.21021,0.04939,0.03840,0.0185
3930,813840077,32,20.53,17,27,2061.56,2052,2068,2042.16,2022,2049,193,0.19842,0.00940,0.01459,0.0048
3931,813850284,32,20.81,12,35,2061.66,2059,2066,2044.59,2034,2056,193,0.20113,0.08358,0.01764,0.0204
3932,813860464,32,19.81,6,30,2062.06,2057,2073,2043.78,2037,2051,193,0.19146,0.05885,0.02985,0.0170
3933,813870665,32,19.44,11,33,2061.53,2059,2067,2042.78,2034,2050,193,0.18789,0.02833,0.01368,0.0079
3934,813880895,32,19.41,0,32,2062.16,2058,2070,2043.78,2039,2050,193,0.18760,0.05885,0.03291,0.0172
3935,813891090,32,19.41,0,26,2061.53,2056,2074,2044.09,2031,2051,193,0.18760,0.06831,0.01368,0.0154
3936,813901270,32,19.97,11,27,2061.47,2058,2066,2044.34,2026,2057,193,0.19301,0.07595,0.01184,0.0169
3937,813911471,32,20.59,9,32,2062.09,2054,2068,2043.75,2029,2050,193,0.19900,0.05794,0.03077,0.0177
3938,813921641,32,19.91,15,28,2061.5,2051,2068,2044.56,2033,2076,193,0.19243,0.08266,0.01276,0.0184
3939,813931815,32,20.44,11,27,2061.5,2052,2067,2042.81,2028,2054,193,0.19755,0.02924,0.01276,0.0083
3940,813941996,32,21.19,16,40,2061.5,2057,2067,2044.31,2032,2052,193,0.20480,0.07503,0.01276,0.0180
3941,813952151,32,22.28,17,42,2062.31,2058,2068,2043.78,2040,2057,193,0.21534,0.05885,0.03748,0.0207
3942,813962350,32,20.0,12,26,2061.91,2054,2077,2043.44,2037,2056,193,0.19330,0.04847,0.02527,0.0143
3943,813972536,32,20.38,17,26,2061.5,2053,2067,2045.13,2037,2052,193,0.19697,0.10006,0.01276,0.0222
3944,813982709,32,20.66,16,35,2062.0,2059,2069,2044.97,2040,2057,193,0.19968,0.09518,0.02802,0.0246
3945,813992905,32,18.91,2,26,2061.78,2056,2067,2043.91,2040,2050,193,0.18277,0.06282,0.02131,0.0154
3946,814003114,32,19.81,15,26,2061.81,2056,2067,2044.84,2041,2053,193,0.19146,0.09121,0.02222,0.0217
3947,814013340,32,21.13,14,26,2062.19,2058,2068,2043.75,2036,2052,193,0.20422,0.05794,0.03382,0.0187
3948,814023513,32,21.38,16,42,2062.28,2041,2089,2042.09,2035,2050,193,0.20664,0.00726,0.03657,0.0091
3949,814033721,32,21.63,16,28,2061.63,2050,2070,2043.78,2027,2051,193,0.20905,0.05885,0.01673,0.0158
3950,814043915,32,20.25,14,32,2062.34,2058,2067,2044.59,2036,2058,193,0.19572,0.08358,0.03840,0.0239
3951,814054070,32,21.59,18,30,2062.53,2059,2067,2045.31,2038,2077,193,0.20867,0.10556,0.04420,0.0312
3952,814064270,32,19.72,13,26,2060.91,2057,2065,2042.25,2030,2050,193,0.19059,0.01215,-0.00525,0.0013
3953,814074446,32,20.19,10,27,2062.16,2056,2074,2043.91,2040,2059,193,0.19514,0.06282,0.03291,0.0187
3954,814084670,32,20.38,16,27,2061.84,2056,2067,2044.88,2033,2060,193,0.19697,0.09243,0.02314,0.0228
3955,814094861,32,20.34,2,33,2061.63,2054,2072,2044.09,2035,2061,193,0.19659,0.06831,0.01673,0.0167
3956,814105040,32,20.19,16,35,2061.25,2056,2066,2043.56,2037,2051,193,0.19514,0.05214,0.00513,0.0112
3957,814115246,32,20.06,13,45,2061.84,2059,2068,2044.16,2038,2057,193,0.19388,0.07045,0.02314,0.0181
3958,814125458,32,19.91,4,27,2061.91,2053,2066,2042.84,2038,2049,193,0.19243,0.03016,0.02527,0.0107
3959,814135680,32,19.44,8,29,2061.69,2056,2067,2043.97,2040,2052,193,0.18789,0.06465,0.01856,0.0156
3960,814145865,32,20.94,14,35,2060.91,2044,2069,2043.03,2014,2052,193,0.20239,0.03596,-0.00525,0.0062
3961,814156091,32,20.25,12,38,2061.63,2057,2067,2043.81,2027,2058,193,0.19572,0.05977,0.01673,0.0150
3962,814166235,32,20.56,9,27,2061.91,2059,2067,2043.94,2035,2050,193,0.19871,0.06374,0.02527,0.0177
3963,814176442,32,20.38,16,26,2060.88,2058,2069,2043.31,2038,2056,193,0.19697,0.04451,-0.00617,0.0076
3964,814186655,32,18.88,0,26,2062.25,2058,2070,2044.69,2038,2052,193,0.18248,0.08663,0.03565,0.0223
3965,814196840,32,20.44,6,36,2062.84,2059,2073,2043.38,2040,2051,193,0.19755,0.04664,0.05366,0.0198
3966,814207032,32,21.03,18,29,2062.16,2058,2068,2042.94,2035,2051,193,0.20325,0.03321,0.03291,0.0134
3967,814217234,32,21.22,15,51,2061.13,2058,2066,2043.72,2040,2053,193,0.20509,0.05702,0.00147,0.0120
3968,814227458,32,20.19,8,28,2062.38,2058,2073,2044.59,2040,2058,193,0.19514,0.08358,0.03962,0.0240
3969,814237647,32,20.66,0,26,2061.91,2056,2066,2043.44,2031,2053,193,0.19968,0.04847,0.02527,0.0147
3970,814247849,32,20.91,11,27,2061.81,2058,2069,2043.41,2032,2050,193,0.20210,0.04756,0.02222,0.0141
3971,814258048,32,20.88,17,32,2062.19,2059,2067,2043.84,2038,2056,193,0.20181,0.06068,0.03382,0.0191
3972,814268249,32,20.5,16,27,2062.44,2059,2069,2043.47,2034,2050,193,0.19813,0.04939,0.04145,0.0180
3973,814278432,32,19.34,0,26,2060.88,2051,2066,2043.72,2038,2053,193,0.18692,0.05702,-0.00617,0.0095
3974,814288638,32,21.22,17,27,2061.22,2057,2068,2044.38,2040,2053,193,0.20509,0.07717,0.00421,0.0167
3975,814298819,32,22.06,16,41,2062.34,2058,2071,2042.78,2040,2051,193,0.21321,0.02833,0.03840,0.0142
3976,814309004,32,21.25,14,53,2062.03,2057,2067,2042.59,2022,2056,193,0.20538,0.02253,0.02894,0.0106
3977,814319213,32,19.88,14,26,2061.84,2056,2067,2044.34,2040,2050,193,0.19214,0.07595,0.02314,0.0190
3978,814329401,32,19.75,11,28,2061.31,2057,2067,2042.84,2034,2056,193,0.19088,0.03016,0.00696,0.0071
3979,814339606,32,19.72,14,34,2061.56,2057,2068,2042.88,2034,2050,193,0.19059,0.03138,0.01459,0.0088
3980,814349789,32,20.5,16,28,2062.41,2059,2077,2045.19,2038,2073,193,0.19813,0.10189,0.04054,0.0282
3981,814359960,32,21.34,16,57,2062.5,2057,2067,2043.56,2034,2050,193,0.20625,0.05214,0.04328,0.0197
3982,814370153,32,21.13,15,38,2062.16,2056,2066,2043.44,2019,2050,193,0.20422,0.04847,0.03291,0.0166
3983,814380348,32,20.0,13,27,2062.19,2054,2067,2043.31,2029,2055,193,0.19330,0.04451,0.03382,0.0151
3984,814390559,32,19.91,12,26,2062.06,2059,2067,2045.25,2038,2072,193,0.19243,0.10372,0.02985,0.0257
3985,814400747,32,18.47,2,26,2061.34,2050,2066,2044.72,2040,2058,193,0.17851,0.08755,0.00788,0.0170
3986,814410943,32,19.75,15,26,2062.0,2058,2067,2043.56,2025,2054,193,0.19088,0.05214,0.02802,0.0153
3987,814421080,32,21.22,17,30,2061.31,2059,2066,2044.0,2032,2065,193,0.20509,0.06557,0.00696,0.0149
3988,814431262,32,20.41,2,27,2061.78,2058,2066,2042.84,2032,2057,193,0.19726,0.03016,0.02131,0.0102
3989,814441469,32,20.5,14,35,2062.13,2059,2067,2042.19,2019,2051,193,0.19813,0.01032,0.03199,0.0084
3990,814451668,32,20.59,6,37,2062.09,2057,2070,2043.91,2040,2051,193,0.19900,0.06282,0.03077,0.0186
3991,814461861,32,20.69,13,29,2061.69,2059,2070,2043.13,2033,2051,193,0.19997,0.03901,0.01856,0.0115
3992,814472019,32,20.03,9,26,2061.16,2052,2067,2044.06,2040,2067,193,0.19359,0.06740,0.00238,0.0135
3993,814482231,32,20.22,8,27,2062.72,2058,2070,2044.75,2041,2050,193,0.19543,0.08846,0.05000,0.0271
3994,814492400,32,19.91,14,26,2062.22,2050,2069,2043.75,2040,2050,193,0.19243,0.05794,0.03474,0.0178
3995,814502573,32,19.47,13,26,2061.91,2058,2071,2042.66,2036,2049,193,0.18818,0.02466,0.02527,0.0094
3996,814512781,32,20.72,14,30,2061.84,2058,2067,2044.38,2038,2058,193,0.20026,0.07717,0.02314,0.0201
3997,814522974,32,20.0,16,26,2061.31,2057,2068,2043.5,2034,2056,193,0.19330,0.05031,0.00696,0.0111
3998,814533107,32,19.63,5,26,2062.5,2057,2078,2043.63,2028,2050,193,0.18972,0.05427,0.04328,0.0185
3999,814543279,32,20.31,12,27,2062.28,2056,2073,2043.97,2035,2053,193,0.19630,0.06465,0.03657,0.0199
4000,814553487,32,19.56,11,28,2060.88,2044,2066,2043.88,2021,2050,193,0.18905,0.06190,-0.00617,0.0105
4001,814563676,32,20.75,14,27,2062.56,2059,2070,2043.5,2037,2049,193,0.20055,0.05031,0.04512,0.0191
4002,814573811,32,19.94,8,26,2061.78,2053,2073,2045.66,2037,2067,193,0.19272,0.11624,0.02131,0.0265
4003,814583994,32,19.81,8,26,2061.19,2054,2067,2043.78,2040,2050,193,0.19146,0.05885,0.00330,0.0119
4004,814594195,32,21.44,15,49,2062.22,2056,2076,2043.28,2034,2053,193,0.20722,0.04359,0.03474,0.0162
4005,814604412,32,19.66,14,27,2062.34,2057,2076,2043.5,2037,2051,193,0.19001,0.05031,0.03840,0.0169
4006,814614570,32,20.06,12,35,2061.78,2050,2068,2044.47,2035,2054,193,0.19388,0.07991,0.02131,0.0196
4007,814624792,32,20.25,12,32,2061.66,2052,2072,2044.91,2025,2057,193,0.19572,0.09335,0.01764,0.0217
4008,814634963,32,20.88,6,27,2061.81,2054,2066,2044.25,2037,2060,193,0.20181,0.07320,0.02222,0.0193
4009,814645155,32,20.19,0,32,2061.13,2058,2070,2044.31,2033,2060,193,0.19514,0.07503,0.00147,0.0149
4010,814655352,32,19.59,9,30,2062.03,2057,2070,2043.81,2030,2053,193,0.18934,0.05977,0.02894,0.0168
4011,814665582,32,18.41,6,27,2062.22,2053,2069,2044.0,2040,2054,193,0.17793,0.06557,0.03474,0.0178
4012,814675752,32,20.66,11,30,2062.34,2054,2067,2044.91,2040,2068,193,0.19968,0.09335,0.03840,0.0263
4013,814685948,32,20.78,17,37,2062.97,2059,2073,2045.72,2040,2066,193,0.20084,0.11807,0.05763,0.0353
4014,814696148,32,20.59,8,35,2061.81,2058,2070,2044.44,2022,2059,193,0.19900,0.07900,0.02222,0.0201
4015,814706380,32,19.78,9,26,2062.0,2054,2073,2043.72,2026,2051,193,0.19117,0.05702,0.02802,0.0163
4016,814716548,32,21.34,16,30,2061.72,2054,2067,2043.16,2031,2051,193,0.20625,0.03993,0.01947,0.0123
4017,814726783,32,19.38,16,25,2062.34,2059,2072,2043.16,2040,2051,193,0.18731,0.03993,0.03840,0.0147
4018,814736966,32,21.25,17,27,2062.31,2059,2069,2044.97,2040,2069,193,0.20538,0.09518,0.03748,0.0272
4019,814747136,32,20.25,14,29,2060.59,2044,2066,2042.72,2038,2050,193,0.19572,0.02650,-0.01502,0.0022
4020,814757315,32,22.78,17,28,2062.0,2056,2081,2044.03,2040,2050,193,0.22017,0.06648,0.02802,0.0208
4021,814767512,32,20.59,17,47,2061.94,2056,2068,2043.53,2037,2054,193,0.19900,0.05122,0.02619,0.0154
4022,814777707,32,20.69,16,26,2062.97,2058,2091,2043.63,2037,2053,193,0.19997,0.05427,0.05763,0.0224
4023,814787893,32,20.28,16,26,2062.78,2058,2079,2044.97,2041,2054,193,0.19601,0.09518,0.05183,0.0288
4024,814798090,32,20.03,17,26,2062.84,2057,2067,2042.28,2033,2052,193,0.19359,0.01306,0.05366,0.0129
4025,814808290,32,19.91,4,32,2061.88,2058,2068,2043.09,2029,2051,193,0.19243,0.03779,0.02436,0.0120
4026,814818511,32,19.94,11,30,2062.84,2057,2077,2044.63,2035,2051,193,0.19272,0.08480,0.05366,0.0267
4027,814828676,32,20.66,12,49,2061.22,2056,2068,2043.94,2040,2050,193,0.19968,0.06374,0.00421,0.0136
4028,814838892,32,20.53,14,27,2062.25,2059,2066,2042.94,2035,2051,193,0.19842,0.03321,0.03565,0.0137
4029,814849064,32,20.59,18,29,2061.88,2057,2069,2043.66,2040,2051,193,0.19900,0.05519,0.02436,0.0158
4030,814859267,32,19.59,4,27,2061.13,2053,2066,2043.16,2037,2058,193,0.18934,0.03993,0.00147,0.0078
4031,814869497,32,21.22,14,43,2062.28,2058,2067,2043.78,2037,2059,193,0.20509,0.05885,0.03657,0.0196
4032,814879691,32,21.41,17,28,2062.66,2057,2073,2041.5,2034,2045,193,0.20693,-0.01074,0.04817,0.0077
4033,814889892,32,20.5,14,27,2061.94,2059,2067,2042.72,2038,2053,193,0.19813,0.02650,0.02619,0.0104
4034,814900094,32,21.38,14,45,2063.06,2059,2068,2043.91,2024,2052,193,0.20664,0.06282,0.06038,0.0255
4035,814910313,32,20.81,13,29,2062.28,2050,2068,2043.75,2037,2052,193,0.20113,0.05794,0.03657,0.0190
4036,814920482,32,19.63,13,32,2061.81,2057,2067,2043.97,2032,2058,193,0.18972,0.06465,0.02222,0.0165
4037,814930682,32,20.91,14,29,2062.31,2052,2080,2043.25,2038,2051,193,0.20210,0.04267,0.03748,0.0162
4038,814940885,32,20.41,17,28,2061.22,2057,2067,2044.72,2040,2052,193,0.19726,0.08755,0.00421,0.0181
4039,814951080,32,20.41,17,27,2061.31,2057,2068,2044.34,2040,2053,193,0.19726,0.07595,0.00696,0.0164
4040,814961270,32,21.22,16,32,2060.69,2050,2068,2043.66,2037,2050,193,0.20509,0.05519,-0.01197,0.0089
4041,814971434,32,19.88,14,26,2062.47,2058,2067,2045.81,2037,2060,193,0.19214,0.12082,0.04237,0.0314
4042,814981644,32,20.22,17,28,2062.28,2058,2072,2043.22,2036,2050,193,0.19543,0.04176,0.03657,0.0153
4043,814991815,32,20.25,12,49,2061.5,2055,2072,2043.38,2024,2050,193,0.19572,0.04664,0.01276,0.0116
4044,815001943,32,19.28,1,32,2062.72,2058,2067,2044.53,2035,2056,193,0.18634,0.08175,0.05000,0.0245
4045,815012127,32,20.13,16,32,2061.19,2048,2067,2043.75,2040,2057,193,0.19456,0.05794,0.00330,0.0119
4046,815022319,32,21.09,15,29,2061.75,2044,2070,2043.97,2039,2050,193,0.20383,0.06465,0.02039,0.0173
4047,815032496,32,21.06,18,26,2061.75,2057,2069,2044.75,2038,2052,193,0.20354,0.08846,0.02039,0.0222
4048,815042663,32,21.0,17,33,2062.5,2060,2067,2044.31,2039,2051,193,0.20297,0.07503,0.04328,0.0240
4049,815052818,32,19.78,13,27,2061.16,2057,2066,2044.38,2038,2058,193,0.19117,0.07717,0.00238,0.0152
4050,815063003,32,19.78,16,26,2062.03,2055,2069,2043.91,2040,2050,193,0.19117,0.06282,0.02894,0.0175
4051,815073215,32,20.28,15,27,2062.34,2059,2067,2044.47,2036,2051,193,0.19601,0.07991,0.03840,0.0232
4052,815083423,32,20.72,12,50,2060.81,2048,2067,2043.63,2037,2051,193,0.20026,0.05427,-0.00830,0.0092
4053,815093638,32,20.72,17,28,2060.56,2049,2066,2044.31,2034,2053,193,0.20026,0.07503,-0.01593,0.0118
4054,815103832,32,20.56,14,33,2061.19,2050,2067,2043.91,2040,2050,193,0.19871,0.06282,0.00330,0.0131
4055,815114017,32,21.34,16,37,2062.72,2060,2069,2044.63,2037,2070,193,0.20625,0.08480,0.05000,0.0278
4056,815124221,32,20.53,8,32,2061.81,2057,2069,2043.63,2030,2058,193,0.19842,0.05427,0.02222,0.0152
4057,815134411,32,20.94,17,32,2061.88,2049,2067,2044.69,2040,2061,193,0.20239,0.08663,0.02436,0.0225
4058,815144614,32,19.34,11,28,2061.97,2059,2067,2044.28,2038,2064,193,0.18692,0.07411,0.02711,0.0189
4059,815154827,32,20.31,1,30,2062.47,2059,2069,2044.0,2034,2057,193,0.19630,0.06557,0.04237,0.0212
4060,815165023,32,20.53,7,28,2062.09,2059,2081,2044.31,2035,2060,193,0.19842,0.07503,0.03077,0.0210
4061,815175232,32,20.34,17,28,2061.25,2059,2067,2043.66,2026,2054,193,0.19659,0.05519,0.00513,0.0119
4062,815185387,32,19.78,13,27,2061.53,2058,2067,2043.06,2022,2051,193,0.19117,0.03687,0.01368,0.0097
4063,815195624,32,21.0,18,34,2062.53,2054,2075,2044.0,2018,2057,193,0.20297,0.06557,0.04420,0.0223
4064,815205741,32,18.78,0,27,2061.44,2054,2067,2043.56,2036,2052,193,0.18151,0.05214,0.01093,0.0114
4065,815215955,32,20.72,16,30,2061.78,2053,2068,2042.22,2030,2050,193,0.20026,0.01123,0.02131,0.0065
4066,815226137,32,21.34,16,26,2060.34,2052,2066,2044.06,2037,2050,193,0.20625,0.06740,-0.02265,0.0092
4067,815236347,32,19.47,6,31,2061.78,2058,2067,2043.5,2027,2052,193,0.18818,0.05031,0.02131,0.0135
4068,815246524,32,20.19,9,26,2062.91,2059,2069,2044.13,2037,2051,193,0.19514,0.06954,0.05580,0.0245
4069,815256745,32,20.56,5,34,2061.19,2048,2067,2044.28,2040,2056,193,0.19871,0.07411,0.00330,0.0154
4070,815266941,32,19.63,16,26,2062.44,2059,2068,2044.59,2033,2053,193,0.18972,0.08358,0.04145,0.0237
4071,815277135,32,20.72,15,40,2061.28,2057,2066,2043.78,2030,2061,193,0.20026,0.05885,0.00604,0.0130
4072,815287301,32,18.5,6,26,2062.34,2058,2089,2045.22,2035,2061,193,0.17880,0.10281,0.03840,0.0252
4073,815297491,32,20.25,6,35,2061.06,2056,2067,2043.44,2018,2050,193,0.19572,0.04847,-0.00067,0.0094
4074,815307717,32,19.06,0,27,2061.59,2051,2073,2044.25,2041,2053,193,0.18421,0.07320,0.01551,0.0163
4075,815317895,32,20.5,9,34,2060.91,2057,2067,2043.5,2029,2053,193,0.19813,0.05031,-0.00525,0.0089
4076,815328072,32,20.56,18,27,2062.13,2057,2067,2043.59,2035,2050,193,0.19871,0.05305,0.03199,0.0169
4077,815338267,32,20.84,14,40,2062.53,2052,2072,2044.03,2040,2050,193,0.20142,0.06648,0.04420,0.0223
4078,815348442,32,19.06,4,27,2061.78,2051,2070,2044.22,2040,2051,193,0.18421,0.07228,0.02131,0.0172
4079,815358648,32,20.03,15,26,2062.22,2056,2067,2043.94,2040,2053,193,0.19359,0.06374,0.03474,0.0191
4080,815368868,32,21.13,16,32,2062.63,2058,2067,2043.41,2035,2059,193,0.20422,0.04756,0.04725,0.0194
4081,815379088,32,21.03,17,27,2061.91,2056,2069,2044.72,2037,2075,193,0.20325,0.08755,0.02527,0.0229
4082,815389300,32,20.03,11,27,2061.19,2049,2066,2043.16,2028,2057,193,0.19359,0.03993,0.00330,0.0084
4083,815399476,32,20.91,10,49,2061.94,2058,2067,2043.13,2040,2051,193,0.20210,0.03901,0.02619,0.0132
4084,815409708,32,19.94,5,27,2061.72,2050,2082,2043.78,2038,2050,193,0.19272,0.05885,0.01947,0.0151
4085,815419925,32,21.31,14,30,2061.47,2058,2067,2045.69,2040,2070,193,0.20596,0.11715,0.01184,0.0266
4086,815430116,32,21.53,17,36,2060.41,2040,2066,2043.47,2036,2049,193,0.20809,0.04939,-0.02051,0.0060
4087,815440334,32,19.97,10,26,2061.72,2056,2067,2043.97,2038,2050,193,0.19301,0.06465,0.01947,0.0162
4088,815450549,32,19.09,12,26,2063.06,2058,2082,2043.78,2040,2052,193,0.18450,0.05885,0.06038,0.0220
4089,815460757,32,19.69,14,34,2062.22,2058,2069,2044.56,2036,2054,193,0.19030,0.08266,0.03474,0.0223
4090,815470938,32,20.34,4,33,2062.53,2059,2068,2043.53,2028,2073,193,0.19659,0.05122,0.04420,0.0188
4091,815481103,32,19.38,5,26,2062.03,2058,2072,2042.97,2037,2055,193,0.18731,0.03413,0.02894,0.0118
4092,815491313,32,21.03,16,28,2060.75,2048,2067,2043.66,2038,2050,193,0.20325,0.05519,-0.01013,0.0092
4093,815501509,32,20.03,17,27,2062.81,2059,2074,2043.5,2038,2050,193,0.19359,0.05031,0.05275,0.0199
4094,815511684,32,19.41,16,26,2061.69,2048,2072,2043.06,2038,2051,193,0.18760,0.03687,0.01856,0.0104
4095,815521900,32,20.13,4,26,2062.13,2051,2076,2043.16,2037,2052,193,0.19456,0.03993,0.03199,0.0140
4096,815532059,32,19.44,6,26,2061.47,2058,2066,2043.19,2032,2051,193,0.18789,0.04084,0.01184,0.0099
4097,815542269,32,20.41,18,29,2060.66,2054,2066,2043.81,2038,2054,193,0.19726,0.05977,-0.01288,0.0092
4098,815552456,32,19.63,14,34,2061.75,2057,2069,2043.31,2036,2051,193,0.18972,0.04451,0.02039,0.0123
4099,815562632,32,19.66,4,36,2062.44,2057,2072,2042.22,2036,2052,193,0.19001,0.01123,0.04145,0.0100
4100,815572832,32,19.47,8,28,2061.09,2049,2067,2042.78,2035,2051,193,0.18818,0.02833,0.00024,0.0054
4101,815583012,32,20.59,14,42,2060.59,2038,2067,2043.25,2038,2050,193,0.19900,0.04267,-0.01502,0.0055
4102,815593227,32,19.41,11,28,2061.28,2054,2069,2043.06,2019,2054,193,0.18760,0.03687,0.00604,0.0081
4103,815603405,32,20.72,17,30,2061.06,2051,2067,2044.53,2038,2050,193,0.20026,0.08175,-0.00067,0.0162
4104,815613591,32,20.63,14,32,2061.34,2057,2067,2045.0,2035,2059,193,0.19939,0.09609,0.00788,0.0207
4105,815623771,32,20.06,16,29,2061.72,2058,2067,2044.41,2036,2063,193,0.19388,0.07808,0.01947,0.0189
4106,815633973,32,19.72,12,26,2062.13,2059,2089,2044.31,2040,2062,193,0.19059,0.07503,0.03199,0.0204
4107,815644154,32,19.75,17,26,2060.94,2054,2066,2043.78,2026,2056,193,0.19088,0.05885,-0.00433,0.0104
4108,815654361,32,20.22,16,28,2061.59,2058,2067,2042.5,2020,2049,193,0.19543,0.01978,0.01551,0.0069
4109,815664597,32,20.16,17,27,2061.78,2058,2073,2045.03,2037,2066,193,0.19485,0.09701,0.02131,0.0231
4110,815674819,32,21.13,17,29,2061.34,2056,2067,2042.34,2037,2052,193,0.20422,0.01490,0.00788,0.0047
4111,815685029,32,20.22,14,30,2062.16,2059,2074,2044.31,2037,2050,193,0.19543,0.07503,0.03291,0.0211
4112,815695249,32,20.53,13,26,2061.81,2051,2066,2044.28,2038,2056,193,0.19842,0.07411,0.02222,0.0191
4113,815705474,32,21.84,14,52,2061.63,2058,2069,2045.0,2034,2052,193,0.21108,0.09609,0.01673,0.0238
4114,815715642,32,21.03,13,42,2062.44,2059,2073,2044.34,2040,2064,193,0.20325,0.07595,0.04145,0.0239
4115,815725832,32,20.09,13,27,2061.91,2054,2067,2043.63,2038,2056,193,0.19417,0.05427,0.02527,0.0154
4116,815736024,32,20.88,14,31,2060.72,2037,2067,2043.53,2019,2054,193,0.20181,0.05122,-0.01105,0.0081
4117,815746240,32,20.34,17,26,2061.63,2052,2068,2044.31,2038,2050,193,0.19659,0.07503,0.01673,0.0180
4118,815756461,32,20.38,10,28,2061.59,2054,2067,2044.28,2027,2058,193,0.19697,0.07411,0.01551,0.0177
4119,815766649,32,21.91,15,43,2061.78,2057,2067,2044.88,2040,2052,193,0.21176,0.09243,0.02131,0.0241
4120,815776819,32,20.84,17,27,2062.31,2054,2077,2043.19,2022,2050,193,0.20142,0.04084,0.03748,0.0158
4121,815787033,32,20.5,14,28,2061.72,2052,2069,2043.47,2034,2050,193,0.19813,0.04939,0.01947,0.0136
4122,815797241,32,19.84,17,29,2060.78,2057,2066,2044.13,2037,2053,193,0.19175,0.06954,-0.00922,0.0116
4123,815807450,32,20.75,17,29,2061.22,2048,2072,2044.09,2038,2050,193,0.20055,0.06831,0.00421,0.0145
4124,815817639,32,21.69,16,42,2062.13,2057,2076,2042.97,2038,2050,193,0.20963,0.03413,0.03199,0.0139
4125,815827855,32,20.63,17,33,2061.38,2058,2069,2044.84,2037,2061,193,0.19939,0.09121,0.00910,0.0200
4126,815838058,32,18.78,0,26,2061.72,2056,2078,2044.44,2025,2063,193,0.18151,0.07900,0.01947,0.0179
4127,815848290,32,19.81,5,29,2062.31,2056,2066,2042.88,2020,2050,193,0.19146,0.03138,0.03748,0.0132
4128,815858515,32,20.66,13,27,2062.16,2057,2067,2045.13,2038,2059,193,0.19968,0.10006,0.03291,0.0266
4129,815868717,32,19.75,14,28,2061.34,2048,2067,2043.75,2040,2050,193,0.19088,0.05794,0.00788,0.0126
4130,815878888,32,20.63,8,33,2061.31,2058,2066,2043.66,2041,2051,193,0.19939,0.05519,0.00696,0.0124
4131,815889052,32,20.38,6,37,2061.5,2050,2073,2044.22,2040,2066,193,0.19697,0.07228,0.01276,0.0168
4132,815899228,32,19.5,12,26,2062.22,2052,2072,2043.97,2032,2067,193,0.18847,0.06465,0.03474,0.0187
4133,815909413,32,20.69,16,52,2062.13,2056,2067,2042.78,2028,2052,193,0.19997,0.02833,0.03199,0.0121
4134,815919659,32,21.13,12,37,2062.41,2058,2074,2043.25,2029,2050,193,0.20422,0.04267,0.04054,0.0170
4135,815929883,32,20.31,11,38,2062.72,2057,2067,2044.59,2037,2054,193,0.19630,0.08358,0.05000,0.0262
4136,815940079,32,21.16,13,28,2061.66,2054,2067,2044.66,2040,2073,193,0.20451,0.08571,0.01764,0.0211
4137,815950291,32,19.94,16,33,2061.63,2058,2066,2043.66,2038,2052,193,0.19272,0.05519,0.01673,0.0139
4138,815960477,32,19.25,4,34,2061.84,2059,2067,2043.66,2037,2069,193,0.18605,0.05519,0.02314,0.0146
4139,815970666,32,20.09,6,26,2062.31,2059,2072,2044.38,2040,2051,193,0.19417,0.07717,0.03748,0.0223
4140,815980908,32,19.59,13,26,2061.34,2053,2067,2042.5,2029,2051,193,0.18934,0.01978,0.00788,0.0052
4141,815991101,32,21.44,17,33,2061.78,2059,2069,2044.09,2039,2053,193,0.20722,0.06831,0.02131,0.0186
4142,816001307,32,19.94,17,27,2062.16,2054,2072,2044.0,2030,2051,193,0.19272,0.06557,0.03291,0.0190
4143,816011476,32,20.91,14,27,2061.16,2045,2066,2044.63,2040,2053,193,0.20210,0.08480,0.00238,0.0176
4144,816021670,32,21.53,16,27,2061.41,2051,2073,2045.19,2036,2052,193,0.20809,0.10189,0.01001,0.0233
4145,816031855,32,20.94,14,32,2061.88,2057,2067,2042.97,2039,2050,193,0.20239,0.03413,0.02436,0.0118
4146,816042053,32,19.47,12,28,2061.06,2037,2067,2044.78,2040,2058,193,0.18818,0.08938,-0.00067,0.0167
4147,816052248,32,19.28,12,25,2061.34,2054,2067,2042.91,2035,2050,193,0.18634,0.03230,0.00788,0.0075
4148,816062438,32,19.31,0,31,2061.25,2057,2067,2044.91,2038,2051,193,0.18663,0.09335,0.00513,0.0184
4149,816072623,32,20.63,17,27,2062.97,2058,2092,2044.0,2022,2064,193,0.19939,0.06557,0.05763,0.0246
4150,816082815,32,20.75,18,32,2061.41,2053,2068,2043.66,2038,2050,193,0.20055,0.05519,0.01001,0.0131
4151,816092999,32,20.63,17,36,2062.34,2053,2067,2043.94,2040,2050,193,0.19939,0.06374,0.03840,0.0204
4152,816103200,32,20.44,11,33,2062.19,2059,2068,2042.81,2038,2052,193,0.19755,0.02924,0.03382,0.0125
4153,816113401,32,21.34,16,35,2061.28,2053,2069,2044.69,2038,2066,193,0.20625,0.08663,0.00604,0.0191
4154,816123615,32,19.91,6,34,2061.97,2051,2069,2043.25,2026,2050,193,0.19243,0.04267,0.02711,0.0134
4155,816133775,32,20.63,18,26,2060.97,2056,2066,2043.22,2029,2051,193,0.19939,0.04176,-0.00342,0.0076
4156,816143960,32,19.88,15,27,2061.91,2044,2071,2043.28,2040,2050,193,0.19214,0.04359,0.02527,0.0132
4157,816154157,32,20.28,16,28,2063.69,2058,2074,2042.88,2030,2049,193,0.19601,0.03138,0.07961,0.0218
4158,816164376,32,20.28,9,26,2061.78,2051,2067,2044.38,2037,2050,193,0.19601,0.07717,0.02131,0.0193
4159,816174599,32,20.0,16,29,2061.19,2058,2068,2043.97,2040,2056,193,0.19330,0.06465,0.00330,0.0131
4160,816184771,32,20.34,14,26,2062.72,2059,2069,2043.59,2037,2050,193,0.19659,0.05305,0.05000,0.0203
4161,816194967,32,20.5,16,26,2062.25,2059,2070,2043.75,2037,2059,193,0.19813,0.05794,0.03565,0.0185
4162,816205100,32,20.38,14,37,2062.91,2060,2086,2044.19,2025,2050,193,0.19697,0.07137,0.05580,0.0250
4163,816215275,32,19.84,10,27,2061.56,2057,2067,2043.91,2037,2052,193,0.19175,0.06282,0.01459,0.0148
4164,816225461,32,21.13,17,29,2061.28,2056,2067,2042.81,2016,2051,193,0.20422,0.02924,0.00604,0.0072
4165,816235657,32,20.94,16,34,2062.75,2050,2075,2044.16,2035,2051,193,0.20239,0.07045,0.05092,0.0246
4166,816245834,32,19.78,16,27,2061.25,2054,2067,2044.13,2038,2051,193,0.19117,0.06954,0.00513,0.0143
4167,816255990,32,20.63,16,26,2060.94,2053,2073,2043.25,2040,2049,193,0.19939,0.04267,-0.00433,0.0076
4168,816266172,32,19.97,4,28,2062.06,2056,2067,2043.13,2040,2050,193,0.19301,0.03901,0.02985,0.0133
4169,816276384,32,20.5,17,30,2062.19,2057,2072,2044.47,2041,2051,193,0.19813,0.07991,0.03382,0.0225
4170,816286574,32,19.34,8,29,2060.69,2048,2074,2042.66,2033,2053,193,0.18692,0.02466,-0.01197,0.0024
4171,816296761,32,20.41,15,32,2061.84,2059,2075,2043.28,2036,2058,193,0.19726,0.04359,0.02314,0.0132
4172,816306961,32,21.06,17,27,2061.69,2048,2067,2043.69,2030,2053,193,0.20354,0.05610,0.01856,0.0152
4173,816317172,32,20.19,11,41,2062.84,2058,2073,2043.94,2037,2053,193,0.19514,0.06374,0.05366,0.0229
4174,816327347,32,21.47,16,30,2061.66,2057,2067,2043.81,2034,2053,193,0.20751,0.05977,0.01764,0.0161
4175,816337540,32,21.34,17,29,2062.09,2057,2069,2045.13,2040,2058,193,0.20625,0.10006,0.03077,0.0270
4176,816347745,32,20.34,14,36,2061.41,2057,2067,2043.41,2041,2052,193,0.19659,0.04756,0.01001,0.0113
4177,816357939,32,19.84,16,25,2061.09,2058,2066,2043.41,2040,2052,193,0.19175,0.04756,0.00024,0.0092
4178,816368142,32,19.47,2,29,2061.5,2054,2067,2043.19,2032,2053,193,0.18818,0.04084,0.01276,0.0101
4179,816378310,32,21.34,17,26,2062.19,2059,2072,2042.59,2036,2051,193,0.20625,0.02253,0.03382,0.0116
4180,816388480,32,18.63,5,27,2061.69,2057,2068,2043.06,2030,2049,193,0.18006,0.03687,0.01856,0.0100
4181,816398662,32,19.66,8,28,2062.41,2058,2067,2043.75,2037,2052,193,0.19001,0.05794,0.04054,0.0187
4182,816408841,32,20.41,17,26,2061.53,2054,2066,2044.69,2039,2063,193,0.19726,0.08663,0.01368,0.0198
4183,816419022,32,20.31,14,27,2061.59,2058,2070,2043.22,2020,2058,193,0.19630,0.04176,0.01551,0.0112
4184,816429244,32,21.19,18,29,2061.78,2058,2066,2044.22,2038,2053,193,0.20480,0.07228,0.02131,0.0192
4185,816439436,32,20.22,16,27,2062.16,2056,2066,2044.28,2036,2076,193,0.19543,0.07411,0.03291,0.0209
4186,816449642,32,20.09,17,26,2061.5,2057,2066,2044.03,2038,2053,193,0.19417,0.06648,0.01276,0.0154
4187,816459820,32,19.84,3,32,2061.75,2057,2069,2044.19,2037,2051,193,0.19175,0.07137,0.02039,0.0176
4188,816469980,32,20.28,12,26,2062.38,2059,2067,2044.03,2037,2069,193,0.19601,0.06648,0.03962,0.0208
4189,816480160,32,19.41,8,28,2061.59,2057,2069,2044.69,2040,2050,193,0.18760,0.08663,0.01551,0.0192
4190,816490381,32,20.59,14,27,2061.78,2057,2067,2042.75,2016,2053,193,0.19900,0.02741,0.02131,0.0097
4191,816500561,32,19.03,3,27,2061.47,2053,2067,2044.16,2036,2062,193,0.18392,0.07045,0.01184,0.0151
4192,816510765,32,20.78,16,32,2061.28,2052,2067,2043.63,2038,2056,193,0.20084,0.05427,0.00604,0.0121
4193,816520992,32,19.31,5,28,2062.06,2059,2072,2043.19,2038,2049,193,0.18663,0.04084,0.02985,0.0132
4194,816531190,32,20.19,15,30,2062.69,2054,2086,2044.16,2038,2052,193,0.19514,0.07045,0.04908,0.0233
4195,816541389,32,19.34,16,26,2061.34,2056,2069,2043.66,2040,2050,193,0.18692,0.05519,0.00788,0.0118
4196,816551598,32,19.66,16,30,2061.28,2054,2069,2043.63,2038,2051,193,0.19001,0.05427,0.00604,0.0115
4197,816561803,32,19.94,16,25,2061.75,2058,2067,2044.13,2040,2058,193,0.19272,0.06954,0.02039,0.0173
4198,816571992,32,20.56,14,26,2060.69,2044,2067,2043.5,2040,2053,193,0.19871,0.05031,-0.01197,0.0076
4199,816582181,32,19.91,17,26,2061.25,2054,2069,2042.44,2030,2050,193,0.19243,0.01795,0.00513,0.0044
4200,816592380,32,19.94,16,26,2061.84,2055,2083,2043.41,2040,2051,193,0.19272,0.04756,0.02314,0.0136
4201,816602586,32,19.56,17,26,2060.94,2040,2068,2046.03,2040,2068,193,0.18905,0.12753,-0.00433,0.0233
4202,816612800,32,20.88,16,35,2061.75,2059,2066,2044.16,2037,2054,193,0.20181,0.07045,0.02039,0.0183
4203,816622967,32,18.91,8,31,2062.0,2054,2067,2044.69,2025,2075,193,0.18277,0.08663,0.02802,0.0210
4204,816633149,32,20.19,11,27,2062.59,2059,2067,2043.5,2017,2065,193,0.19514,0.05031,0.04603,0.0188
4205,816643348,32,20.31,17,38,2061.5,2057,2070,2043.25,2035,2053,193,0.19630,0.04267,0.01276,0.0109
4206,816653508,32,20.19,11,30,2060.75,2048,2067,2043.88,2038,2051,193,0.19514,0.06190,-0.01013,0.0101
4207,816663728,32,20.06,11,30,2061.97,2056,2067,2044.72,2040,2052,193,0.19388,0.08755,0.02711,0.0222
4208,816673950,32,21.16,18,34,2061.59,2058,2073,2042.63,2029,2050,193,0.20451,0.02375,0.01551,0.0080
4209,816684176,32,20.56,14,34,2063.09,2058,2072,2045.31,2039,2072,193,0.19871,0.10556,0.06129,0.0332
4210,816694402,32,21.0,16,28,2062.03,2057,2068,2043.09,2028,2051,193,0.20297,0.03779,0.02894,0.0135
4211,816704605,32,20.81,16,28,2061.41,2056,2068,2043.13,2016,2057,193,0.20113,0.03901,0.01001,0.0099
4212,816714838,32,20.72,16,26,2061.78,2050,2067,2043.59,2037,2053,193,0.20026,0.05305,0.02131,0.0149
4213,816725033,32,21.84,13,46,2061.41,2056,2066,2043.84,2027,2073,193,0.21108,0.06068,0.01001,0.0149
4214,816735219,32,20.69,17,26,2062.25,2051,2073,2044.31,2037,2064,193,0.19997,0.07503,0.03565,0.0221
4215,816745381,32,20.34,12,27,2062.56,2059,2069,2045.5,2040,2056,193,0.19659,0.11136,0.04512,0.0308
4216,816755553,32,18.69,3,27,2063.28,2058,2074,2043.88,2038,2050,193,0.18064,0.06190,0.06709,0.0233
4217,816765744,32,20.34,10,28,2062.41,2058,2069,2043.78,2032,2050,193,0.19659,0.05885,0.04054,0.0195
4218,816775938,32,20.84,15,27,2061.47,2056,2067,2042.59,2022,2051,193,0.20142,0.02253,0.01184,0.0069
4219,816786124,32,19.84,13,27,2062.28,2054,2068,2044.41,2038,2053,193,0.19175,0.07808,0.03657,0.0220
4220,816796310,32,19.59,16,26,2062.25,2058,2068,2042.75,2024,2061,193,0.18934,0.02741,0.03565,0.0119
4221,816806487,32,20.88,14,35,2061.84,2058,2067,2044.09,2038,2079,193,0.20181,0.06831,0.02314,0.0185
4222,816816693,32,19.63,14,45,2061.94,2057,2067,2043.53,2036,2049,193,0.18972,0.05122,0.02619,0.0147
4223,816826864,32,19.41,2,27,2062.47,2049,2067,2044.25,2036,2054,193,0.18760,0.07320,0.04237,0.0217
4224,816837016,32,20.44,13,31,2061.44,2045,2067,2046.38,2034,2067,193,0.19755,0.13822,0.01093,0.0295
4225,816847197,32,19.69,0,26,2062.59,2057,2067,2044.41,2035,2059,193,0.19030,0.07808,0.04603,0.0236
4226,816857384,32,20.53,11,41,2062.75,2057,2078,2044.47,2037,2057,193,0.19842,0.07991,0.05092,0.0260
4227,816867557,32,19.41,14,26,2061.47,2050,2067,2043.19,2032,2050,193,0.18760,0.04084,0.01184,0.0099
4228,816877772,32,19.88,4,30,2061.44,2041,2076,2043.78,2027,2051,193,0.19214,0.05885,0.01093,0.0134
4229,816887965,32,19.47,2,33,2061.63,2049,2068,2042.94,2036,2053,193,0.18818,0.03321,0.01673,0.0094
4230,816898172,32,21.91,17,31,2062.44,2055,2069,2044.25,2039,2054,193,0.21176,0.07320,0.04145,0.0243
4231,816908367,32,21.16,9,52,2061.63,2057,2070,2044.06,2040,2049,193,0.20451,0.06740,0.01673,0.0172
4232,816918589,32,20.75,16,33,2062.0,2058,2073,2043.25,2021,2053,193,0.20055,0.04267,0.02802,0.0142
4233,816928674,32,19.75,0,27,2062.63,2048,2070,2044.31,2036,2053,193,0.19088,0.07503,0.04725,0.0233
4234,816938882,32,20.56,16,28,2061.31,2048,2066,2044.16,2034,2075,193,0.19871,0.07045,0.00696,0.0154
4235,816949084,32,20.31,14,31,2062.25,2058,2068,2043.78,2040,2051,193,0.19630,0.05885,0.03565,0.0186
4236,816959260,32,20.34,10,28,2061.84,2059,2067,2045.75,2038,2070,193,0.19659,0.11899,0.02314,0.0279
4237,816969447,32,21.06,12,33,2061.31,2057,2068,2043.38,2040,2051,193,0.20354,0.04664,0.00696,0.0109
4238,816979644,32,19.53,14,26,2062.25,2056,2080,2043.75,2038,2050,193,0.18876,0.05794,0.03565,0.0177
4239,816989813,32,21.06,17,27,2061.06,2054,2066,2043.5,2024,2052,193,0.20354,0.05031,-0.00067,0.0101
4240,817000018,32,19.59,10,28,2062.16,2052,2070,2043.53,2037,2050,193,0.18934,0.05122,0.03291,0.0159
4241,817010207,32,20.22,14,26,2063.38,2058,2077,2044.69,2038,2050,193,0.19543,0.08663,0.07015,0.0306
4242,817020395,32,20.13,12,26,2062.09,2056,2069,2042.66,2030,2051,193,0.19456,0.02466,0.03077,0.0108
4243,817030612,32,21.31,11,27,2062.38,2058,2075,2042.97,2021,2062,193,0.20596,0.03413,0.03962,0.0152
4244,817040791,32,20.28,12,28,2061.97,2059,2073,2042.91,2031,2051,193,0.19601,0.03230,0.02711,0.0116
4245,817050966,32,20.38,14,26,2061.81,2057,2069,2044.38,2035,2056,193,0.19697,0.07717,0.02222,0.0196
4246,817061165,32,21.09,16,26,2061.44,2058,2067,2043.16,2030,2050,193,0.20383,0.03993,0.01093,0.0104
4247,817071375,32,21.06,14,42,2061.75,2056,2076,2044.25,2037,2053,193,0.20354,0.07320,0.02039,0.0190
4248,817081546,32,20.06,16,32,2062.53,2053,2073,2044.06,2037,2049,193,0.19388,0.06740,0.04420,0.0216
4249,817091747,32,20.47,13,42,2062.06,2057,2076,2043.28,2040,2051,193,0.19784,0.04359,0.02985,0.0145
4250,817101944,32,19.78,12,25,2062.19,2057,2067,2043.53,2038,2050,193,0.19117,0.05122,0.03382,0.0163
4251,817112160,32,18.75,4,31,2062.34,2058,2068,2043.94,2038,2050,193,0.18122,0.06374,0.03840,0.0185
4252,817122338,32,20.19,9,28,2062.91,2059,2073,2044.25,2040,2059,193,0.19514,0.07320,0.05580,0.0252
4253,817132515,32,19.94,16,30,2061.91,2053,2080,2043.34,2040,2051,193,0.19272,0.04542,0.02527,0.0136
4254,817142733,32,20.91,9,38,2061.09,2053,2067,2043.25,2034,2051,193,0.20210,0.04267,0.00024,0.0087
4255,817152925,32,20.75,15,28,2061.84,2054,2068,2043.63,2036,2075,193,0.20055,0.05427,0.02314,0.0155
4256,817163138,32,18.75,1,26,2062.16,2059,2067,2044.69,2037,2056,193,0.18122,0.08663,0.03291,0.0217
4257,817173292,32,20.44,14,30,2062.0,2059,2067,2042.56,2036,2050,193,0.19755,0.02161,0.02802,0.0098
4258,817183424,32,21.25,13,31,2062.13,2058,2067,2044.47,2023,2070,193,0.20538,0.07991,0.03199,0.0230
4259,817193670,32,20.53,0,28,2062.09,2058,2068,2042.72,2029,2051,193,0.19842,0.02650,0.03077,0.0114
4260,817203870,32,20.0,16,26,2062.13,2051,2078,2045.47,2037,2052,193,0.19330,0.11044,0.03199,0.0275
4261,817214051,32,18.84,7,25,2062.31,2054,2069,2044.84,2040,2051,193,0.18209,0.09121,0.03748,0.0234
4262,817224234,32,20.5,18,26,2061.28,2045,2068,2043.97,2037,2054,193,0.19813,0.06465,0.00604,0.0140
4263,817234429,32,19.63,4,34,2062.75,2059,2073,2044.34,2031,2052,193,0.18972,0.07595,0.05092,0.0241
4264,817244598,32,20.22,16,26,2062.19,2053,2078,2043.97,2040,2049,193,0.19543,0.06465,0.03382,0.0192
4265,817254789,32,20.34,16,26,2062.59,2058,2068,2043.78,2037,2050,193,0.19659,0.05885,0.04603,0.0206
4266,817264948,32,21.16,15,28,2061.88,2058,2074,2042.91,2032,2051,193,0.20451,0.03230,0.02436,0.0116
4267,817275180,32,21.0,17,26,2061.94,2051,2069,2043.78,2040,2051,193,0.20297,0.05885,0.02619,0.0173
4268,817285365,32,20.47,14,26,2062.72,2057,2068,2043.19,2035,2051,193,0.19784,0.04084,0.05000,0.0180
4269,817295566,32,20.66,16,26,2062.09,2058,2077,2043.47,2036,2051,193,0.19968,0.04939,0.03077,0.0160
4270,817305763,32,19.88,3,28,2061.81,2051,2069,2044.19,2037,2051,193,0.19214,0.07137,0.02222,0.0180
4271,817315962,32,20.28,14,28,2061.13,2053,2067,2044.0,2039,2050,193,0.19601,0.06557,0.00147,0.0131
4272,817326139,32,19.91,15,28,2062.41,2057,2066,2043.5,2037,2051,193,0.19243,0.05031,0.04054,0.0175
4273,817336331,32,21.19,12,43,2061.75,2058,2072,2043.28,2036,2051,193,0.20480,0.04359,0.02039,0.0131
4274,817346510,32,20.25,14,27,2061.88,2053,2069,2043.47,2020,2053,193,0.19572,0.04939,0.02436,0.0144
4275,817356702,32,20.0,2,27,2061.78,2057,2074,2044.31,2040,2052,193,0.19330,0.07503,0.02131,0.0186
4276,817366903,32,20.34,10,27,2062.06,2059,2067,2043.66,2028,2050,193,0.19659,0.05519,0.02985,0.0167
4277,817377110,32,20.19,12,26,2061.88,2059,2068,2043.41,2040,2057,193,0.19514,0.04756,0.02436,0.0140
4278,817387350,32,20.84,17,32,2062.34,2056,2067,2044.0,2035,2050,193,0.20142,0.06557,0.03840,0.0209
4279,817397511,32,21.22,14,33,2060.38,2050,2066,2043.13,2037,2051,193,0.20509,0.03901,-0.02143,0.0036
4280,817407711,32,20.5,13,29,2062.06,2054,2069,2043.44,2030,2050,193,0.19813,0.04847,0.02985,0.0155
4281,817417891,32,20.91,16,28,2061.66,2059,2067,2044.56,2040,2052,193,0.20210,0.08266,0.01764,0.0203
4282,817428109,32,21.28,18,26,2062.16,2058,2067,2044.44,2040,2051,193,0.20567,0.07900,0.03291,0.0230
4283,817443898,32,19.66,16,27,2062.13,2059,2067,2043.97,2037,2049,193,0.19001,0.06465,0.03199,0.0184
4284,817454159,32,21.91,16,47,2061.88,2058,2072,2043.56,2040,2051,193,0.21176,0.05214,0.02436,0.0162
4285,817464387,32,19.28,8,26,2060.91,2056,2067,2043.06,2033,2050,193,0.18634,0.03687,-0.00525,0.0059
4286,817474620,32,19.78,16,25,2061.53,2058,2067,2042.84,2024,2057,193,0.19117,0.03016,0.01368,0.0084
4287,817484824,32,20.38,14,32,2061.5,2059,2068,2043.63,2040,2051,193,0.19697,0.05427,0.01276,0.0132
4288,817494994,32,19.53,16,25,2061.81,2057,2069,2043.69,2035,2051,193,0.18876,0.05610,0.02222,0.0148
4289,817505174,32,21.22,17,28,2061.53,2052,2069,2044.44,2033,2061,193,0.20509,0.07900,0.01368,0.0190
4290,817515385,32,20.81,9,27,2061.75,2041,2075,2042.63,2030,2049,193,0.20113,0.02375,0.02039,0.0089
4291,817525589,32,20.28,17,26,2062.47,2051,2070,2043.94,2040,2050,193,0.19601,0.06374,0.04237,0.0208
4292,817535794,32,19.5,10,26,2061.63,2053,2080,2042.69,2031,2051,193,0.18847,0.02558,0.01673,0.0080
4293,817545982,32,20.31,17,26,2061.53,2051,2072,2044.25,2040,2050,193,0.19630,0.07320,0.01368,0.0171
4294,817556146,32,21.22,14,26,2060.94,2056,2067,2042.91,2033,2050,193,0.20509,0.03230,-0.00433,0.0057
4295,817566375,32,20.59,16,29,2061.94,2056,2067,2043.53,2032,2051,193,0.19900,0.05122,0.02619,0.0154
4296,817576589,32,20.63,16,30,2060.88,2053,2066,2042.53,2029,2051,193,0.19939,0.02070,-0.00617,0.0029
4297,817586780,32,18.72,10,26,2062.41,2059,2067,2043.22,2035,2051,193,0.18093,0.04176,0.04054,0.0149
4298,817596981,32,19.0,0,31,2061.5,2053,2072,2043.75,2038,2050,193,0.18363,0.05794,0.01276,0.0130
4299,817607126,32,20.78,14,30,2061.94,2057,2067,2044.13,2020,2054,193,0.20084,0.06954,0.02619,0.0192
4300,817617321,32,20.25,15,28,2062.06,2056,2067,2043.72,2040,2050,193,0.19572,0.05702,0.02985,0.0170
4301,817627529,32,20.66,13,37,2061.88,2059,2067,2043.56,2033,2050,193,0.19968,0.05214,0.02436,0.0153
4302,817637740,32,20.53,11,34,2062.13,2057,2081,2043.09,2036,2052,193,0.19842,0.03779,0.03199,0.0138
4303,817647963,32,20.38,12,26,2060.53,2042,2066,2044.88,2040,2053,193,0.19697,0.09243,-0.01685,0.0149
4304,817658177,32,20.97,14,34,2062.03,2057,2075,2043.03,2025,2053,193,0.20268,0.03596,0.02894,0.0132
4305,817668379,32,19.34,14,26,2062.41,2053,2068,2043.97,2038,2052,193,0.18692,0.06465,0.04054,0.0197
4306,817678564,32,21.06,14,27,2061.09,2048,2067,2042.94,2014,2057,193,0.20354,0.03321,0.00024,0.0068
4307,817688782,32,20.41,16,33,2061.22,2053,2067,2044.31,2039,2053,193,0.19726,0.07503,0.00421,0.0156
4308,817698981,32,20.72,14,33,2062.31,2058,2070,2043.84,2027,2053,193,0.20026,0.06068,0.03748,0.0197
4309,817709231,32,19.5,5,32,2061.72,2050,2072,2045.16,2039,2057,193,0.18847,0.10098,0.01947,0.0227
4310,817719406,32,20.06,16,26,2062.63,2057,2068,2043.53,2029,2051,193,0.19388,0.05122,0.04725,0.0191
4311,817729573,32,20.34,14,28,2061.81,2059,2070,2043.47,2038,2050,193,0.19659,0.04939,0.02222,0.0141
4312,817739753,32,21.13,14,30,2062.19,2058,2068,2044.09,2035,2051,193,0.20422,0.06831,0.03382,0.0209
4313,817749975,32,20.13,17,28,2060.5,2036,2073,2044.0,2033,2050,193,0.19456,0.06557,-0.01777,0.0093
4314,817760102,32,19.31,6,32,2062.03,2059,2067,2043.06,2031,2050,193,0.18663,0.03687,0.02894,0.0123
4315,817770302,32,19.88,14,26,2062.31,2059,2081,2044.03,2030,2067,193,0.19214,0.06648,0.03748,0.0200
4316,817780513,32,19.69,11,29,2061.75,2058,2074,2043.75,2025,2059,193,0.19030,0.05794,0.02039,0.0149
4317,817790684,32,20.47,17,26,2062.03,2058,2067,2043.56,2029,2053,193,0.19784,0.05214,0.02894,0.0160
4318,817800899,32,19.66,14,26,2061.41,2057,2068,2044.75,2040,2056,193,0.19001,0.08846,0.01001,0.0187
4319,817811082,32,19.38,7,26,2061.88,2056,2081,2045.44,2040,2058,193,0.18731,0.10952,0.02436,0.0251
4320,817821254,32,20.53,14,27,2062.19,2051,2068,2044.34,2037,2051,193,0.19842,0.07595,0.03382,0.0218
4321,817831435,32,20.03,16,28,2061.38,2053,2068,2043.22,2035,2050,193,0.19359,0.04176,0.00910,0.0098
4322,817841630,32,21.09,16,28,2061.28,2054,2067,2043.56,2036,2050,193,0.20383,0.05214,0.00604,0.0119
4323,817851833,32,20.72,9,31,2061.16,2049,2070,2042.66,2028,2054,193,0.20026,0.02466,0.00238,0.0054
4324,817862038,32,19.91,14,25,2061.81,2051,2069,2042.66,2033,2049,193,0.19243,0.02466,0.02222,0.0090
4325,817872279,32,19.69,10,29,2061.63,2056,2068,2043.56,2037,2054,193,0.19030,0.05214,0.01673,0.0131
4326,817882469,32,20.84,0,37,2061.22,2056,2067,2043.44,2039,2051,193,0.20142,0.04847,0.00421,0.0106
4327,817892672,32,19.69,16,26,2062.63,2057,2066,2043.13,2035,2051,193,0.19030,0.03901,0.04725,0.0164
4328,817902860,32,20.63,15,30,2062.0,2057,2067,2044.72,2040,2056,193,0.19939,0.08755,0.02802,0.0230
4329,817913032,32,20.91,13,30,2061.94,2056,2068,2042.88,2030,2050,193,0.20210,0.03138,0.02619,0.0116
4330,817923229,32,21.41,17,33,2062.47,2059,2067,2044.25,2034,2065,193,0.20693,0.07320,0.04237,0.0239
4331,817933425,32,21.28,16,45,2061.53,2057,2069,2043.28,2040,2050,193,0.20567,0.04359,0.01368,0.0118
4332,817943625,32,20.53,17,28,2062.28,2056,2073,2043.81,2029,2052,193,0.19842,0.05977,0.03657,0.0191
4333,817953814,32,20.41,4,32,2061.41,2052,2067,2042.59,2035,2050,193,0.19726,0.02253,0.01001,0.0064
4334,817964053,32,20.5,17,26,2062.09,2053,2083,2044.06,2036,2056,193,0.19813,0.06740,0.03077,0.0195
4335,817974224,32,20.56,17,26,2062.19,2057,2066,2042.47,2027,2049,193,0.19871,0.01886,0.03382,0.0105
4336,817984405,32,19.97,16,34,2061.22,2058,2067,2042.34,2036,2050,193,0.19301,0.01490,0.00421,0.0037
4337,817994605,32,20.06,9,26,2061.53,2056,2070,2042.84,2038,2052,193,0.19388,0.03016,0.01368,0.0085
4338,818004788,32,20.47,13,30,2061.69,2052,2069,2044.75,2036,2067,193,0.19784,0.08846,0.01856,0.0212
4339,818014964,32,20.31,13,27,2061.66,2056,2068,2042.81,2031,2052,193,0.19630,0.02924,0.01764,0.0092
4340,818025141,32,21.09,16,30,2061.16,2059,2066,2042.66,2031,2050,193,0.20383,0.02466,0.00238,0.0055
4341,818035353,32,20.03,15,32,2062.44,2052,2068,2043.97,2040,2051,193,0.19359,0.06465,0.04145,0.0205
4342,818045564,32,19.91,15,29,2061.22,2049,2067,2043.88,2038,2064,193,0.19243,0.06190,0.00421,0.0127
4343,818055740,32,19.78,10,25,2061.66,2050,2067,2043.94,2035,2051,193,0.19117,0.06374,0.01764,0.0156
4344,818065927,32,20.38,11,27,2061.38,2052,2068,2043.09,2024,2050,193,0.19697,0.03779,0.00910,0.0092
4345,818076135,32,20.59,9,43,2060.97,2053,2068,2043.34,2038,2051,193,0.19900,0.04542,-0.00342,0.0084
4346,818086336,32,20.38,17,26,2062.22,2058,2067,2044.69,2035,2070,193,0.19697,0.08663,0.03474,0.0239
4347,818096526,32,20.13,13,42,2061.09,2054,2068,2044.0,2035,2053,193,0.19456,0.06557,0.00024,0.0128
4348,818106720,32,21.09,14,56,2062.25,2056,2077,2042.47,2022,2050,193,0.20383,0.01886,0.03565,0.0111
4349,818116915,32,20.28,18,32,2061.84,2049,2070,2043.5,2038,2050,193,0.19601,0.05031,0.02314,0.0144
4350,818127084,32,19.75,8,40,2061.22,2051,2069,2043.44,2038,2058,193,0.19088,0.04847,0.00421,0.0101
4351,818137271,32,20.34,14,26,2061.69,2058,2073,2044.09,2028,2060,193,0.19659,0.06831,0.01856,0.0171
4352,818147459,32,21.16,14,33,2062.31,2058,2070,2044.59,2037,2056,193,0.20451,0.08358,0.03748,0.0248
4353,818157651,32,19.97,9,32,2060.94,2057,2066,2043.59,2038,2065,193,0.19301,0.05305,-0.00433,0.0094
4354,818167883,32,20.53,12,29,2062.63,2058,2073,2043.75,2037,2053,193,0.19842,0.05794,0.04725,0.0209
4355,818178079,32,19.22,6,26,2062.25,2057,2069,2044.41,2037,2052,193,0.18576,0.07808,0.03565,0.0211
4356,818188238,32,18.25,9,26,2061.34,2058,2067,2044.38,2030,2055,193,0.17639,0.07717,0.00788,0.0150
4357,818198423,32,19.84,14,29,2061.19,2056,2067,2044.81,2040,2051,193,0.19175,0.09029,0.00330,0.0179
4358,818208617,32,19.28,6,27,2061.81,2058,2070,2042.97,2032,2051,193,0.18634,0.03413,0.02222,0.0105
4359,818218832,32,20.66,10,39,2061.72,2058,2069,2042.09,2035,2050,193,0.19968,0.00726,0.01947,0.0053
4360,818229038,32,20.06,16,27,2063.5,2059,2082,2044.81,2040,2067,193,0.19388,0.09029,0.07381,0.0318
4361,818239192,32,20.78,11,30,2062.59,2053,2075,2043.25,2022,2052,193,0.20084,0.04267,0.04603,0.0178
4362,818249369,32,21.41,16,30,2061.31,2053,2067,2042.91,2033,2049,193,0.20693,0.03230,0.00696,0.0081
4363,818259556,32,20.84,17,33,2061.84,2057,2067,2044.47,2038,2053,193,0.20142,0.07991,0.02314,0.0208
4364,818269758,32,19.94,15,26,2061.66,2052,2067,2042.78,2029,2054,193,0.19272,0.02833,0.01764,0.0089
4365,818279983,32,21.63,13,37,2061.59,2057,2067,2044.22,2033,2054,193,0.20905,0.07228,0.01551,0.0184
4366,818290170,32,20.53,16,32,2061.66,2053,2066,2043.44,2018,2051,193,0.19842,0.04847,0.01764,0.0131
4367,818300336,32,20.97,16,27,2061.66,2057,2070,2043.47,2032,2051,193,0.20268,0.04939,0.01764,0.0136
4368,818310545,32,20.59,12,30,2062.03,2056,2067,2043.97,2038,2052,193,0.19900,0.06465,0.02894,0.0186
4369,818320770,32,20.75,17,26,2061.06,2052,2068,2042.28,2029,2050,193,0.20055,0.01306,-0.00067,0.0025
4370,818330965,32,19.97,9,27,2060.81,2053,2067,2043.88,2038,2050,193,0.19301,0.06190,-0.00830,0.0103
4371,818341179,32,19.13,16,25,2062.16,2049,2075,2043.94,2037,2050,193,0.18489,0.06374,0.03291,0.0179
4372,818351364,32,20.59,11,36,2061.97,2058,2067,2044.19,2029,2060,193,0.19900,0.07137,0.02711,0.0196
4373,818361582,32,21.09,0,36,2060.22,2044,2067,2043.03,2035,2051,193,0.20383,0.03596,-0.02631,0.0020
4374,818371780,32,19.41,11,25,2060.81,2049,2067,2044.16,2038,2058,193,0.18760,0.07045,-0.00830,0.0117
4375,818381982,32,19.88,2,27,2061.94,2059,2067,2042.94,2018,2051,193,0.19214,0.03321,0.02619,0.0114
4376,818392181,32,20.22,16,33,2061.91,2059,2067,2042.44,2011,2051,193,0.19543,0.01795,0.02527,0.0084
4377,818402387,32,20.06,13,35,2061.88,2059,2066,2044.09,2040,2052,193,0.19388,0.06831,0.02436,0.0180
4378,818412593,32,20.5,14,28,2062.31,2057,2080,2042.69,2040,2050,193,0.19813,0.02558,0.03748,0.0125
4379,818422760,32,20.72,8,34,2061.53,2056,2069,2045.31,2041,2058,193,0.20026,0.10556,0.01368,0.0239
4380,818432949,32,19.41,10,28,2061.47,2056,2067,2044.34,2040,2054,193,0.18760,0.07595,0.01184,0.0165
4381,818443141,32,20.44,16,27,2061.56,2053,2067,2043.66,2037,2054,193,0.19755,0.05519,0.01459,0.0138
4382,818453350,32,20.91,17,28,2060.72,2059,2066,2043.59,2038,2069,193,0.20210,0.05305,-0.01105,0.0085
4383,818463579,32,20.47,16,26,2060.94,2054,2067,2042.56,2018,2050,193,0.19784,0.02161,-0.00433,0.0034
4384,818473818,32,20.97,17,32,2061.94,2058,2067,2043.94,2038,2062,193,0.20268,0.06374,0.02619,0.0182
4385,818484000,32,19.28,10,26,2061.31,2050,2066,2044.5,2040,2050,193,0.18634,0.08083,0.00696,0.0164
4386,818494165,32,19.31,10,27,2061.56,2058,2067,2043.88,2036,2058,193,0.18663,0.06190,0.01459,0.0143
4387,818504363,32,20.97,13,30,2062.25,2053,2077,2042.22,2018,2056,193,0.20268,0.01123,0.03565,0.0095
4388,818514532,32,20.66,12,29,2062.72,2059,2069,2043.66,2035,2062,193,0.19968,0.05519,0.05000,0.0210
4389,818524730,32,22.03,16,37,2061.94,2056,2068,2042.84,2028,2052,193,0.21292,0.03016,0.02619,0.0120
4390,818534940,32,20.88,14,27,2062.84,2044,2089,2045.44,2040,2066,193,0.20181,0.10952,0.05366,0.0329
4391,818545121,32,22.06,16,30,2061.59,2052,2068,2044.28,2040,2050,193,0.21321,0.07411,0.01551,0.0191
4392,818555305,32,20.13,11,37,2062.19,2058,2067,2044.03,2040,2052,193,0.19456,0.06648,0.03382,0.0195
4393,818565540,32,21.34,6,35,2061.91,2058,2069,2044.75,2028,2051,193,0.20625,0.08846,0.02527,0.0235
4394,818575723,32,19.88,17,31,2062.31,2056,2068,2043.88,2022,2056,193,0.19214,0.06190,0.03748,0.0191
4395,818585933,32,21.28,16,26,2061.19,2057,2066,2043.19,2033,2049,193,0.20567,0.04084,0.00330,0.0091
4396,818596108,32,21.03,14,30,2062.38,2057,2075,2044.47,2037,2057,193,0.20325,0.07991,0.03962,0.0243
4397,818606311,32,20.34,14,27,2061.13,2045,2067,2043.25,2038,2050,193,0.19659,0.04267,0.00147,0.0087
4398,818616494,32,20.38,14,28,2062.09,2056,2073,2043.09,2033,2050,193,0.19697,0.03779,0.03077,0.0135
4399,818626676,32,20.78,12,27,2062.59,2057,2067,2044.25,2035,2070,193,0.20084,0.07320,0.04603,0.0239
4400,818636831,32,20.5,16,41,2061.59,2051,2072,2043.72,2034,2051,193,0.19813,0.05702,0.01551,0.0144
4401,818647007,32,19.38,8,26,2061.63,2050,2069,2044.91,2040,2074,193,0.18731,0.09335,0.01673,0.0206
4402,818657191,32,20.38,3,31,2060.97,2054,2068,2043.5,2037,2050,193,0.19697,0.05031,-0.00342,0.0092
4403,818667363,32,20.56,13,26,2061.63,2057,2067,2044.06,2040,2051,193,0.19871,0.06740,0.01673,0.0167
4404,818677570,32,20.47,2,29,2062.09,2050,2074,2042.91,2028,2050,193,0.19784,0.03230,0.03077,0.0125
4405,818687791,32,19.97,16,28,2061.84,2057,2067,2043.75,2039,2051,193,0.19301,0.05794,0.02314,0.0156
4406,818697949,32,19.97,14,26,2063.06,2058,2080,2044.81,2040,2050,193,0.19301,0.09029,0.06038,0.0291
4407,818708125,32,19.94,13,27,2061.81,2048,2068,2044.81,2040,2062,193,0.19272,0.09029,0.02222,0.0217
4408,818718345,32,19.84,9,26,2060.38,2049,2067,2042.56,2027,2051,193,0.19175,0.02161,-0.02143,0.0000
4409,818728598,32,21.16,14,26,2062.38,2059,2070,2044.56,2040,2050,193,0.20451,0.08266,0.03962,0.0250
4410,818738813,32,20.06,8,28,2061.03,2048,2067,2043.59,2040,2050,193,0.19388,0.05305,-0.00159,0.0100
4411,818749015,32,20.53,15,27,2061.5,2056,2069,2043.66,2020,2050,193,0.19842,0.05519,0.01276,0.0135
4412,818759174,32,19.47,5,46,2061.56,2053,2067,2044.72,2026,2051,193,0.18818,0.08755,0.01459,0.0192
4413,818769346,32,21.59,12,51,2061.91,2059,2069,2044.81,2036,2077,193,0.20867,0.09029,0.02527,0.0241
4414,818779552,32,19.91,5,26,2062.66,2058,2068,2043.53,2035,2051,193,0.19243,0.05122,0.04817,0.0191
4415,818789809,32,20.91,12,32,2062.59,2058,2074,2044.44,2032,2072,193,0.20210,0.07900,0.04603,0.0253
4416,818799988,32,20.84,16,40,2061.09,2058,2067,2044.0,2035,2054,193,0.20142,0.06557,0.00024,0.0133
4417,818810165,32,20.19,11,27,2062.06,2058,2067,2043.59,2037,2059,193,0.19514,0.05305,0.02985,0.0162
4418,818820396,32,20.94,13,27,2062.59,2058,2067,2044.28,2037,2061,193,0.20239,0.07411,0.04603,0.0243
4419,818830612,32,20.34,12,27,2061.56,2057,2066,2042.0,2034,2050,193,0.19659,0.00452,0.01459,0.0038
4420,818840811,32,19.5,12,25,2061.31,2057,2068,2044.69,2037,2058,193,0.18847,0.08663,0.00696,0.0176
4421,818850995,32,20.47,2,40,2061.63,2052,2068,2044.69,2038,2051,193,0.19784,0.08663,0.01673,0.0204
4422,818861191,32,21.41,17,34,2062.16,2058,2067,2044.16,2037,2060,193,0.20693,0.07045,0.03291,0.0214
4423,818871399,32,19.81,16,26,2062.03,2054,2069,2043.34,2036,2050,193,0.19146,0.04542,0.02894,0.0142
4424,818881618,32,20.97,17,30,2061.78,2057,2067,2043.09,2037,2062,193,0.20268,0.03779,0.02131,0.0120
4425,818891815,32,21.0,17,38,2062.41,2059,2067,2044.63,2032,2051,193,0.20297,0.08480,0.04054,0.0254
4426,818902010,32,21.44,14,30,2062.19,2058,2077,2043.78,2037,2050,193,0.20722,0.05885,0.03382,0.0192
4427,818912204,32,20.5,16,26,2062.41,2058,2067,2043.34,2038,2051,193,0.19813,0.04542,0.04054,0.0170
4428,818922374,32,20.31,15,40,2061.75,2052,2068,2043.97,2035,2065,193,0.19630,0.06465,0.02039,0.0167
4429,818932555,32,21.97,17,33,2061.78,2051,2075,2042.69,2035,2050,193,0.21234,0.02558,0.02131,0.0100
4430,818942739,32,20.31,3,27,2061.53,2049,2067,2043.91,2040,2051,193,0.19630,0.06282,0.01368,0.0150
4431,818952927,32,21.5,10,31,2062.25,2057,2072,2043.75,2035,2053,193,0.20780,0.05794,0.03565,0.0194
4432,818963056,32,19.38,14,28,2061.53,2059,2067,2043.91,2037,2058,193,0.18731,0.06282,0.01368,0.0143
4433,818973219,32,19.84,13,28,2062.22,2058,2067,2043.63,2038,2050,193,0.19175,0.05427,0.03474,0.0171
4434,818983457,32,20.88,13,26,2062.19,2058,2069,2043.5,2040,2049,193,0.20181,0.05031,0.03382,0.0170
4435,818993652,32,20.5,17,27,2061.53,2058,2069,2043.38,2032,2051,193,0.19813,0.04664,0.01368,0.0120
4436,819003841,32,18.84,6,25,2062.09,2057,2070,2043.13,2030,2050,193,0.18209,0.03901,0.03077,0.0127
4437,819014041,32,20.47,14,36,2061.34,2057,2067,2044.09,2038,2053,193,0.19784,0.06831,0.00788,0.0151
4438,819024233,32,20.31,12,26,2061.75,2053,2073,2044.13,2040,2057,193,0.19630,0.06954,0.02039,0.0177
4439,819034434,32,19.47,13,28,2061.06,2052,2069,2043.59,2038,2050,193,0.18818,0.05305,-0.00067,0.0099
4440,819044621,32,19.13,13,28,2062.28,2056,2069,2044.5,2038,2051,193,0.18489,0.08083,0.03657,0.0217
4441,819054775,32,19.66,0,28,2063.0,2059,2073,2042.56,2037,2050,193,0.19001,0.02161,0.05855,0.0152
4442,819064929,32,20.06,13,29,2061.41,2058,2066,2043.53,2029,2067,193,0.19388,0.05122,0.01001,0.0119
4443,819075122,32,20.72,15,42,2060.19,2045,2068,2041.69,2020,2052,193,0.20026,-0.00495,-0.02723,-0.0064
4444,819085311,32,21.13,13,41,2062.63,2058,2070,2043.25,2018,2053,193,0.20422,0.04267,0.04725,0.0184
4445,819095495,32,20.63,4,30,2062.56,2057,2070,2044.22,2039,2052,193,0.19939,0.07228,0.04512,0.0234
4446,819105699,32,18.97,1,26,2062.03,2051,2075,2043.69,2035,2050,193,0.18335,0.05610,0.02894,0.0156
4447,819115888,32,19.53,14,30,2061.41,2057,2066,2043.38,2037,2050,193,0.18876,0.04664,0.01001,0.0107
4448,819126069,32,21.34,16,28,2061.38,2056,2070,2043.09,2026,2059,193,0.20625,0.03779,0.00910,0.0097
4449,819136259,32,20.28,13,26,2061.94,2054,2067,2044.16,2034,2050,193,0.19601,0.07045,0.02619,0.0189
4450,819146456,32,19.25,5,27,2062.03,2058,2067,2043.5,2038,2052,193,0.18605,0.05031,0.02894,0.0147
4451,819156621,32,20.56,15,28,2062.47,2058,2070,2044.09,2028,2065,193,0.19871,0.06831,0.04237,0.0220
4452,819166840,32,20.44,15,28,2061.44,2057,2067,2043.19,2034,2058,193,0.19755,0.04084,0.01093,0.0102
4453,819177059,32,20.41,17,26,2061.81,2056,2067,2043.66,2028,2052,193,0.19726,0.05519,0.02222,0.0153
4454,819187262,32,20.31,14,32,2061.84,2048,2076,2045.5,2039,2064,193,0.19630,0.11136,0.02314,0.0264
4455,819197444,32,20.97,17,26,2061.06,2053,2066,2044.13,2028,2051,193,0.20268,0.06954,-0.00067,0.0140
4456,819207652,32,20.34,15,28,2061.72,2056,2067,2043.88,2037,2051,193,0.19659,0.06190,0.01947,0.0160
4457,819217855,32,20.97,16,33,2061.78,2052,2067,2044.69,2034,2065,193,0.20268,0.08663,0.02131,0.0219
4458,819228067,32,19.91,10,37,2062.06,2059,2070,2045.66,2036,2061,193,0.19243,0.11624,0.02985,0.0281
4459,819238275,32,20.91,17,32,2062.5,2059,2067,2043.41,2037,2058,193,0.20210,0.04756,0.04328,0.0184
4460,819248481,32,20.78,4,28,2061.19,2053,2066,2042.09,2028,2050,193,0.20084,0.00726,0.00330,0.0021
4461,819258681,32,20.63,0,26,2062.34,2059,2067,2044.03,2040,2062,193,0.19939,0.06648,0.03840,0.0209
4462,819268866,32,19.75,8,26,2061.94,2058,2067,2042.31,2029,2050,193,0.19088,0.01398,0.02619,0.0077
4463,819279046,32,19.44,14,27,2061.13,2057,2066,2042.72,2011,2054,193,0.18789,0.02650,0.00147,0.0053
4464,819289230,32,20.91,17,26,2061.31,2054,2067,2043.0,2035,2051,193,0.20210,0.03504,0.00696,0.0085
4465,819299392,32,21.0,16,26,2062.19,2056,2068,2045.22,2038,2063,193,0.20297,0.10281,0.03382,0.0277
4466,819309583,32,20.78,16,28,2062.28,2052,2067,2044.47,2035,2064,193,0.20084,0.07991,0.03657,0.0234
4467,819319784,32,20.56,9,34,2061.5,2059,2069,2043.03,2040,2049,193,0.19871,0.03596,0.01276,0.0097
4468,819329951,32,20.88,17,28,2063.44,2056,2082,2044.75,2038,2051,193,0.20181,0.08846,0.07198,0.0324
4469,819340131,32,19.81,16,28,2061.94,2059,2067,2043.66,2037,2059,193,0.19146,0.05519,0.02619,0.0156
4470,819350338,32,20.25,15,28,2062.41,2058,2069,2044.97,2038,2056,193,0.19572,0.09518,0.04054,0.0266
4471,819360491,32,20.59,16,30,2062.03,2059,2067,2045.63,2040,2059,193,0.19900,0.11532,0.02894,0.0287
4472,819370696,32,19.66,15,28,2061.59,2054,2072,2045.75,2040,2051,193,0.19001,0.11899,0.01551,0.0256
4473,819380908,32,19.47,2,26,2061.5,2057,2066,2043.84,2040,2050,193,0.18818,0.06068,0.01276,0.0138
4474,819391072,32,19.91,11,26,2061.38,2054,2067,2043.06,2035,2051,193,0.19243,0.03687,0.00910,0.0088
4475,819401264,32,20.03,16,34,2062.19,2054,2067,2043.94,2040,2050,193,0.19359,0.06374,0.03382,0.0189
4476,819411476,32,21.81,15,28,2061.75,2057,2066,2045.53,2041,2062,193,0.21079,0.11227,0.02039,0.0280
4477,819421654,32,19.53,15,26,2061.34,2054,2066,2044.47,2018,2074,193,0.18876,0.07991,0.00788,0.0166
4478,819431827,32,21.25,18,37,2062.59,2043,2069,2046.44,2041,2062,193,0.20538,0.14005,0.04603,0.0382
4479,819442002,32,20.88,13,27,2062.16,2059,2072,2043.47,2035,2052,193,0.20181,0.04939,0.03291,0.0166
4480,819452210,32,21.47,16,35,2062.31,2057,2067,2042.88,2017,2053,193,0.20751,0.03138,0.03748,0.0143
4481,819462441,32,20.94,16,33,2062.66,2056,2069,2044.38,2038,2051,193,0.20239,0.07717,0.04817,0.0254
4482,819472649,32,20.69,13,30,2063.38,2058,2070,2045.34,2040,2061,193,0.19997,0.10647,0.07015,0.0353
4483,819482833,32,20.09,15,26,2062.03,2057,2069,2043.75,2038,2050,193,0.19417,0.05794,0.02894,0.0169
4484,819493028,32,19.5,14,27,2062.25,2057,2070,2043.97,2034,2051,193,0.18847,0.06465,0.03565,0.0189
4485,819503191,32,20.09,0,31,2061.78,2059,2067,2043.88,2019,2050,193,0.19417,0.06190,0.02131,0.0162
4486,819513361,32,20.69,18,27,2061.66,2058,2067,2044.0,2036,2053,193,0.19997,0.06557,0.01764,0.0166
4487,819523533,32,20.38,12,28,2062.0,2057,2073,2043.22,2034,2050,193,0.19697,0.04176,0.02802,0.0137
4488,819533667,32,19.72,14,27,2061.72,2057,2067,2044.09,2040,2052,193,0.19059,0.06831,0.01947,0.0167
4489,819543843,32,20.16,16,28,2061.09,2057,2067,2045.91,2028,2075,193,0.19485,0.12387,0.00024,0.0242
4490,819554039,32,20.44,12,29,2062.34,2058,2067,2045.56,2037,2079,193,0.19755,0.11319,0.03840,0.0299
4491,819564244,32,20.34,5,26,2061.88,2054,2068,2043.19,2030,2056,193,0.19659,0.04084,0.02436,0.0128
4492,819574440,32,19.84,14,26,2061.19,2051,2072,2042.69,2026,2051,193,0.19175,0.02558,0.00330,0.0055
4493,819584622,32,19.41,7,26,2061.81,2056,2072,2044.47,2040,2050,193,0.18760,0.07991,0.02222,0.0192
4494,819594846,32,20.78,10,27,2060.19,2043,2067,2042.38,2030,2051,193,0.20084,0.01612,-0.02723,-0.0022
4495,819605036,32,20.34,16,30,2061.03,2053,2066,2044.47,2040,2050,193,0.19659,0.07991,-0.00159,0.0154
4496,819615247,32,21.25,14,27,2061.53,2049,2067,2043.5,2037,2053,193,0.20538,0.05031,0.01368,0.0131
4497,819625400,32,19.97,15,28,2061.75,2057,2071,2042.81,2024,2050,193,0.19301,0.02924,0.02039,0.0096
4498,819635563,32,20.09,14,27,2063.28,2059,2074,2043.72,2040,2050,193,0.19417,0.05702,0.06709,0.0241
4499,819645760,32,19.5,9,26,2061.75,2058,2070,2043.47,2040,2053,193,0.18847,0.04939,0.02039,0.0132
4500,819655913,32,21.59,12,36,2061.44,2057,2067,2043.44,2040,2051,193,0.20867,0.04847,0.01093,0.0124
4501,819666130,32,20.06,8,27,2061.34,2041,2073,2043.44,2026,2052,193,0.19388,0.04847,0.00788,0.0109
4502,819676341,32,19.59,6,28,2060.91,2048,2069,2043.78,2036,2052,193,0.18934,0.05885,-0.00525,0.0101
4503,819686556,32,18.97,3,27,2062.19,2048,2073,2044.28,2033,2054,193,0.18335,0.07411,0.03382,0.0198
4504,819696736,32,20.19,5,26,2061.06,2058,2066,2042.63,2025,2052,193,0.19514,0.02375,-0.00067,0.0045
4505,819706909,32,20.97,15,27,2062.06,2044,2067,2043.81,2035,2049,193,0.20268,0.05977,0.02985,0.0182
4506,819717105,32,20.34,5,27,2062.06,2057,2068,2044.38,2040,2050,193,0.19659,0.07717,0.02985,0.0210
4507,819727294,32,20.53,17,30,2061.69,2058,2068,2043.5,2035,2050,193,0.19842,0.05031,0.01856,0.0137
4508,819737465,32,19.03,7,26,2061.78,2055,2073,2044.59,2040,2067,193,0.18392,0.08358,0.02131,0.0193
4509,819747710,32,21.34,9,36,2061.66,2057,2068,2044.16,2035,2052,193,0.20625,0.07045,0.01764,0.0182
4510,819757909,32,21.06,15,26,2062.16,2056,2068,2043.34,2037,2054,193,0.20354,0.04542,0.03291,0.0159
4511,819768108,32,18.94,2,25,2061.38,2051,2067,2043.03,2037,2049,193,0.18306,0.03596,0.00910,0.0082
4512,819778316,32,19.97,17,29,2061.75,2049,2068,2044.22,2037,2051,193,0.19301,0.07228,0.02039,0.0179
4513,819788513,32,19.72,14,25,2062.09,2059,2066,2044.06,2031,2051,193,0.19059,0.06740,0.03077,0.0187
4514,819798708,32,20.13,14,41,2062.16,2059,2073,2045.56,2037,2067,193,0.19456,0.11319,0.03291,0.0284
4515,819808879,32,20.41,16,26,2062.06,2048,2069,2044.16,2040,2051,193,0.19726,0.07045,0.02985,0.0198
4516,819819091,32,20.84,12,36,2062.53,2059,2074,2043.91,2036,2051,193,0.20142,0.06282,0.04420,0.0216
4517,819829283,32,20.16,15,26,2062.09,2057,2070,2045.0,2036,2064,193,0.19485,0.09609,0.03077,0.0247
4518,819839471,32,20.25,5,29,2062.75,2054,2080,2043.72,2024,2050,193,0.19572,0.05702,0.05092,0.0211
4519,819849609,32,21.03,16,30,2061.94,2056,2072,2043.59,2040,2052,193,0.20325,0.05305,0.02619,0.0161
4520,819859822,32,20.34,10,32,2062.03,2057,2070,2045.44,2037,2070,193,0.19659,0.10952,0.02894,0.0272
4521,819870029,32,20.0,17,28,2060.91,2053,2066,2043.0,2037,2051,193,0.19330,0.03504,-0.00525,0.0058
4522,819880199,32,20.56,17,41,2059.97,2042,2068,2043.75,2036,2057,193,0.19871,0.05794,-0.03394,0.0048
4523,819890384,32,19.88,12,27,2061.94,2053,2067,2044.84,2038,2050,193,0.19214,0.09121,0.02619,0.0226
4524,819900595,32,20.44,16,32,2061.13,2057,2066,2043.06,2035,2049,193,0.19755,0.03687,0.00147,0.0076
4525,819910764,32,20.03,4,28,2061.38,2051,2067,2043.22,2037,2051,193,0.19359,0.04176,0.00910,0.0098
4526,819920962,32,21.16,9,27,2061.53,2059,2073,2043.69,2038,2051,193,0.20451,0.05610,0.01368,0.0143
4527,819931160,32,19.72,16,27,2061.75,2057,2067,2044.13,2038,2051,193,0.19059,0.06954,0.02039,0.0171
4528,819941368,32,20.81,14,38,2061.88,2049,2072,2044.28,2041,2050,193,0.20113,0.07411,0.02436,0.0198
4529,819951583,32,19.06,6,26,2061.22,2048,2078,2043.66,2041,2049,193,0.18421,0.05519,0.00421,0.0109
4530,819961778,32,19.53,13,26,2062.88,2059,2086,2043.97,2038,2050,193,0.18876,0.06465,0.05488,0.0226
4531,819971961,32,21.63,14,29,2062.97,2058,2072,2043.72,2037,2053,193,0.20905,0.05702,0.05763,0.0240
4532,819982125,32,19.22,8,32,2062.5,2056,2074,2045.5,2040,2056,193,0.18576,0.11136,0.04328,0.0287
4533,819992252,32,21.56,16,38,2061.41,2058,2069,2043.16,2034,2051,193,0.20838,0.03993,0.01001,0.0104
4534,820002476,32,20.59,3,30,2062.31,2056,2079,2042.66,2032,2051,193,0.19900,0.02466,0.03748,0.0124
4535,820012662,32,19.59,12,27,2061.91,2057,2073,2042.41,2020,2051,193,0.18934,0.01703,0.02527,0.0080
4536,820022854,32,20.78,17,27,2060.88,2051,2068,2043.91,2032,2057,193,0.20084,0.06282,-0.00617,0.0114
4537,820033027,32,21.47,16,26,2061.47,2056,2067,2043.56,2040,2051,193,0.20751,0.05214,0.01184,0.0133
4538,820043214,32,21.22,16,28,2061.69,2055,2070,2043.31,2037,2053,193,0.20509,0.04451,0.01856,0.0129
4539,820053428,32,20.94,14,29,2061.56,2051,2067,2042.56,2032,2051,193,0.20239,0.02161,0.01459,0.0073
4540,820063640,32,20.28,17,32,2060.81,2052,2067,2043.0,2036,2059,193,0.19601,0.03504,-0.00830,0.0052
4541,820073827,32,19.81,6,31,2061.25,2038,2067,2043.41,2030,2053,193,0.19146,0.04756,0.00513,0.0101
4542,820084008,32,20.25,16,26,2061.38,2053,2067,2044.31,2038,2050,193,0.19572,0.07503,0.00910,0.0165
4543,820094184,32,20.97,10,56,2061.09,2054,2069,2044.28,2036,2066,193,0.20268,0.07411,0.00024,0.0151
4544,820104405,32,21.84,17,34,2062.31,2057,2073,2042.81,2025,2050,193,0.21108,0.02924,0.03748,0.0141
4545,820114621,32,19.53,16,25,2061.03,2045,2066,2042.5,2016,2051,193,0.18876,0.01978,-0.00159,0.0034
4546,820124832,32,20.5,10,26,2061.63,2058,2066,2044.25,2034,2052,193,0.19813,0.07320,0.01673,0.0178
4547,820134985,32,20.44,15,29,2061.38,2053,2066,2043.41,2024,2053,193,0.19755,0.04756,0.00910,0.0112
4548,820145179,32,20.06,11,26,2062.25,2057,2068,2042.84,2025,2049,193,0.19388,0.03016,0.03565,0.0128
4549,820155381,32,19.97,15,30,2061.22,2048,2077,2043.44,2038,2056,193,0.19301,0.04847,0.00421,0.0102
4550,820165568,32,20.53,16,29,2060.97,2053,2066,2043.03,2035,2058,193,0.19842,0.03596,-0.00342,0.0065
4551,820175793,32,20.06,16,26,2061.41,2056,2067,2042.44,2024,2050,193,0.19388,0.01795,0.01001,0.0054
4552,820185983,32,20.72,17,33,2061.19,2044,2068,2044.19,2041,2051,193,0.20026,0.07137,0.00330,0.0150
4553,820196198,32,20.53,14,30,2062.63,2059,2074,2043.0,2026,2049,193,0.19842,0.03504,0.04725,0.0163
4554,820206361,32,20.59,13,36,2061.88,2059,2069,2043.09,2031,2050,193,0.19900,0.03779,0.02436,0.0124
4555,820216577,32,19.38,5,46,2061.47,2057,2066,2045.31,2036,2053,193,0.18731,0.10556,0.01184,0.0220
4556,820226764,32,21.34,16,40,2061.38,2051,2068,2043.66,2039,2051,193,0.20625,0.05519,0.00910,0.0133
4557,820236961,32,21.13,12,27,2061.72,2058,2073,2043.47,2029,2059,193,0.20422,0.04939,0.01947,0.0141
4558,820247146,32,20.69,16,31,2062.41,2057,2070,2044.78,2036,2060,193,0.19997,0.08938,0.04054,0.0260
4559,820257351,32,21.16,17,30,2059.72,2037,2067,2044.13,2038,2052,193,0.20451,0.06954,-0.04158,0.0057
4560,820267547,32,20.13,9,28,2062.28,2053,2067,2043.25,2038,2050,193,0.19456,0.04267,0.03657,0.0154
4561,820277728,32,20.63,17,27,2062.41,2057,2067,2042.59,2033,2055,193,0.19939,0.02253,0.04054,0.0126
4562,820287931,32,21.88,16,45,2061.13,2053,2071,2044.47,2030,2061,193,0.21147,0.07991,0.00147,0.0172
4563,820298140,32,20.13,17,26,2062.16,2054,2070,2043.69,2037,2056,193,0.19456,0.05610,0.03291,0.0173
4564,820308342,32,20.94,14,37,2060.94,2048,2066,2044.56,2038,2053,193,0.20239,0.08266,-0.00433,0.0159
4565,820318542,32,21.28,18,43,2062.5,2058,2073,2043.88,2037,2054,193,0.20567,0.06190,0.04328,0.0216
4566,820328721,32,22.06,12,36,2061.47,2040,2089,2043.94,2038,2054,193,0.21321,0.06374,0.01184,0.0161
4567,820338944,32,19.75,14,28,2062.09,2059,2067,2043.78,2038,2050,193,0.19088,0.05885,0.03077,0.0171
4568,820349115,32,18.63,0,27,2060.94,2041,2066,2045.09,2039,2064,193,0.18006,0.09884,-0.00433,0.0170
4569,820359313,32,21.53,6,48,2062.44,2057,2070,2044.28,2038,2057,193,0.20809,0.07411,0.04145,0.0240
4570,820369502,32,19.03,0,25,2062.13,2049,2068,2043.44,2036,2053,193,0.18392,0.04847,0.03199,0.0148
4571,820379693,32,21.03,15,26,2061.06,2052,2069,2042.81,2032,2058,193,0.20325,0.02924,-0.00067,0.0058
4572,820389907,32,20.09,13,27,2062.78,2058,2074,2045.06,2040,2051,193,0.19417,0.09792,0.05183,0.0291
4573,820400093,32,20.97,16,28,2062.41,2059,2074,2042.47,2028,2054,193,0.20268,0.01886,0.04054,0.0120
4574,820410265,32,18.91,0,26,2061.22,2058,2067,2042.66,2036,2051,193,0.18277,0.02466,0.00421,0.0053
4575,820420449,32,19.22,3,28,2061.16,2059,2067,2043.63,2038,2053,193,0.18576,0.05427,0.00238,0.0105
4576,820430631,32,20.34,8,35,2062.09,2059,2067,2043.75,2036,2050,193,0.19659,0.05794,0.03077,0.0174
4577,820440823,32,19.16,16,25,2061.75,2049,2067,2043.38,2038,2050,193,0.18518,0.04664,0.02039,0.0124
4578,820451026,32,20.34,13,28,2061.88,2058,2068,2043.59,2034,2051,193,0.19659,0.05305,0.02436,0.0152
4579,820461203,32,20.53,14,27,2062.16,2058,2068,2042.59,2033,2051,193,0.19842,0.02253,0.03291,0.0110
4580,820471393,32,20.31,4,32,2062.06,2059,2070,2043.22,2039,2050,193,0.19630,0.04176,0.02985,0.0141
4581,820481610,32,22.03,1,45,2061.78,2059,2076,2043.78,2037,2051,193,0.21292,0.05885,0.02131,0.0171
4582,820491802,32,20.34,16,26,2061.34,2056,2067,2044.22,2035,2054,193,0.19659,0.07228,0.00788,0.0158
4583,820502032,32,20.25,6,33,2062.16,2057,2070,2044.44,2038,2056,193,0.19572,0.07900,0.03291,0.0219
4584,820512255,32,19.84,16,30,2060.84,2041,2069,2043.91,2034,2050,193,0.19175,0.06282,-0.00739,0.0106
4585,820522448,32,20.5,9,27,2062.25,2059,2069,2043.19,2017,2050,193,0.19813,0.04084,0.03565,0.0152
4586,820532622,32,20.84,16,28,2062.03,2059,2074,2043.97,2032,2056,193,0.20142,0.06465,0.02894,0.0189
4587,820542822,32,20.63,17,28,2061.69,2057,2066,2044.09,2029,2054,193,0.19939,0.06831,0.01856,0.0173
4588,820552999,32,19.19,14,29,2061.72,2058,2067,2043.44,2034,2051,193,0.18547,0.04847,0.01947,0.0126
4589,820563190,32,19.94,14,26,2063.09,2058,2083,2043.88,2037,2053,193,0.19272,0.06190,0.06129,0.0237
4590,820573398,32,20.91,13,28,2062.13,2058,2072,2043.78,2038,2062,193,0.20210,0.05885,0.03199,0.0184
4591,820583613,32,19.41,12,26,2061.31,2058,2066,2042.84,2038,2051,193,0.18760,0.03016,0.00696,0.0070
4592,820593804,32,19.31,14,26,2061.22,2044,2068,2043.13,2032,2051,193,0.18663,0.03901,0.00421,0.0081
4593,820603995,32,20.59,8,44,2061.31,2052,2067,2042.97,2030,2057,193,0.19900,0.03413,0.00696,0.0082
4594,820614196,32,19.72,10,26,2061.72,2057,2067,2043.97,2041,2057,193,0.19059,0.06465,0.01947,0.0160
4595,820624377,32,21.13,17,26,2062.16,2058,2068,2043.53,2040,2050,193,0.20422,0.05122,0.03291,0.0172
4596,820634584,32,20.41,2,26,2062.0,2058,2085,2042.47,2040,2049,193,0.19726,0.01886,0.02802,0.0092
4597,820644755,32,20.56,11,27,2061.16,2038,2068,2044.13,2040,2059,193,0.19871,0.06954,0.00238,0.0143
4598,820654960,32,20.13,0,33,2062.22,2059,2068,2043.09,2040,2049,193,0.19456,0.03779,0.03474,0.0141
4599,820665167,32,20.56,16,31,2063.0,2058,2074,2044.75,2025,2058,193,0.19871,0.08846,0.05855,0.0292
4600,820675336,32,20.56,12,28,2062.53,2057,2093,2042.66,2026,2050,193,0.19871,0.02466,0.04420,0.0137
4601,820685579,32,22.53,17,34,2062.91,2058,2068,2044.03,2040,2053,193,0.21775,0.06648,0.05580,0.0266
4602,820695764,32,19.38,8,30,2061.38,2054,2067,2044.28,2037,2068,193,0.18731,0.07411,0.00910,0.0156
4603,820705964,32,20.19,9,28,2062.13,2058,2068,2044.66,2037,2060,193,0.19514,0.08571,0.03199,0.0230
4604,820716133,32,21.28,3,44,2062.19,2056,2073,2042.16,2018,2049,193,0.20567,0.00940,0.03382,0.0089
4605,820726320,32,20.22,1,27,2062.28,2058,2067,2043.75,2040,2049,193,0.19543,0.05794,0.03657,0.0185
4606,820736499,32,18.97,16,26,2061.84,2058,2069,2044.22,2040,2051,193,0.18335,0.07228,0.02314,0.0175
4607,820746716,32,20.0,5,32,2062.78,2059,2076,2042.59,2032,2053,193,0.19330,0.02253,0.05183,0.0144
4608,820756891,32,20.13,13,27,2061.94,2058,2068,2043.81,2028,2051,193,0.19456,0.05977,0.02619,0.0167
4609,820767133,32,20.72,14,32,2061.56,2057,2067,2044.88,2035,2053,193,0.20026,0.09243,0.01459,0.0214
4610,820777325,32,21.25,16,27,2061.97,2043,2072,2043.59,2035,2052,193,0.20538,0.05305,0.02711,0.0165
4611,820787499,32,20.66,10,33,2061.84,2058,2067,2043.63,2026,2061,193,0.19968,0.05427,0.02314,0.0155
4612,820797712,32,20.34,13,35,2062.16,2054,2078,2045.22,2040,2072,193,0.19659,0.10281,0.03291,0.0267
4613,820807891,32,21.16,17,26,2061.16,2053,2067,2045.38,2035,2054,193,0.20451,0.10769,0.00238,0.0225
4614,820818069,32,19.78,17,26,2061.94,2049,2073,2043.69,2040,2052,193,0.19117,0.05610,0.02619,0.0157
4615,820828253,32,21.13,16,31,2062.5,2059,2069,2043.03,2021,2051,193,0.20422,0.03596,0.04328,0.0162
4616,820838445,32,20.59,13,39,2061.78,2048,2068,2043.16,2037,2050,193,0.19900,0.03993,0.02131,0.0122
4617,820848623,32,21.0,12,27,2062.09,2059,2067,2042.78,2037,2050,193,0.20297,0.02833,0.03077,0.0120
4618,820858797,32,19.91,16,27,2062.53,2059,2069,2043.44,2032,2050,193,0.19243,0.04847,0.04420,0.0178
4619,820868998,32,20.13,12,27,2061.0,2038,2070,2044.22,2035,2052,193,0.19456,0.07228,-0.00250,0.0136
4620,820879162,32,19.69,12,27,2061.88,2057,2067,2042.78,2034,2051,193,0.19030,0.02833,0.02436,0.0100
4621,820889360,32,20.22,6,28,2062.16,2057,2077,2044.22,2038,2051,193,0.19543,0.07228,0.03291,0.0206
4622,820899546,32,20.0,16,26,2061.38,2052,2067,2043.59,2040,2050,193,0.19330,0.05305,0.00910,0.0120
4623,820909703,32,21.03,5,28,2061.75,2058,2067,2044.09,2036,2065,193,0.20325,0.06831,0.02039,0.0180
4624,820919901,32,20.13,9,38,2061.97,2059,2072,2042.81,2024,2077,193,0.19456,0.02924,0.02711,0.0110
4625,820930087,32,21.38,14,27,2061.47,2052,2069,2043.44,2036,2053,193,0.20664,0.04847,0.01184,0.0125
4626,820940304,32,19.88,0,26,2062.41,2054,2068,2045.66,2028,2057,193,0.19214,0.11624,0.04054,0.0301
4627,820950488,32,20.81,17,27,2060.69,2051,2066,2042.81,2037,2050,193,0.20113,0.02924,-0.01197,0.0035
4628,820960691,32,20.13,9,29,2062.06,2042,2072,2044.47,2034,2052,193,0.19456,0.07991,0.02985,0.0214
4629,820970902,32,21.13,16,33,2062.59,2056,2077,2044.16,2040,2051,193,0.20422,0.07045,0.04603,0.0238
4630,820981114,32,19.66,4,28,2062.22,2049,2073,2044.94,2035,2051,193,0.19001,0.09426,0.03474,0.0245
4631,820991310,32,19.5,17,25,2060.88,2042,2068,2041.59,2021,2050,193,0.18847,-0.00800,-0.00617,-0.0027
4632,821001496,32,20.28,17,28,2061.63,2059,2067,2043.69,2040,2050,193,0.19601,0.05610,0.01673,0.0143
4633,821011697,32,20.69,12,51,2061.81,2053,2072,2044.34,2038,2051,193,0.19997,0.07595,0.02222,0.0196
4634,821021912,32,21.16,12,32,2062.0,2059,2067,2043.41,2040,2052,193,0.20451,0.04756,0.02802,0.0155
4635,821032096,32,20.91,14,40,2061.38,2050,2067,2041.63,2030,2060,193,0.20210,-0.00678,0.00910,0.0005
4636,821042299,32,19.81,17,32,2062.41,2059,2070,2043.94,2029,2072,193,0.19146,0.06374,0.04054,0.0200
4637,821052490,32,19.91,6,30,2061.44,2038,2069,2043.06,2034,2054,193,0.19243,0.03687,0.01093,0.0092
4638,821062690,32,20.16,14,26,2062.53,2058,2068,2043.31,2030,2053,193,0.19485,0.04451,0.04420,0.0173
4639,821072895,32,20.47,14,28,2061.28,2058,2067,2042.94,2035,2049,193,0.19784,0.03321,0.00604,0.0078
4640,821083104,32,20.16,16,25,2060.78,2052,2066,2044.38,2037,2067,193,0.19485,0.07717,-0.00922,0.0132
4641,821093295,32,19.38,11,32,2061.72,2056,2067,2044.31,2040,2057,193,0.18731,0.07503,0.01947,0.0177
4642,821103506,32,20.09,16,26,2063.06,2053,2074,2044.19,2037,2051,193,0.19417,0.07137,0.06038,0.0256
4643,821113744,32,19.84,14,26,2061.09,2050,2068,2042.13,2021,2057,193,0.19175,0.00849,0.00024,0.0017
4644,821123960,32,19.69,16,27,2061.66,2056,2068,2043.22,2035,2050,193,0.19030,0.04176,0.01764,0.0113
4645,821134148,32,20.97,10,28,2062.28,2056,2069,2043.91,2038,2052,193,0.20268,0.06282,0.03657,0.0201
4646,821144354,32,21.5,10,51,2061.81,2053,2068,2042.84,2036,2050,193,0.20780,0.03016,0.02222,0.0109
4647,821154565,32,19.56,17,26,2060.94,2043,2067,2042.66,2036,2049,193,0.18905,0.02466,-0.00433,0.0038
4648,821164745,32,19.72,14,26,2062.09,2056,2069,2044.91,2040,2056,193,0.19059,0.09335,0.03077,0.0237
4649,821174937,32,19.56,16,26,2062.13,2056,2070,2044.03,2028,2060,193,0.18905,0.06648,0.03199,0.0186
4650,821185140,32,21.78,12,32,2061.41,2052,2067,2044.31,2040,2051,193,0.21050,0.07503,0.01001,0.0179
4651,821195325,32,20.25,9,30,2062.09,2056,2067,2042.66,2036,2050,193,0.19572,0.02466,0.03077,0.0108
4652,821205504,32,20.59,13,34,2061.13,2052,2068,2044.31,2040,2061,193,0.19900,0.07503,0.00147,0.0152
4653,821215692,32,20.0,14,25,2060.31,2034,2068,2044.53,2036,2065,193,0.19330,0.08175,-0.02357,0.0112
4654,821225855,32,20.13,8,27,2061.09,2037,2072,2044.13,2040,2050,193,0.19456,0.06954,0.00024,0.0136
4655,821236024,32,20.88,11,28,2061.28,2052,2067,2043.81,2036,2050,193,0.20181,0.05977,0.00604,0.0133
4656,821246221,32,20.97,12,29,2063.25,2059,2069,2044.75,2040,2056,193,0.20268,0.08846,0.06618,0.0313
4657,821256376,32,20.59,4,33,2062.06,2057,2067,2043.69,2030,2056,193,0.19900,0.05610,0.02985,0.0171
4658,821266591,32,20.91,16,34,2060.81,2045,2067,2045.19,2036,2073,193,0.20210,0.10189,-0.00830,0.0189
4659,821276799,32,20.25,6,35,2061.88,2059,2067,2043.38,2035,2057,193,0.19572,0.04664,0.02436,0.0139
4660,821286966,32,20.56,15,28,2061.28,2050,2074,2044.06,2030,2057,193,0.19871,0.06740,0.00604,0.0146
4661,821297146,32,20.13,0,30,2061.72,2057,2066,2042.84,2031,2050,193,0.19456,0.03016,0.01947,0.0097
4662,821307339,32,19.88,10,40,2060.69,2044,2067,2041.97,2020,2051,193,0.19214,0.00360,-0.01197,-0.0016
4663,821317554,32,22.31,15,40,2061.63,2054,2074,2044.34,2037,2054,193,0.21563,0.07595,0.01673,0.0200
4664,821327747,32,18.97,14,27,2060.88,2052,2067,2043.31,2036,2049,193,0.18335,0.04451,-0.00617,0.0070
4665,821337961,32,19.81,7,34,2062.34,2052,2075,2043.16,2027,2051,193,0.19146,0.03993,0.03840,0.0150
4666,821348139,32,20.31,14,29,2060.84,2056,2070,2043.25,2036,2051,193,0.19630,0.04267,-0.00739,0.0069
4667,821358298,32,21.34,14,33,2061.75,2048,2075,2043.53,2037,2050,193,0.20625,0.05122,0.02039,0.0148
4668,821368496,32,19.84,10,26,2060.97,2053,2069,2044.56,2038,2053,193,0.19175,0.08266,-0.00342,0.0152
4669,821378695,32,20.09,17,26,2063.41,2051,2094,2043.91,2040,2050,193,0.19417,0.06282,0.07106,0.0260
4670,821388895,32,20.16,11,26,2060.38,2041,2068,2043.22,2033,2057,193,0.19485,0.04176,-0.02143,0.0040
4671,821399088,32,20.69,13,28,2062.16,2053,2067,2042.56,2029,2050,193,0.19997,0.02161,0.03291,0.0109
4672,821409315,32,21.22,16,28,2062.56,2059,2069,2043.91,2036,2052,193,0.20509,0.06282,0.04512,0.0221
4673,821419512,32,19.59,4,26,2061.84,2056,2068,2043.53,2037,2053,193,0.18934,0.05122,0.02314,0.0141
4674,821429714,32,20.97,16,38,2062.63,2048,2068,2043.66,2035,2053,193,0.20268,0.05519,0.04725,0.0208
4675,821439903,32,19.63,14,26,2061.22,2056,2067,2043.25,2026,2053,193,0.18972,0.04267,0.00421,0.0089
4676,821450060,32,19.69,0,26,2061.16,2052,2066,2041.59,2019,2052,193,0.19030,-0.00800,0.00238,-0.0011
4677,821460245,32,21.38,14,37,2062.25,2058,2067,2044.63,2033,2051,193,0.20664,0.08480,0.03565,0.0249
4678,821470424,32,19.03,4,27,2062.59,2057,2068,2043.94,2040,2051,193,0.18392,0.06374,0.04603,0.0202
4679,821480634,32,19.78,8,26,2060.84,2038,2066,2042.91,2033,2052,193,0.19117,0.03230,-0.00739,0.0048
4680,821490823,32,18.69,11,26,2061.66,2059,2066,2044.31,2040,2075,193,0.18064,0.07503,0.01764,0.0167
4681,821501024,32,21.09,16,40,2061.66,2058,2067,2042.13,2033,2049,193,0.20383,0.00849,0.01764,0.0053
4682,821511236,32,20.97,17,51,2062.13,2059,2073,2044.63,2040,2052,193,0.20268,0.08480,0.03199,0.0237
4683,821521423,32,20.72,14,30,2061.78,2050,2068,2043.88,2037,2054,193,0.20026,0.06190,0.02131,0.0167
4684,821531649,32,20.38,17,28,2062.56,2050,2068,2043.13,2037,2049,193,0.19697,0.03901,0.04512,0.0166
4685,821541859,32,20.09,13,30,2061.47,2052,2068,2043.41,2037,2052,193,0.19417,0.04756,0.01184,0.0115
4686,821552056,32,20.38,16,28,2062.0,2059,2081,2044.0,2037,2052,193,0.19697,0.06557,0.02802,0.0184
4687,821562182,32,19.69,3,26,2063.16,2056,2070,2044.06,2038,2055,193,0.19030,0.06740,0.06343,0.0249
4688,821572387,32,19.69,1,27,2061.66,2058,2066,2043.47,2024,2058,193,0.19030,0.04939,0.01764,0.0128
4689,821582584,32,20.06,11,28,2061.13,2049,2069,2043.97,2038,2052,193,0.19388,0.06465,0.00147,0.0128
4690,821592789,32,19.69,1,26,2061.31,2048,2073,2043.19,2040,2050,193,0.19030,0.04084,0.00696,0.0091
4691,821602994,32,21.5,16,30,2061.34,2050,2068,2043.47,2030,2056,193,0.20780,0.04939,0.00788,0.0119
4692,821613184,32,20.47,17,26,2062.53,2058,2072,2042.34,2024,2051,193,0.19784,0.01490,0.04420,0.0117
4693,821623403,32,20.13,9,32,2061.97,2053,2073,2043.88,2036,2056,193,0.19456,0.06190,0.02711,0.0173
4694,821633576,32,22.38,13,38,2060.72,2053,2067,2042.78,2037,2050,193,0.21630,0.02833,-0.01105,0.0037
4695,821643780,32,20.63,13,26,2061.56,2049,2068,2042.44,2027,2051,193,0.19939,0.01795,0.01459,0.0065
4696,821653958,32,19.78,11,27,2062.81,2059,2067,2044.19,2037,2050,193,0.19117,0.07137,0.05275,0.0237
4697,821664158,32,19.28,15,26,2061.0,2037,2070,2042.38,2025,2050,193,0.18634,0.01612,-0.00250,0.0025
4698,821674349,32,20.81,14,35,2062.53,2056,2075,2043.69,2032,2059,193,0.20113,0.05610,0.04420,0.0202
4699,821684545,32,18.91,0,25,2062.16,2057,2070,2044.53,2040,2057,193,0.18277,0.08175,0.03291,0.0210
4700,821694756,32,22.13,16,54,2061.41,2057,2067,2044.78,2038,2050,193,0.21389,0.08938,0.01001,0.0213
4701,821704949,32,20.06,10,28,2063.72,2051,2091,2042.75,2023,2051,193,0.19388,0.02741,0.08052,0.0209
4702,821715139,32,20.28,2,32,2062.28,2058,2073,2042.94,2033,2054,193,0.19601,0.03321,0.03657,0.0137
4703,821725315,32,19.72,14,26,2062.31,2058,2067,2044.28,2040,2052,193,0.19059,0.07411,0.03748,0.0213
4704,821735503,32,19.56,16,26,2061.91,2048,2067,2044.53,2040,2051,193,0.18905,0.08175,0.02527,0.0202
4705,821745688,32,19.88,14,27,2061.63,2055,2067,2043.59,2035,2053,193,0.19214,0.05305,0.01673,0.0134
4706,821755892,32,19.84,15,26,2061.19,2052,2067,2043.47,2025,2052,193,0.19175,0.04939,0.00330,0.0101
4707,821766090,32,21.81,17,43,2062.66,2057,2073,2043.63,2035,2057,193,0.21079,0.05427,0.04817,0.0216
4708,821776275,32,20.31,17,36,2062.19,2052,2067,2044.5,2035,2063,193,0.19630,0.08083,0.03382,0.0225
4709,821786510,32,19.69,12,30,2062.41,2056,2072,2044.0,2037,2058,193,0.19030,0.06557,0.04054,0.0202
4710,821796696,32,19.59,5,26,2061.59,2049,2067,2044.06,2033,2050,193,0.18934,0.06740,0.01551,0.0157
4711,821806900,32,20.5,14,33,2061.66,2058,2067,2044.03,2037,2051,193,0.19813,0.06648,0.01764,0.0167
4712,821817088,32,20.22,12,27,2061.72,2059,2070,2044.22,2033,2051,193,0.19543,0.07228,0.01947,0.0179
4713,821827255,32,20.06,17,26,2061.69,2057,2067,2043.75,2038,2051,193,0.19388,0.05794,0.01856,0.0148
4714,821837445,32,20.47,5,30,2062.09,2058,2069,2043.53,2018,2056,193,0.19784,0.05122,0.03077,0.0162
4715,821847643,32,21.16,11,34,2062.59,2058,2067,2044.47,2037,2053,193,0.20451,0.07991,0.04603,0.0258
4716,821857849,32,19.94,14,25,2062.28,2059,2068,2044.22,2030,2053,193,0.19272,0.07228,0.03657,0.0210
4717,821868062,32,19.66,5,32,2060.97,2056,2070,2042.78,2029,2052,193,0.19001,0.02833,-0.00342,0.0047
4718,821878234,32,20.41,12,28,2061.5,2053,2072,2042.78,2034,2051,193,0.19726,0.02833,0.01276,0.0081
4719,821888415,32,19.81,12,27,2062.0,2058,2069,2045.03,2038,2067,193,0.19146,0.09701,0.02802,0.0239
4720,821898585,32,19.25,2,25,2062.5,2057,2075,2043.88,2038,2051,193,0.18605,0.06190,0.04328,0.0196
4721,821908751,32,20.22,14,27,2061.47,2048,2070,2044.63,2030,2074,193,0.19543,0.08480,0.01184,0.0189
4722,821918963,32,20.41,9,27,2061.69,2059,2065,2043.78,2036,2050,193,0.19726,0.05885,0.01856,0.0153
4723,821929158,32,19.31,10,26,2061.22,2044,2068,2044.47,2040,2065,193,0.18663,0.07991,0.00421,0.0157
4724,821939376,32,20.91,0,42,2061.59,2051,2068,2043.22,2036,2051,193,0.20210,0.04176,0.01551,0.0116
4725,821949589,32,20.81,8,52,2061.31,2059,2066,2043.66,2041,2052,193,0.20113,0.05519,0.00696,0.0125
4726,821959786,32,20.13,9,28,2061.41,2044,2070,2043.56,2038,2059,193,0.19456,0.05214,0.01001,0.0121
4727,821969977,32,19.56,14,27,2062.56,2058,2068,2045.53,2035,2059,193,0.18905,0.11227,0.04512,0.0298
4728,821980193,32,20.28,17,27,2061.28,2057,2066,2044.25,2035,2061,193,0.19601,0.07320,0.00604,0.0155
4729,821990347,32,21.56,16,28,2060.75,2048,2067,2043.06,2030,2050,193,0.20838,0.03687,-0.01013,0.0056
4730,822000533,32,18.91,0,34,2061.75,2048,2067,2042.94,2037,2057,193,0.18277,0.03321,0.02039,0.0098
4731,822010725,32,19.91,8,28,2061.53,2059,2066,2044.53,2036,2051,193,0.19243,0.08175,0.01368,0.0184
4732,822020890,32,20.25,10,26,2061.16,2050,2068,2043.16,2027,2062,193,0.19572,0.03993,0.00238,0.0083
4733,822031087,32,19.63,11,29,2062.72,2058,2070,2044.44,2029,2052,193,0.18972,0.07900,0.05000,0.0245
4734,822041317,32,19.25,10,27,2062.03,2059,2068,2043.84,2033,2051,193,0.18605,0.06068,0.02894,0.0167
4735,822051526,32,19.97,14,27,2061.09,2051,2070,2044.22,2037,2053,193,0.19301,0.07228,0.00024,0.0140
4736,822061703,32,20.28,16,30,2062.84,2051,2089,2042.16,2035,2049,193,0.19601,0.00940,0.05366,0.0124
4737,822071899,32,20.59,9,42,2061.94,2054,2073,2042.22,2022,2049,193,0.19900,0.01123,0.02619,0.0074
4738,822082080,32,18.91,9,26,2062.06,2058,2067,2042.94,2033,2052,193,0.18277,0.03321,0.02985,0.0115
4739,822092268,32,20.81,16,46,2061.5,2050,2067,2043.41,2041,2050,193,0.20113,0.04756,0.01276,0.0121
4740,822102414,32,21.88,16,37,2061.59,2043,2067,2042.66,2036,2050,193,0.21147,0.02466,0.01551,0.0085
4741,822112610,32,19.0,9,26,2062.0,2053,2069,2043.22,2032,2050,193,0.18363,0.04176,0.02802,0.0128
4742,822122796,32,20.28,0,40,2062.47,2052,2074,2043.72,2040,2053,193,0.19601,0.05702,0.04237,0.0195
4743,822132988,32,20.72,11,37,2062.09,2053,2067,2044.47,2037,2050,193,0.20026,0.07991,0.03077,0.0222
4744,822143166,32,19.44,8,26,2062.06,2058,2068,2042.34,2019,2052,193,0.18789,0.01490,0.02985,0.0084
4745,822153356,32,19.22,10,27,2061.84,2057,2067,2043.22,2034,2053,193,0.18576,0.04176,0.02314,0.0121
4746,822163572,32,19.81,16,39,2062.25,2053,2078,2043.19,2025,2057,193,0.19146,0.04084,0.03565,0.0146
4747,822173741,32,21.66,17,27,2062.13,2059,2073,2043.69,2039,2059,193,0.20934,0.05610,0.03199,0.0184
4748,822183929,32,20.25,14,27,2061.0,2054,2066,2044.03,2040,2058,193,0.19572,0.06648,-0.00250,0.0125
4749,822194102,32,18.56,8,26,2061.69,2044,2069,2043.97,2033,2052,193,0.17938,0.06465,0.01856,0.0149
4750,822204291,32,22.19,16,46,2061.81,2050,2067,2044.13,2040,2052,193,0.21447,0.06954,0.02222,0.0197
4751,822214497,32,21.0,5,41,2061.47,2053,2072,2043.97,2038,2050,193,0.20297,0.06465,0.01184,0.0155
4752,822224644,32,19.34,8,25,2061.78,2058,2067,2042.81,2028,2053,193,0.18692,0.02924,0.02131,0.0094
4753,822234823,32,20.0,15,26,2060.97,2057,2067,2044.0,2039,2053,193,0.19330,0.06557,-0.00342,0.0120
4754,822250498,32,20.59,15,28,2061.97,2058,2068,2042.88,2034,2051,193,0.19900,0.03138,0.02711,0.0116
4755,822260766,32,19.63,13,33,2063.09,2060,2070,2043.16,2035,2051,193,0.18972,0.03993,0.06129,0.0192
4756,822270962,32,19.72,14,26,2061.03,2046,2069,2043.81,2035,2052,193,0.19059,0.05977,-0.00159,0.0111
4757,822281167,32,19.66,13,26,2062.38,2057,2070,2043.59,2038,2053,193,0.19001,0.05305,0.03962,0.0176
4758,822291397,32,19.75,14,30,2061.91,2053,2071,2044.06,2034,2050,193,0.19088,0.06740,0.02527,0.0177
4759,822301630,32,20.16,16,29,2061.0,2057,2067,2043.44,2030,2062,193,0.19485,0.04847,-0.00250,0.0090
4760,822311793,32,21.88,16,44,2061.63,2059,2070,2042.97,2019,2052,193,0.21147,0.03413,0.01673,0.0108
4761,822321976,32,19.31,4,28,2061.53,2046,2074,2043.66,2030,2049,193,0.18663,0.05519,0.01368,0.0129
4762,822332143,32,20.72,16,36,2061.84,2052,2067,2042.38,2033,2049,193,0.20026,0.01612,0.02314,0.0079
4763,822342362,32,20.88,17,34,2061.28,2058,2067,2043.59,2034,2051,193,0.20181,0.05305,0.00604,0.0119
4764,822352573,32,19.28,14,26,2061.25,2038,2067,2043.06,2038,2050,193,0.18634,0.03687,0.00513,0.0078
4765,822362755,32,19.28,2,30,2061.47,2058,2066,2045.19,2037,2066,193,0.18634,0.10189,0.01184,0.0212
4766,822372942,32,19.91,16,26,2062.25,2057,2067,2044.0,2037,2056,193,0.19243,0.06557,0.03565,0.0195
4767,822383084,32,20.19,17,27,2061.5,2057,2067,2044.59,2037,2060,193,0.19514,0.08358,0.01276,0.0188
4768,822393264,32,20.84,16,26,2062.75,2059,2085,2045.06,2041,2064,193,0.20142,0.09792,0.05092,0.0300
4769,822403411,32,19.13,9,26,2060.63,2044,2069,2043.5,2037,2051,193,0.18489,0.05031,-0.01380,0.0067
4770,822413587,32,19.69,14,26,2062.59,2057,2069,2044.94,2033,2059,193,0.19030,0.09426,0.04603,0.0267
4771,822423795,32,20.41,17,26,2062.25,2055,2067,2043.25,2027,2051,193,0.19726,0.04267,0.03565,0.0155
4772,822433953,32,20.19,11,26,2061.69,2055,2074,2043.34,2033,2050,193,0.19514,0.04542,0.01856,0.0125
4773,822444172,32,21.13,12,32,2062.13,2059,2069,2042.44,2037,2051,193,0.20422,0.01795,0.03199,0.0102
4774,822454352,32,21.31,13,35,2061.59,2058,2067,2044.16,2038,2050,193,0.20596,0.07045,0.01551,0.0177
4775,822464575,32,21.19,17,42,2061.72,2057,2069,2045.13,2039,2062,193,0.20480,0.10006,0.01947,0.0245
4776,822474758,32,20.0,11,34,2062.13,2059,2069,2043.09,2038,2051,193,0.19330,0.03779,0.03199,0.0135
4777,822484986,32,20.09,13,35,2061.75,2057,2067,2042.84,2032,2050,193,0.19417,0.03016,0.02039,0.0098
4778,822495148,32,20.75,12,27,2061.63,2058,2067,2043.94,2037,2057,193,0.20055,0.06374,0.01673,0.0161
4779,822505319,32,20.28,17,35,2062.69,2059,2067,2044.16,2040,2053,193,0.19601,0.07045,0.04908,0.0234
4780,822515513,32,19.63,16,26,2061.06,2048,2066,2043.66,2037,2051,193,0.18972,0.05519,-0.00067,0.0103
4781,822525743,32,21.41,16,27,2061.34,2055,2067,2042.66,2040,2050,193,0.20693,0.02466,0.00788,0.0067
4782,822535934,32,18.94,3,37,2060.78,2041,2069,2043.78,2036,2050,193,0.18306,0.05885,-0.00922,0.0091
4783,822546159,32,20.5,13,26,2062.63,2059,2077,2044.34,2040,2053,193,0.19813,0.07595,0.04725,0.0244
4784,822556367,32,21.69,14,33,2061.75,2057,2067,2043.84,2038,2059,193,0.20963,0.06068,0.02039,0.0170
4785,822566536,32,21.16,16,27,2061.72,2058,2072,2044.06,2036,2059,193,0.20451,0.06740,0.01947,0.0178
4786,822576738,32,19.75,11,28,2061.0,2045,2067,2042.66,2038,2050,193,0.19088,0.02466,-0.00250,0.0042
4787,822586885,32,20.59,11,32,2061.88,2055,2069,2044.47,2038,2059,193,0.19900,0.07991,0.02436,0.0208
4788,822597105,32,20.13,17,28,2061.94,2058,2066,2043.34,2039,2051,193,0.19456,0.04542,0.02619,0.0139
4789,822607327,32,20.38,12,30,2061.63,2052,2067,2044.19,2035,2058,193,0.19697,0.07137,0.01673,0.0174
4790,822617546,32,20.94,17,40,2061.91,2053,2074,2043.0,2031,2050,193,0.20239,0.03504,0.02527,0.0122
4791,822627726,32,20.84,16,27,2062.97,2051,2069,2044.5,2034,2057,193,0.20142,0.08083,0.05763,0.0279
4792,822637897,32,20.53,17,26,2061.75,2054,2067,2043.72,2034,2051,193,0.19842,0.05702,0.02039,0.0154
4793,822648067,32,19.41,10,25,2062.69,2059,2080,2043.5,2040,2050,193,0.18760,0.05031,0.04908,0.0186
4794,822658243,32,20.66,16,38,2060.97,2053,2067,2043.84,2033,2059,193,0.19968,0.06068,-0.00342,0.0114
4795,822668436,32,21.25,13,36,2062.81,2058,2074,2042.84,2038,2049,193,0.20538,0.03016,0.05275,0.0170
4796,822678611,32,19.03,0,27,2060.38,2045,2067,2042.69,2026,2058,193,0.18392,0.02558,-0.02143,0.0008
4797,822688838,32,21.13,17,28,2060.94,2051,2066,2043.5,2027,2051,193,0.20422,0.05031,-0.00433,0.0094
4798,822699033,32,20.5,13,41,2062.25,2054,2067,2043.63,2037,2050,193,0.19813,0.05427,0.03565,0.0178
4799,822709188,32,19.5,11,26,2061.69,2053,2066,2043.31,2012,2058,193,0.18847,0.04451,0.01856,0.0119
4800,822719367,32,20.88,16,31,2062.03,2057,2067,2042.72,2025,2051,193,0.20181,0.02650,0.02894,0.0112
4801,822729585,32,19.72,0,27,2062.25,2053,2073,2044.59,2026,2050,193,0.19059,0.08358,0.03565,0.0227
4802,822739772,32,20.53,14,32,2062.5,2050,2069,2044.25,2025,2053,193,0.19842,0.07320,0.04328,0.0231
4803,822749920,32,20.47,17,27,2061.81,2057,2068,2043.13,2022,2051,193,0.19784,0.03901,0.02222,0.0121
4804,822760108,32,19.69,17,26,2061.44,2056,2066,2045.03,2026,2061,193,0.19030,0.09701,0.01093,0.0205
4805,822770303,32,20.16,17,26,2062.22,2059,2067,2043.19,2034,2052,193,0.19485,0.04084,0.03474,0.0147
4806,822780491,32,19.41,14,26,2062.56,2056,2069,2045.03,2034,2067,193,0.18760,0.09701,0.04512,0.0267
4807,822790720,32,20.59,15,30,2062.69,2057,2077,2043.28,2037,2050,193,0.19900,0.04359,0.04908,0.0184
4808,822800902,32,21.38,16,34,2061.84,2059,2067,2044.19,2036,2068,193,0.20664,0.07137,0.02314,0.0195
4809,822811131,32,19.63,15,26,2061.44,2057,2066,2043.47,2034,2050,193,0.18972,0.04939,0.01093,0.0114
4810,822821303,32,20.44,16,29,2062.03,2056,2073,2044.09,2040,2058,193,0.19755,0.06831,0.02894,0.0192
4811,822831494,32,19.41,4,27,2061.5,2058,2072,2042.91,2037,2051,193,0.18760,0.03230,0.01276,0.0085
4812,822841693,32,19.56,11,26,2061.53,2054,2074,2043.31,2038,2054,193,0.18905,0.04451,0.01368,0.0110
4813,822851873,32,20.25,13,28,2062.13,2054,2070,2044.22,2035,2051,193,0.19572,0.07228,0.03199,0.0204
4814,822862030,32,19.94,14,25,2062.59,2057,2072,2043.31,2035,2059,193,0.19272,0.04451,0.04603,0.0174
4815,822872251,32,19.28,14,26,2061.94,2059,2068,2043.56,2037,2053,193,0.18634,0.05214,0.02619,0.0146
4816,822882438,32,18.81,1,29,2061.97,2056,2067,2043.63,2026,2053,193,0.18180,0.05427,0.02711,0.0148
4817,822892623,32,20.0,12,26,2062.72,2056,2068,2043.91,2039,2050,193,0.19330,0.06282,0.05000,0.0218
4818,822902820,32,20.09,17,26,2061.25,2048,2067,2043.31,2029,2050,193,0.19417,0.04451,0.00513,0.0096
4819,822913004,32,20.13,11,26,2062.94,2059,2068,2045.13,2038,2065,193,0.19456,0.10006,0.05672,0.0305
4820,822923188,32,20.97,10,36,2061.06,2059,2067,2043.34,2036,2051,193,0.20268,0.04542,-0.00067,0.0091
4821,822933380,32,19.56,11,26,2061.47,2054,2070,2042.66,2025,2054,193,0.18905,0.02466,0.01184,0.0069
4822,822943577,32,19.84,17,25,2062.0,2059,2067,2043.41,2036,2050,193,0.19175,0.04756,0.02802,0.0145
4823,822953754,32,20.22,14,32,2062.28,2059,2069,2045.63,2038,2056,193,0.19543,0.11532,0.03657,0.0297
4824,822963943,32,19.41,14,26,2061.47,2056,2072,2042.97,2036,2057,193,0.18760,0.03413,0.01184,0.0086
4825,822974134,32,20.88,12,31,2062.38,2059,2076,2044.31,2038,2050,193,0.20181,0.07503,0.03962,0.0231
4826,822984331,32,21.22,17,26,2060.91,2051,2066,2043.53,2039,2052,193,0.20509,0.05122,-0.00525,0.0094
4827,822994532,32,20.53,14,31,2060.66,2049,2077,2044.72,2036,2061,193,0.19842,0.08755,-0.01288,0.0148
4828,823004721,32,20.84,14,37,2061.75,2058,2067,2044.31,2039,2054,193,0.20142,0.07503,0.02039,0.0192
4829,823014884,32,21.16,14,32,2061.31,2056,2066,2044.44,2038,2069,193,0.20451,0.07900,0.00696,0.0176
4830,823025112,32,20.72,11,40,2060.97,2050,2067,2042.09,2034,2048,193,0.20026,0.00726,-0.00342,0.0008
4831,823035312,32,20.47,12,32,2061.66,2058,2070,2044.59,2036,2069,193,0.19784,0.08358,0.01764,0.0200
4832,823045518,32,20.44,9,27,2061.56,2058,2066,2045.81,2035,2078,193,0.19755,0.12082,0.01459,0.0268
4833,823055711,32,20.03,10,36,2060.81,2052,2066,2042.81,2037,2049,193,0.19359,0.02924,-0.00830,0.0041
4834,823065968,32,20.69,17,26,2061.66,2059,2068,2043.66,2036,2050,193,0.19997,0.05519,0.01764,0.0146
4835,823076167,32,21.66,17,29,2061.72,2050,2075,2044.06,2038,2051,193,0.20934,0.06740,0.01947,0.0182
4836,823086356,32,20.13,17,31,2062.44,2053,2067,2044.63,2037,2068,193,0.19456,0.08480,0.04145,0.0246
4837,823096545,32,20.22,14,27,2062.09,2058,2067,2044.25,2026,2054,193,0.19543,0.07320,0.03077,0.0203
4838,823106751,32,18.88,0,28,2061.66,2050,2067,2044.13,2029,2050,193,0.18248,0.06954,0.01764,0.0159
4839,823116947,32,21.19,16,33,2062.69,2059,2072,2043.0,2029,2061,193,0.20480,0.03504,0.04908,0.0172
4840,823127129,32,19.31,2,26,2062.03,2052,2069,2044.31,2040,2052,193,0.18663,0.07503,0.02894,0.0194
4841,823137326,32,21.41,14,30,2061.84,2057,2067,2043.31,2037,2051,193,0.20693,0.04451,0.02314,0.0140
4842,823147528,32,20.31,16,26,2061.94,2054,2072,2044.31,2032,2077,193,0.19630,0.07503,0.02619,0.0199
4843,823157715,32,19.81,14,26,2062.13,2054,2068,2042.75,2037,2049,193,0.19146,0.02741,0.03199,0.0114
4844,823167886,32,20.22,11,50,2061.88,2058,2070,2043.78,2038,2052,193,0.19543,0.05885,0.02436,0.0163
4845,823178108,32,21.0,14,41,2061.97,2058,2067,2044.75,2036,2073,193,0.20297,0.08846,0.02711,0.0235
4846,823188262,32,20.31,16,27,2061.13,2053,2067,2043.75,2041,2058,193,0.19630,0.05794,0.00147,0.0117
4847,823198462,32,20.78,16,42,2060.16,2044,2067,2043.06,2040,2052,193,0.20084,0.03687,-0.02814,0.0018
4848,823208675,32,20.44,14,27,2061.28,2056,2072,2042.25,2033,2050,193,0.19755,0.01215,0.00604,0.0036
4849,823218856,32,19.69,14,27,2062.5,2058,2073,2042.69,2025,2055,193,0.19030,0.02558,0.04328,0.0131
4850,823229015,32,20.84,17,35,2062.16,2057,2067,2042.53,2025,2050,193,0.20142,0.02070,0.03291,0.0108
4851,823239240,32,20.56,9,48,2062.66,2058,2069,2042.25,2018,2051,193,0.19871,0.01215,0.04817,0.0120
4852,823249405,32,19.66,14,27,2061.31,2053,2076,2043.88,2041,2054,193,0.19001,0.06190,0.00696,0.0131
4853,823259601,32,19.94,13,26,2061.72,2049,2068,2045.5,2037,2063,193,0.19272,0.11136,0.01947,0.0252
4854,823269773,32,19.78,6,34,2061.38,2052,2068,2044.38,2040,2053,193,0.19117,0.07717,0.00910,0.0165
4855,823279969,32,20.19,14,27,2061.63,2045,2070,2042.53,2033,2051,193,0.19514,0.02070,0.01673,0.0073
4856,823290152,32,20.94,16,30,2061.44,2056,2070,2042.94,2030,2053,193,0.20239,0.03321,0.01093,0.0089
4857,823300355,32,20.81,18,26,2062.03,2052,2070,2042.44,2024,2051,193,0.20113,0.01795,0.02894,0.0094
4858,823310543,32,20.25,16,28,2062.38,2058,2072,2044.81,2037,2051,193,0.19572,0.09029,0.03962,0.0254
4859,823320739,32,21.78,16,27,2061.72,2059,2066,2044.47,2035,2052,193,0.21050,0.07991,0.01947,0.0209
4860,823330922,32,20.72,13,27,2061.34,2049,2070,2043.56,2029,2051,193,0.20026,0.05214,0.00788,0.0120
4861,823341119,32,20.56,13,28,2061.91,2058,2067,2043.41,2038,2050,193,0.19871,0.04756,0.02527,0.0145
4862,823351336,32,20.22,12,32,2061.78,2048,2067,2043.13,2030,2051,193,0.19543,0.03901,0.02131,0.0118
4863,823361492,32,20.66,13,36,2061.75,2056,2067,2043.91,2029,2061,193,0.19968,0.06282,0.02039,0.0166
4864,823371652,32,19.91,2,30,2062.22,2058,2069,2044.31,2037,2050,193,0.19243,0.07503,0.03474,0.0211
4865,823381852,32,20.31,13,27,2061.97,2058,2068,2044.88,2033,2055,193,0.19630,0.09243,0.02711,0.0235
4866,823392073,32,20.09,13,26,2062.78,2059,2083,2044.31,2040,2050,193,0.19417,0.07503,0.05183,0.0246
4867,823402281,32,20.5,16,25,2062.44,2057,2068,2044.97,2033,2052,193,0.19813,0.09518,0.04145,0.0271
4868,823412447,32,19.69,13,26,2061.22,2053,2067,2045.56,2038,2063,193,0.19030,0.11319,0.00421,0.0223
4869,823422675,32,21.38,14,30,2062.0,2057,2067,2043.38,2037,2050,193,0.20664,0.04664,0.02802,0.0154
4870,823432864,32,20.5,15,28,2062.06,2058,2067,2043.66,2029,2051,193,0.19813,0.05519,0.02985,0.0168
4871,823443029,32,20.59,3,36,2061.75,2053,2073,2043.06,2040,2050,193,0.19900,0.03687,0.02039,0.0114
4872,823453217,32,19.81,17,26,2061.47,2059,2067,2043.13,2036,2051,193,0.19146,0.03901,0.01184,0.0097
4873,823463408,32,21.53,12,47,2063.03,2058,2075,2043.5,2025,2052,193,0.20809,0.05031,0.05946,0.0228
4874,823473599,32,19.63,12,27,2060.66,2049,2067,2044.16,2027,2063,193,0.18972,0.07045,-0.01288,0.0109
4875,823483788,32,20.78,16,32,2062.16,2051,2068,2043.84,2037,2051,193,0.20084,0.06068,0.03291,0.0188
4876,823494029,32,19.22,5,26,2061.34,2056,2072,2044.19,2040,2052,193,0.18576,0.07137,0.00788,0.0147
4877,823504203,32,20.06,16,28,2061.5,2058,2075,2044.19,2029,2063,193,0.19388,0.07137,0.01276,0.0163
4878,823514383,32,20.03,5,29,2061.25,2048,2067,2043.53,2028,2051,193,0.19359,0.05122,0.00513,0.0109
4879,823524588,32,19.94,5,27,2061.38,2056,2066,2045.38,2038,2052,193,0.19272,0.10769,0.00910,0.0225
4880,823534773,32,20.56,10,35,2061.75,2058,2067,2043.06,2035,2052,193,0.19871,0.03687,0.02039,0.0114
4881,823544952,32,20.34,16,35,2061.25,2052,2066,2043.28,2033,2057,193,0.19659,0.04359,0.00513,0.0096
4882,823555139,32,19.88,16,28,2061.84,2056,2075,2042.16,2030,2051,193,0.19214,0.00940,0.02314,0.0063
4883,823565337,32,19.19,10,26,2061.78,2058,2067,2043.81,2038,2056,193,0.18547,0.05977,0.02131,0.0150
4884,823575577,32,19.88,16,28,2061.66,2056,2068,2044.03,2036,2062,193,0.19214,0.06648,0.01764,0.0162
4885,823585808,32,21.69,16,38,2061.53,2059,2070,2044.22,2036,2052,193,0.20963,0.07228,0.01368,0.0180
4886,823596024,32,19.97,9,27,2062.03,2058,2068,2043.53,2037,2062,193,0.19301,0.05122,0.02894,0.0155
4887,823606232,32,19.94,0,27,2061.63,2056,2067,2043.66,2035,2053,193,0.19272,0.05519,0.01673,0.0139
4888,823616438,32,20.28,17,27,2062.25,2058,2066,2043.09,2018,2053,193,0.19601,0.03779,0.03565,0.0144
4889,823626616,32,20.53,17,27,2061.97,2059,2074,2043.56,2040,2050,193,0.19842,0.05214,0.02711,0.0157
4890,823636833,32,22.75,18,36,2062.28,2058,2073,2042.22,2037,2050,193,0.21988,0.01123,0.03657,0.0105
4891,823647026,32,20.19,9,27,2061.91,2059,2067,2043.75,2041,2055,193,0.19514,0.05794,0.02527,0.0162
4892,823657182,32,19.59,10,26,2062.34,2059,2067,2043.41,2032,2052,193,0.18934,0.04756,0.03840,0.0163
4893,823667382,32,21.72,16,35,2061.84,2045,2067,2043.97,2037,2050,193,0.20992,0.06465,0.02314,0.0184
4894,823677587,32,21.16,16,35,2061.75,2059,2067,2045.28,2038,2053,193,0.20451,0.10464,0.02039,0.0256
4895,823687756,32,19.16,13,26,2062.53,2054,2067,2045.16,2040,2060,193,0.18518,0.10098,0.04420,0.0269
4896,823697954,32,20.22,8,27,2061.22,2058,2067,2045.34,2037,2056,193,0.19543,0.10647,0.00421,0.0216
4897,823708145,32,20.94,15,26,2060.84,2049,2067,2043.22,2037,2051,193,0.20239,0.04176,-0.00739,0.0070
4898,823718351,32,21.16,13,29,2062.19,2056,2067,2045.16,2029,2061,193,0.20451,0.10098,0.03382,0.0276
4899,823728542,32,20.41,9,27,2062.38,2058,2067,2043.19,2039,2051,193,0.19726,0.04084,0.03962,0.0159
4900,823738737,32,20.28,16,26,2062.06,2059,2067,2043.81,2038,2051,193,0.19601,0.05977,0.02985,0.0176
4901,823748913,32,21.13,15,26,2062.31,2050,2067,2044.47,2035,2053,193,0.20422,0.07991,0.03748,0.0240
4902,823759110,32,20.69,16,33,2062.09,2058,2076,2043.09,2038,2050,193,0.19997,0.03779,0.03077,0.0137
4903,823769314,32,19.5,8,28,2061.97,2043,2069,2043.81,2031,2053,193,0.18847,0.05977,0.02711,0.0164
4904,823779478,32,20.28,5,26,2062.13,2052,2072,2044.19,2025,2057,193,0.19601,0.07137,0.03199,0.0203
4905,823789680,32,20.63,8,27,2062.06,2058,2069,2043.78,2036,2050,193,0.19939,0.05885,0.02985,0.0177
4906,823799902,32,20.0,11,28,2061.34,2050,2067,2043.63,2038,2051,193,0.19330,0.05427,0.00788,0.0120
4907,823810081,32,21.09,17,35,2061.69,2058,2072,2043.69,2034,2053,193,0.20383,0.05610,0.01856,0.0152
4908,823820292,32,20.09,13,26,2062.25,2057,2074,2044.69,2036,2067,193,0.19417,0.08663,0.03565,0.0237
4909,823830500,32,20.34,16,34,2062.13,2059,2067,2044.31,2038,2054,193,0.19659,0.07503,0.03199,0.0210
4910,823840712,32,20.06,4,50,2061.94,2058,2068,2043.31,2032,2050,193,0.19388,0.04451,0.02619,0.0137
4911,823850933,32,20.22,16,32,2061.84,2056,2074,2046.25,2040,2051,193,0.19543,0.13425,0.02314,0.0308
4912,823861078,32,19.63,16,26,2061.91,2052,2069,2046.59,2038,2081,193,0.18972,0.14463,0.02527,0.0322
4913,823871277,32,21.78,13,27,2061.22,2059,2067,2045.13,2041,2066,193,0.21050,0.10006,0.00421,0.0219
4914,823881500,32,20.84,16,36,2061.25,2054,2067,2042.44,2036,2059,193,0.20142,0.01795,0.00513,0.0046
4915,823891706,32,21.25,17,50,2060.75,2054,2067,2043.81,2038,2050,193,0.20538,0.05977,-0.01013,0.0102
4916,823901861,32,19.91,17,26,2061.72,2056,2067,2044.44,2027,2052,193,0.19243,0.07900,0.01947,0.0189
4917,823912055,32,20.0,16,40,2061.47,2052,2068,2043.63,2038,2050,193,0.19330,0.05427,0.01184,0.0128
4918,823922215,32,19.97,16,26,2062.34,2059,2072,2043.75,2036,2054,193,0.19301,0.05794,0.03840,0.0186
4919,823932383,32,19.66,14,27,2061.28,2054,2067,2044.13,2040,2051,193,0.19001,0.06954,0.00604,0.0144
4920,823942579,32,21.44,11,37,2060.63,2056,2067,2045.22,2037,2067,193,0.20722,0.10281,-0.01380,0.0184
4921,823952772,32,18.75,11,27,2061.06,2053,2069,2042.75,2034,2050,193,0.18122,0.02741,-0.00067,0.0048
4922,823962936,32,21.78,16,40,2061.06,2058,2067,2043.0,2036,2050,193,0.21050,0.03504,-0.00067,0.0072
4923,823973104,32,19.56,1,28,2061.81,2052,2067,2044.13,2036,2054,193,0.18905,0.06954,0.02222,0.0173
4924,823983288,32,20.47,9,27,2062.06,2051,2069,2043.22,2014,2051,193,0.19784,0.04176,0.02985,0.0142
4925,823993502,32,20.94,11,40,2062.59,2056,2067,2044.88,2038,2054,193,0.20239,0.09243,0.04603,0.0280
4926,824003719,32,20.09,14,27,2062.03,2059,2072,2043.16,2036,2053,193,0.19417,0.03993,0.02894,0.0134
4927,824013907,32,19.75,16,26,2061.78,2058,2070,2043.59,2017,2067,193,0.19088,0.05305,0.02131,0.0142
4928,824024083,32,20.69,14,27,2062.06,2052,2074,2044.63,2040,2052,193,0.19997,0.08480,0.02985,0.0229
4929,824034280,32,20.0,17,27,2061.91,2054,2068,2042.56,2030,2058,193,0.19330,0.02161,0.02527,0.0091
4930,824044452,32,19.56,10,27,2061.5,2056,2068,2044.41,2035,2051,193,0.18905,0.07808,0.01276,0.0172
4931,824054623,32,21.75,11,33,2063.13,2058,2073,2043.66,2036,2050,193,0.21021,0.05519,0.06252,0.0247
4932,824064791,32,21.63,13,49,2061.13,2057,2066,2042.78,2035,2050,193,0.20905,0.02833,0.00147,0.0062
4933,824074976,32,19.47,12,26,2061.91,2058,2072,2042.19,2034,2049,193,0.18818,0.01032,0.02527,0.0067
4934,824085199,32,20.56,16,28,2061.47,2043,2067,2044.44,2040,2052,193,0.19871,0.07900,0.01184,0.0181
4935,824095415,32,20.06,8,27,2061.72,2059,2067,2045.16,2038,2065,193,0.19388,0.10098,0.01947,0.0234
4936,824105641,32,19.88,14,29,2062.0,2058,2067,2043.94,2037,2067,193,0.19214,0.06374,0.02802,0.0176
4937,824115811,32,20.75,18,29,2062.06,2058,2073,2044.03,2030,2051,193,0.20055,0.06648,0.02985,0.0193
4938,824125978,32,21.16,13,33,2061.5,2056,2067,2045.31,2040,2077,193,0.20451,0.10556,0.01276,0.0242
4939,824136147,32,20.25,10,30,2060.97,2057,2066,2042.78,2033,2051,193,0.19572,0.02833,-0.00342,0.0049
4940,824146314,32,21.63,16,50,2061.91,2059,2084,2042.81,2034,2052,193,0.20905,0.02924,0.02527,0.0114
4941,824156499,32,20.56,10,27,2061.28,2056,2066,2042.97,2040,2051,193,0.19871,0.03413,0.00604,0.0080
4942,824166687,32,19.56,17,28,2060.94,2051,2066,2042.53,2038,2051,193,0.18905,0.02070,-0.00433,0.0031
4943,824176911,32,19.59,13,25,2061.78,2051,2067,2043.31,2040,2049,193,0.18934,0.04451,0.02131,0.0125
4944,824187103,32,21.31,9,35,2061.38,2053,2067,2044.69,2041,2061,193,0.20596,0.08663,0.00910,0.0197
4945,824197276,32,21.0,16,30,2062.56,2058,2067,2043.56,2020,2053,193,0.20297,0.05214,0.04512,0.0197
4946,824207482,32,20.75,11,26,2062.78,2058,2070,2044.0,2040,2050,193,0.20055,0.06557,0.05183,0.0235
4947,824217630,32,20.03,14,26,2061.19,2054,2067,2043.22,2038,2051,193,0.19359,0.04176,0.00330,0.0087
4948,824227818,32,19.75,10,28,2062.63,2058,2066,2046.25,2037,2060,193,0.19088,0.13425,0.04725,0.0346
4949,824237981,32,20.72,12,33,2061.63,2057,2067,2043.66,2041,2050,193,0.20026,0.05519,0.01673,0.0144
4950,824248178,32,20.53,11,36,2062.09,2058,2067,2043.63,2020,2065,193,0.19842,0.05427,0.03077,0.0169
4951,824258397,32,19.94,13,27,2061.59,2053,2073,2043.41,2036,2054,193,0.19272,0.04756,0.01551,0.0122
4952,824268594,32,19.5,16,25,2061.72,2054,2067,2043.94,2034,2051,193,0.18847,0.06374,0.01947,0.0157
4953,824278820,32,20.53,13,28,2062.25,2058,2067,2044.56,2040,2064,193,0.19842,0.08266,0.03565,0.0235
4954,824288975,32,19.34,0,26,2061.0,2041,2067,2042.97,2030,2051,193,0.18692,0.03413,-0.00250,0.0059
4955,824299114,32,20.25,8,26,2062.06,2058,2066,2043.03,2028,2051,193,0.19572,0.03596,0.02985,0.0129
4956,824309306,32,19.97,12,28,2062.16,2052,2068,2042.28,2010,2050,193,0.19301,0.01306,0.03291,0.0089
4957,824319496,32,20.5,16,26,2062.03,2059,2067,2044.16,2037,2057,193,0.19813,0.07045,0.02894,0.0197
4958,824329676,32,20.38,15,29,2061.88,2054,2070,2042.66,2037,2050,193,0.19697,0.02466,0.02436,0.0097
4959,824339910,32,18.81,9,26,2061.88,2044,2067,2043.38,2024,2050,193,0.18180,0.04664,0.02436,0.0129
4960,824350120,32,19.5,14,26,2061.91,2057,2070,2043.84,2040,2050,193,0.18847,0.06068,0.02527,0.0162
4961,824360304,32,20.34,5,29,2060.63,2057,2069,2042.91,2034,2051,193,0.19659,0.03230,-0.01380,0.0036
4962,824370521,32,19.78,5,27,2062.09,2059,2067,2042.72,2028,2051,193,0.19117,0.02650,0.03077,0.0109
4963,824380720,32,20.72,5,50,2061.78,2053,2077,2044.56,2033,2054,193,0.20026,0.08266,0.02131,0.0208
4964,824390930,32,20.78,16,29,2061.56,2059,2067,2042.72,2033,2049,193,0.20084,0.02650,0.01459,0.0083
4965,824401117,32,20.75,8,40,2062.0,2058,2067,2045.91,2036,2072,193,0.20055,0.12387,0.02802,0.0305
4966,824411270,32,22.06,5,36,2060.84,2050,2067,2043.81,2030,2051,193,0.21321,0.05977,-0.00739,0.0112
4967,824421457,32,19.91,16,27,2062.72,2056,2088,2042.97,2027,2052,193,0.19243,0.03413,0.05000,0.0162
4968,824431650,32,21.31,11,34,2063.0,2059,2076,2043.88,2038,2050,193,0.20596,0.06190,0.05855,0.0248
4969,824441793,32,20.31,17,28,2061.59,2056,2072,2043.34,2029,2051,193,0.19630,0.04542,0.01551,0.0120
4970,824451963,32,20.13,16,30,2061.16,2051,2067,2043.84,2033,2058,193,0.19456,0.06068,0.00238,0.0123
4971,824462163,32,19.69,4,28,2061.13,2053,2068,2042.84,2041,2049,193,0.19030,0.03016,0.00147,0.0060
4972,824472371,32,19.41,16,27,2061.69,2058,2067,2043.59,2036,2051,193,0.18760,0.05305,0.01856,0.0134
4973,824482562,32,19.59,14,26,2061.56,2048,2067,2044.84,2033,2054,193,0.18934,0.09121,0.01459,0.0200
4974,824492772,32,20.06,17,25,2062.75,2059,2070,2043.59,2038,2050,193,0.19388,0.05305,0.05092,0.0202
4975,824502965,32,19.16,13,26,2061.22,2052,2069,2043.81,2037,2051,193,0.18518,0.05977,0.00421,0.0118
4976,824513159,32,21.0,16,27,2062.28,2058,2067,2043.66,2040,2051,193,0.20297,0.05519,0.03657,0.0186
4977,824523321,32,20.16,14,26,2061.53,2049,2067,2043.31,2040,2050,193,0.19485,0.04451,0.01368,0.0113
4978,824533530,32,21.25,10,38,2062.09,2057,2067,2044.56,2040,2053,193,0.20538,0.08266,0.03077,0.0233
4979,824543724,32,20.03,17,26,2061.84,2043,2075,2044.22,2033,2056,193,0.19359,0.07228,0.02314,0.0185
4980,824553956,32,20.63,8,30,2061.63,2044,2073,2043.56,2022,2052,193,0.19939,0.05214,0.01673,0.0137
4981,824564162,32,20.09,13,27,2061.19,2049,2067,2043.88,2038,2053,193,0.19417,0.06190,0.00330,0.0127
4982,824574349,32,20.13,11,31,2061.91,2058,2068,2044.06,2032,2051,193,0.19456,0.06740,0.02527,0.0180
4983,824584562,32,20.41,11,49,2061.5,2054,2067,2043.81,2037,2053,193,0.19726,0.05977,0.01276,0.0143
4984,824594785,32,19.75,12,29,2062.34,2054,2072,2044.09,2040,2051,193,0.19088,0.06831,0.03840,0.0204
4985,824605013,32,19.63,12,26,2061.5,2056,2069,2045.84,2040,2075,193,0.18972,0.12173,0.01276,0.0255
4986,824615178,32,21.66,14,35,2061.75,2056,2066,2043.69,2037,2061,193,0.20934,0.05610,0.02039,0.0160
4987,824625347,32,20.03,13,34,2060.66,2057,2067,2044.69,2025,2069,193,0.19359,0.08663,-0.01288,0.0143
4988,824635538,32,20.03,13,27,2061.13,2040,2068,2044.63,2040,2065,193,0.19359,0.08480,0.00147,0.0167
4989,824645732,32,20.63,15,28,2061.28,2043,2067,2044.72,2038,2052,193,0.19939,0.08755,0.00604,0.0187
4990,824655933,32,19.59,14,26,2062.72,2059,2090,2043.25,2034,2050,193,0.18934,0.04267,0.05000,0.0175
4991,824666120,32,20.22,16,28,2061.75,2059,2067,2043.19,2029,2050,193,0.19543,0.04084,0.02039,0.0120
4992,824676317,32,20.06,10,27,2061.91,2056,2066,2044.19,2034,2053,193,0.19388,0.07137,0.02527,0.0187
4993,824686520,32,20.56,16,33,2062.25,2057,2067,2044.16,2040,2050,193,0.19871,0.07045,0.03565,0.0211
4994,824696691,32,19.91,15,26,2061.97,2058,2066,2043.81,2039,2053,193,0.19243,0.05977,0.02711,0.0167
4995,824706907,32,18.88,13,26,2061.78,2058,2066,2044.53,2041,2050,193,0.18248,0.08175,0.02131,0.0188
4996,824717112,32,20.03,17,26,2062.09,2057,2068,2043.16,2038,2051,193,0.19359,0.03993,0.03077,0.0137
4997,824727340,32,19.97,15,32,2061.34,2048,2067,2044.28,2040,2051,193,0.19301,0.07411,0.00788,0.0158
4998,824737533,32,21.28,17,35,2062.47,2060,2068,2044.31,2036,2054,193,0.20567,0.07503,0.04237,0.0241
4999,824747722,32,20.94,17,26,2062.28,2059,2068,2043.44,2026,2056,193,0.20239,0.04847,0.03657,0.0172
5000,824757926,32,19.47,12,27,2061.75,2043,2072,2043.25,2034,2050,193,0.18818,0.04267,0.02039,0.0119
5001,824768082,32,21.16,17,38,2062.03,2059,2070,2042.97,2018,2051,193,0.20451,0.03413,0.02894,0.0129
5002,824778300,32,21.22,17,32,2061.19,2045,2072,2042.03,2015,2051,193,0.20509,0.00543,0.00330,0.0018
5003,824788473,32,19.59,13,27,2061.97,2058,2066,2041.94,2029,2050,193,0.18934,0.00269,0.02711,0.0056
5004,824798657,32,20.91,15,46,2061.63,2057,2068,2042.06,2028,2050,193,0.20210,0.00635,0.01673,0.0047
5005,824808863,32,19.66,12,27,2060.88,2058,2066,2042.53,2027,2052,193,0.19001,0.02070,-0.00617,0.0028
5006,824819063,32,20.56,11,28,2062.13,2057,2078,2044.47,2038,2054,193,0.19871,0.07991,0.03199,0.0222
5007,824829268,32,20.84,11,34,2061.75,2056,2074,2044.47,2038,2056,193,0.20142,0.07991,0.02039,0.0202
5008,824839454,32,20.03,18,26,2061.63,2044,2067,2043.78,2028,2058,193,0.19359,0.05885,0.01673,0.0146
5009,824849702,32,20.41,14,26,2060.25,2050,2068,2042.84,2033,2053,193,0.19726,0.03016,-0.02540,0.0009
5010,824859897,32,20.78,14,31,2061.47,2048,2067,2042.81,2037,2050,193,0.20084,0.02924,0.01184,0.0083
5011,824870081,32,19.97,17,25,2061.56,2056,2072,2044.78,2040,2066,193,0.19301,0.08938,0.01459,0.0201
5012,824880266,32,20.22,14,27,2061.22,2057,2069,2043.88,2041,2050,193,0.19543,0.06190,0.00421,0.0129
5013,824890445,32,19.81,17,28,2061.81,2054,2072,2044.03,2038,2061,193,0.19146,0.06648,0.02222,0.0170
5014,824900665,32,18.66,5,29,2062.19,2059,2067,2042.97,2032,2050,193,0.18035,0.03413,0.03382,0.0123
5015,824910837,32,19.31,14,25,2061.63,2059,2068,2042.81,2037,2052,193,0.18663,0.02924,0.01673,0.0086
5016,824921025,32,21.53,16,32,2060.88,2054,2075,2044.25,2038,2059,193,0.20809,0.07320,-0.00617,0.0139
5017,824931172,32,20.09,17,26,2062.84,2057,2074,2042.91,2035,2057,193,0.19417,0.03230,0.05366,0.0167
5018,824941357,32,21.41,11,50,2060.63,2044,2067,2042.78,2029,2051,193,0.20693,0.02833,-0.01380,0.0030
5019,824951572,32,21.56,16,31,2061.56,2057,2066,2043.31,2016,2051,193,0.20838,0.04451,0.01459,0.0123
5020,824961802,32,21.28,13,40,2062.38,2057,2098,2044.81,2038,2065,193,0.20567,0.09029,0.03962,0.0267
5021,824972001,32,19.91,16,28,2061.25,2058,2068,2044.41,2040,2065,193,0.19243,0.07808,0.00513,0.0160
5022,824982189,32,20.38,13,28,2061.94,2049,2068,2044.16,2030,2060,193,0.19697,0.07045,0.02619,0.0190
5023,824992392,32,20.06,17,26,2062.41,2059,2067,2044.19,2036,2052,193,0.19388,0.07137,0.04054,0.0217
5024,825002609,32,20.53,12,34,2063.16,2059,2068,2043.69,2036,2053,193,0.19842,0.05610,0.06343,0.0237
5025,825012803,32,21.34,17,36,2061.91,2059,2067,2044.25,2038,2056,193,0.20625,0.07320,0.02527,0.0203
5026,825022997,32,20.38,10,38,2061.47,2054,2066,2043.88,2036,2051,193,0.19697,0.06190,0.01184,0.0145
5027,825033180,32,20.75,16,33,2061.81,2058,2067,2043.16,2038,2051,193,0.20055,0.03993,0.02222,0.0125
5028,825043353,32,19.66,13,26,2061.75,2043,2067,2043.75,2037,2050,193,0.19001,0.05794,0.02039,0.0149
5029,825053476,32,19.69,14,29,2061.69,2058,2067,2043.06,2033,2053,193,0.19030,0.03687,0.01856,0.0105
5030,825063699,32,20.88,16,27,2062.03,2052,2067,2044.97,2038,2063,193,0.20181,0.09518,0.02894,0.0250
5031,825073888,32,20.5,9,27,2062.0,2045,2070,2043.97,2041,2050,193,0.19813,0.06465,0.02802,0.0184
5032,825084047,32,20.44,17,26,2062.06,2057,2074,2043.91,2026,2051,193,0.19755,0.06282,0.02985,0.0183
5033,825094259,32,19.44,0,27,2061.25,2056,2066,2044.31,2038,2052,193,0.18789,0.07503,0.00513,0.0151
5034,825104458,32,19.31,15,26,2060.75,2045,2067,2044.97,2035,2058,193,0.18663,0.09518,-0.01013,0.0159
5035,825114648,32,20.09,11,26,2062.47,2058,2068,2044.31,2041,2057,193,0.19417,0.07503,0.04237,0.0228
5036,825124870,32,20.47,16,28,2061.78,2058,2066,2044.63,2036,2052,193,0.19784,0.08480,0.02131,0.0210
5037,825135071,32,19.88,6,26,2061.59,2056,2067,2042.59,2024,2050,193,0.19214,0.02253,0.01551,0.0073
5038,825145252,32,19.81,9,26,2062.44,2059,2091,2043.75,2038,2058,193,0.19146,0.05794,0.04145,0.0190
5039,825155447,32,19.38,3,25,2061.38,2057,2067,2043.66,2037,2050,193,0.18731,0.05519,0.00910,0.0120
5040,825165653,32,19.19,10,26,2061.06,2053,2067,2043.81,2040,2052,193,0.18547,0.05977,-0.00067,0.0110
5041,825175877,32,18.63,4,25,2061.56,2058,2066,2044.0,2037,2050,193,0.18006,0.06557,0.01459,0.0144
5042,825186064,32,20.0,16,26,2062.5,2059,2084,2044.28,2039,2051,193,0.19330,0.07411,0.04328,0.0227
5043,825196241,32,20.19,8,30,2062.38,2054,2068,2043.13,2031,2050,193,0.19514,0.03901,0.03962,0.0153
5044,825206438,32,19.56,14,26,2061.25,2044,2072,2043.94,2038,2051,193,0.18905,0.06374,0.00513,0.0130
5045,825216612,32,19.94,8,26,2061.53,2057,2067,2042.53,2028,2052,193,0.19272,0.02070,0.01368,0.0066
5046,825226786,32,20.31,12,26,2061.31,2056,2075,2044.03,2041,2050,193,0.19630,0.06648,0.00696,0.0144
5047,825236996,32,20.16,14,27,2061.34,2051,2067,2043.03,2021,2055,193,0.19485,0.03596,0.00788,0.0085
5048,825247193,32,20.47,16,30,2062.34,2058,2072,2043.38,2034,2051,193,0.19784,0.04664,0.03840,0.0168
5049,825257376,32,20.0,8,27,2062.06,2055,2068,2043.41,2033,2052,193,0.19330,0.04756,0.02985,0.0150
5050,825267613,32,20.34,13,36,2061.06,2045,2067,2045.22,2038,2071,193,0.19659,0.10281,-0.00067,0.0201
5051,825277822,32,20.41,16,36,2062.38,2054,2071,2043.41,2037,2051,193,0.19726,0.04756,0.03962,0.0172
5052,825287975,32,21.5,12,34,2061.25,2058,2075,2041.5,2011,2052,193,0.20780,-0.01074,0.00513,-0.0012
5053,825298108,32,21.0,12,29,2061.16,2051,2066,2043.19,2038,2052,193,0.20297,0.04084,0.00238,0.0088
5054,825308270,32,20.63,14,26,2061.06,2048,2067,2044.19,2039,2054,193,0.19939,0.07137,-0.00067,0.0141
5055,825318504,32,20.44,13,28,2061.41,2052,2067,2045.06,2041,2072,193,0.19755,0.09792,0.01001,0.0213
5056,825328682,32,21.0,14,38,2062.81,2059,2074,2044.19,2034,2052,193,0.20297,0.07137,0.05275,0.0252
5057,825338881,32,20.81,14,31,2061.34,2057,2068,2043.56,2024,2051,193,0.20113,0.05214,0.00788,0.0121
5058,825349074,32,20.84,13,40,2062.13,2057,2067,2043.06,2021,2061,193,0.20142,0.03687,0.03199,0.0139
5059,825359301,32,19.5,0,26,2061.19,2057,2066,2043.72,2032,2051,193,0.18847,0.05702,0.00330,0.0114
5060,825369509,32,20.38,10,33,2061.69,2056,2067,2043.56,2034,2052,193,0.19697,0.05214,0.01856,0.0139
5061,825379678,32,20.06,13,29,2060.94,2048,2067,2044.78,2040,2064,193,0.19388,0.08938,-0.00433,0.0165
5062,825389883,32,18.69,1,28,2061.69,2059,2067,2044.5,2038,2057,193,0.18064,0.08083,0.01856,0.0180
5063,825400079,32,20.56,12,33,2061.75,2057,2069,2042.84,2040,2050,193,0.19871,0.03016,0.02039,0.0100
5064,825410230,32,21.03,11,29,2061.63,2058,2066,2044.81,2034,2057,193,0.20325,0.09029,0.01673,0.0218
5065,825420426,32,19.09,8,26,2061.56,2059,2074,2044.75,2038,2062,193,0.18450,0.08846,0.01459,0.0190
5066,825430616,32,21.25,14,28,2061.06,2043,2067,2042.78,2027,2050,193,0.20538,0.02833,-0.00067,0.0057
5067,825440792,32,21.72,14,32,2062.28,2059,2081,2043.94,2032,2064,193,0.20992,0.06374,0.03657,0.0211
5068,825451004,32,22.13,16,44,2061.38,2059,2067,2044.03,2041,2053,193,0.21389,0.06648,0.00910,0.0162
5069,825461208,32,21.63,16,34,2061.41,2058,2067,2043.41,2025,2052,193,0.20905,0.04756,0.01001,0.0120
5070,825471396,32,19.75,10,27,2061.44,2038,2067,2043.41,2032,2053,193,0.19088,0.04756,0.01093,0.0112
5071,825481603,32,20.13,14,27,2062.41,2058,2067,2043.0,2021,2057,193,0.19456,0.03504,0.04054,0.0147
5072,825491761,32,19.16,13,27,2062.06,2058,2070,2044.59,2039,2057,193,0.18518,0.08358,0.02985,0.0210
5073,825501978,32,21.66,17,42,2062.66,2055,2078,2043.53,2019,2051,193,0.20934,0.05122,0.04817,0.0208
5074,825512176,32,20.88,17,29,2061.34,2050,2066,2042.5,2036,2049,193,0.20181,0.01978,0.00788,0.0056
5075,825522349,32,20.81,16,30,2061.63,2053,2067,2043.72,2037,2051,193,0.20113,0.05702,0.01673,0.0148
5076,825532556,32,19.38,8,40,2061.22,2056,2067,2044.63,2038,2056,193,0.18731,0.08480,0.00421,0.0167
5077,825542758,32,19.75,17,37,2061.69,2058,2066,2043.5,2034,2057,193,0.19088,0.05031,0.01856,0.0131
5078,825552912,32,20.34,14,31,2061.56,2048,2067,2043.13,2037,2051,193,0.19659,0.03901,0.01459,0.0105
5079,825563128,32,19.69,16,25,2061.44,2052,2068,2044.94,2040,2066,193,0.19030,0.09426,0.01093,0.0200
5080,825573335,32,20.09,13,25,2062.53,2048,2078,2043.75,2036,2052,193,0.19417,0.05794,0.04420,0.0198
5081,825583490,32,19.97,16,28,2062.56,2053,2066,2044.56,2039,2050,193,0.19301,0.08266,0.04512,0.0247
5082,825593683,32,19.84,6,27,2062.13,2056,2069,2045.19,2038,2069,193,0.19175,0.10189,0.03199,0.0257
5083,825603889,32,20.25,3,27,2060.03,2045,2078,2042.38,2020,2050,193,0.19572,0.01612,-0.03211,-0.0031
5084,825614097,32,20.5,1,33,2061.75,2051,2067,2042.66,2032,2051,193,0.19813,0.02466,0.02039,0.0089
5085,825624271,32,20.25,0,26,2061.94,2049,2072,2045.19,2032,2054,193,0.19572,0.10189,0.02619,0.0251
5086,825634449,32,19.69,9,28,2061.81,2058,2068,2043.38,2019,2051,193,0.19030,0.04664,0.02222,0.0131
5087,825644656,32,20.59,12,34,2062.09,2058,2075,2043.5,2024,2051,193,0.19900,0.05031,0.03077,0.0161
5088,825654867,32,21.38,15,36,2062.38,2052,2067,2044.75,2038,2058,193,0.20664,0.08846,0.03962,0.0265
5089,825665028,32,18.72,0,26,2060.88,2049,2068,2044.44,2029,2052,193,0.18093,0.07900,-0.00617,0.0132
5090,825675227,32,19.72,18,27,2062.22,2058,2068,2043.59,2038,2051,193,0.19059,0.05305,0.03474,0.0167
5091,825685418,32,20.66,2,26,2062.94,2058,2075,2043.91,2030,2052,193,0.19968,0.06282,0.05672,0.0239
5092,825695592,32,19.56,11,25,2062.47,2053,2067,2042.88,2038,2050,193,0.18905,0.03138,0.04237,0.0139
5093,825705767,32,19.69,15,26,2061.72,2054,2067,2042.97,2029,2051,193,0.19030,0.03413,0.01947,0.0102
5094,825716005,32,20.94,16,27,2062.59,2052,2080,2042.88,2036,2052,193,0.20239,0.03138,0.04603,0.0157
5095,825726216,32,18.69,10,26,2062.34,2059,2067,2044.06,2040,2064,193,0.18064,0.06740,0.03840,0.0191
5096,825736406,32,21.34,14,38,2061.59,2054,2068,2042.91,2030,2049,193,0.20625,0.03230,0.01551,0.0099
5097,825746604,32,19.41,9,29,2061.53,2054,2067,2043.47,2032,2052,193,0.18760,0.04939,0.01368,0.0118
5098,825756808,32,20.78,13,41,2062.0,2057,2067,2043.59,2040,2051,193,0.20084,0.05305,0.02802,0.0163
5099,825766979,32,19.13,0,26,2061.56,2057,2067,2045.03,2032,2076,193,0.18489,0.09701,0.01459,0.0206
5100,825777215,32,21.59,16,28,2061.81,2059,2072,2042.38,2037,2051,193,0.20867,0.01612,0.02222,0.0080
5101,825787435,32,19.94,4,26,2061.53,2052,2067,2043.03,2030,2049,193,0.19272,0.03596,0.01368,0.0096
5102,825797620,32,20.84,17,30,2061.94,2059,2067,2044.13,2022,2053,193,0.20142,0.06954,0.02619,0.0193
5103,825807804,32,20.81,17,32,2061.53,2058,2067,2043.19,2035,2051,193,0.20113,0.04084,0.01368,0.0110
5104,825818041,32,20.63,17,27,2060.59,2054,2066,2042.75,2030,2053,193,0.19939,0.02741,-0.01502,0.0025
5105,825828228,32,19.84,11,26,2061.88,2051,2088,2043.06,2034,2052,193,0.19175,0.03687,0.02436,0.0117
5106,825838423,32,19.41,3,28,2061.69,2057,2073,2043.41,2037,2050,193,0.18760,0.04756,0.01856,0.0124
5107,825848600,32,20.5,10,29,2062.75,2048,2085,2044.28,2040,2056,193,0.19813,0.07411,0.05092,0.0248
5108,825858772,32,20.75,13,27,2061.19,2058,2067,2043.91,2030,2050,193,0.20055,0.06282,0.00330,0.0133
5109,825868954,32,19.53,6,28,2062.41,2059,2069,2043.47,2032,2051,193,0.18876,0.04939,0.04054,0.0170
5110,825879157,32,20.66,11,41,2061.53,2043,2075,2043.28,2038,2051,193,0.19968,0.04359,0.01368,0.0114
5111,825889379,32,19.03,1,30,2060.81,2056,2067,2043.28,2033,2057,193,0.18392,0.04359,-0.00830,0.0065
5112,825899568,32,20.03,11,27,2062.0,2052,2077,2043.94,2038,2054,193,0.19359,0.06374,0.02802,0.0178
5113,825909759,32,20.56,16,42,2061.94,2044,2071,2043.63,2031,2050,193,0.19871,0.05427,0.02619,0.0160
5114,825919963,32,19.63,0,33,2062.16,2053,2072,2044.94,2040,2052,193,0.18972,0.09426,0.03291,0.0241
5115,825930141,32,19.0,0,25,2061.5,2052,2067,2044.0,2038,2061,193,0.18363,0.06557,0.01276,0.0144
5116,825940238,32,21.69,17,47,2062.72,2058,2068,2043.84,2030,2054,193,0.20963,0.06068,0.05000,0.0232
5117,825950439,32,22.59,17,52,2061.19,2053,2069,2043.88,2031,2053,193,0.21833,0.06190,0.00330,0.0142
5118,825960645,32,20.38,16,26,2060.88,2052,2067,2043.16,2040,2049,193,0.19697,0.03993,-0.00617,0.0066
5119,825970817,32,20.38,14,26,2061.84,2048,2072,2042.53,2030,2050,193,0.19697,0.02070,0.02314,0.0086
5120,825981022,32,21.88,10,36,2061.59,2058,2067,2043.94,2032,2055,193,0.21147,0.06374,0.01551,0.0168
5121,825991201,32,20.19,12,28,2061.53,2056,2066,2043.25,2032,2063,193,0.19514,0.04267,0.01368,0.0110
5122,826001371,32,20.97,16,27,2061.34,2053,2073,2043.78,2034,2050,193,0.20268,0.05885,0.00788,0.0135
5123,826011553,32,19.91,16,28,2061.81,2059,2067,2044.0,2030,2052,193,0.19243,0.06557,0.02222,0.0169
5124,826021732,32,19.66,15,26,2061.0,2049,2067,2042.34,2030,2057,193,0.19001,0.01490,-0.00250,0.0024
5125,826031930,32,19.75,14,26,2062.03,2055,2067,2044.22,2040,2052,193,0.19088,0.07228,0.02894,0.0193
5126,826042119,32,21.16,17,33,2062.25,2058,2067,2044.06,2040,2051,193,0.20451,0.06740,0.03565,0.0211
5127,826052285,32,21.06,14,37,2062.06,2058,2074,2043.97,2028,2050,193,0.20354,0.06465,0.02985,0.0192
5128,826062500,32,21.75,17,35,2061.0,2040,2068,2044.47,2030,2060,193,0.21021,0.07991,-0.00250,0.0163
5129,826072669,32,20.94,17,31,2062.31,2059,2067,2043.97,2036,2050,193,0.20239,0.06465,0.03748,0.0207
5130,826082882,32,20.13,14,28,2060.81,2052,2067,2043.47,2036,2052,193,0.19456,0.04939,-0.00830,0.0080
5131,826093080,32,19.0,0,29,2061.78,2059,2067,2042.88,2034,2051,193,0.18363,0.03138,0.02131,0.0097
5132,826103251,32,20.66,13,34,2061.53,2058,2067,2044.34,2037,2058,193,0.19968,0.07595,0.01368,0.0179
5133,826113432,32,20.41,17,30,2061.0,2054,2066,2042.78,2029,2053,193,0.19726,0.02833,-0.00250,0.0051
5134,826123635,32,20.31,8,28,2062.41,2059,2068,2043.53,2037,2050,193,0.19630,0.05122,0.04054,0.0180
5135,826133841,32,19.84,16,28,2061.44,2058,2069,2042.59,2032,2050,193,0.19175,0.02253,0.01093,0.0064
5136,826144057,32,21.38,12,32,2062.06,2056,2068,2042.78,2032,2050,193,0.20664,0.02833,0.02985,0.0120
5137,826154247,32,19.56,9,26,2062.22,2055,2069,2043.03,2029,2050,193,0.18905,0.03596,0.03474,0.0134
5138,826164448,32,19.69,8,27,2062.13,2051,2072,2043.5,2036,2052,193,0.19030,0.05031,0.03199,0.0157
5139,826174643,32,20.22,16,26,2061.94,2053,2067,2044.72,2038,2069,193,0.19543,0.08755,0.02619,0.0222
5140,826184850,32,20.53,14,30,2060.78,2053,2065,2043.06,2038,2053,193,0.19842,0.03687,-0.00922,0.0055
5141,826195030,32,19.94,5,36,2062.28,2049,2072,2043.31,2034,2050,193,0.19272,0.04451,0.03657,0.0156
5142,826205215,32,19.97,9,27,2061.59,2051,2068,2044.13,2036,2053,193,0.19301,0.06954,0.01551,0.0164
5143,826215414,32,21.91,14,28,2061.97,2058,2067,2042.84,2024,2050,193,0.21176,0.03016,0.02711,0.0121
5144,826225626,32,19.25,14,26,2061.41,2058,2067,2043.5,2038,2051,193,0.18605,0.05031,0.01001,0.0112
5145,826235781,32,19.78,8,41,2062.75,2057,2067,2043.94,2029,2050,193,0.19117,0.06374,0.05092,0.0219
5146,826245980,32,20.78,10,38,2061.84,2057,2074,2043.22,2018,2050,193,0.20084,0.04176,0.02314,0.0130
5147,826256162,32,20.22,16,27,2061.94,2050,2068,2043.94,2040,2056,193,0.19543,0.06374,0.02619,0.0176
5148,826266352,32,19.91,17,26,2062.5,2057,2068,2043.06,2037,2050,193,0.19243,0.03687,0.04328,0.0154
5149,826276523,32,19.84,0,29,2061.34,2057,2067,2043.97,2036,2064,193,0.19175,0.06465,0.00788,0.0139
5150,826286720,32,21.03,14,28,2061.75,2058,2068,2043.72,2038,2049,193,0.20325,0.05702,0.02039,0.0157
5151,826296913,32,20.69,13,41,2062.09,2059,2071,2043.0,2035,2066,193,0.19997,0.03504,0.03077,0.0132
5152,826307074,32,19.66,12,27,2061.69,2055,2073,2045.34,2039,2069,193,0.19001,0.10647,0.01856,0.0238
5153,826317206,32,19.81,6,35,2061.28,2049,2073,2043.0,2030,2050,193,0.19146,0.03504,0.00604,0.0079
5154,826327355,32,19.97,6,30,2061.03,2049,2074,2043.0,2037,2049,193,0.19301,0.03504,-0.00159,0.0065
5155,826337537,32,19.91,14,29,2061.44,2054,2072,2043.47,2040,2050,193,0.19243,0.04939,0.01093,0.0116
5156,826347717,32,20.53,17,30,2062.44,2058,2077,2043.91,2037,2061,193,0.19842,0.06282,0.04145,0.0207
5157,826357941,32,20.31,11,26,2061.75,2059,2067,2045.25,2041,2051,193,0.19630,0.10372,0.02039,0.0244
5158,826368091,32,19.72,16,26,2062.66,2059,2073,2043.59,2037,2054,193,0.19059,0.05305,0.04817,0.0193
5159,826378315,32,19.88,0,27,2061.91,2058,2067,2044.38,2038,2056,193,0.19214,0.07717,0.02527,0.0197
5160,826388492,32,19.09,12,25,2061.69,2052,2071,2044.34,2034,2052,193,0.18450,0.07595,0.01856,0.0174
5161,826398702,32,20.03,11,37,2061.03,2056,2068,2044.34,2040,2051,193,0.19359,0.07595,-0.00159,0.0144
5162,826408915,32,19.13,17,25,2062.38,2058,2069,2043.94,2040,2050,193,0.18489,0.06374,0.03962,0.0191
5163,826419112,32,18.94,1,28,2063.41,2060,2069,2045.41,2035,2052,193,0.18306,0.10861,0.07106,0.0329
5164,826429314,32,19.91,5,31,2062.53,2058,2081,2043.25,2040,2051,193,0.19243,0.04267,0.04420,0.0167
5165,826439500,32,20.44,12,26,2061.91,2056,2069,2043.63,2035,2050,193,0.19755,0.05427,0.02527,0.0157
5166,826449692,32,20.09,12,28,2062.5,2058,2072,2045.28,2037,2065,193,0.19417,0.10464,0.04328,0.0287
5167,826459909,32,21.69,16,36,2061.59,2052,2068,2045.03,2040,2051,193,0.20963,0.09701,0.01551,0.0236
5168,826470114,32,20.47,14,26,2061.69,2057,2066,2043.5,2040,2050,193,0.19784,0.05031,0.01856,0.0136
5169,826480299,32,20.63,13,29,2061.34,2056,2068,2043.47,2030,2066,193,0.19939,0.04939,0.00788,0.0114
5170,826490474,32,20.53,12,35,2061.41,2058,2066,2043.63,2021,2054,193,0.19842,0.05427,0.01001,0.0128
5171,826500667,32,20.53,11,44,2062.59,2058,2069,2042.84,2034,2051,193,0.19842,0.03016,0.04603,0.0151
5172,826510864,32,20.5,12,32,2061.41,2057,2068,2043.47,2036,2052,193,0.19813,0.04939,0.01001,0.0118
5173,826521035,32,20.84,16,27,2062.41,2058,2067,2044.69,2036,2059,193,0.20142,0.08663,0.04054,0.0256
5174,826531205,32,19.78,17,26,2061.75,2050,2067,2043.28,2033,2050,193,0.19117,0.04359,0.02039,0.0122
5175,826541367,32,18.5,6,27,2061.41,2052,2068,2042.72,2026,2049,193,0.17880,0.02650,0.01001,0.0065
5176,826551537,32,19.94,14,25,2062.06,2058,2068,2043.59,2034,2050,193,0.19272,0.05305,0.02985,0.0160
5177,826561757,32,20.72,14,27,2061.16,2058,2067,2043.72,2032,2053,193,0.20026,0.05702,0.00238,0.0119
5178,826571973,32,19.63,11,28,2062.09,2058,2075,2042.63,2036,2054,193,0.18972,0.02375,0.03077,0.0103
5179,826582150,32,19.72,14,26,2061.75,2059,2068,2044.56,2040,2053,193,0.19059,0.08266,0.02039,0.0196
5180,826592328,32,18.41,6,26,2061.09,2054,2069,2042.81,2033,2051,193,0.17793,0.02924,0.00024,0.0052
5181,826602533,32,20.53,17,28,2060.53,2043,2069,2044.31,2037,2057,193,0.19842,0.07503,-0.01685,0.0115
5182,826612748,32,20.06,13,27,2064.22,2059,2086,2043.78,2036,2050,193,0.19388,0.05885,0.09579,0.0300
5183,826622953,32,21.91,16,41,2061.81,2054,2068,2042.34,2036,2057,193,0.21176,0.01490,0.02222,0.0079
5184,826633180,32,20.97,16,31,2062.41,2058,2067,2044.72,2040,2071,193,0.20268,0.08755,0.04054,0.0260
5185,826643426,32,20.56,17,32,2062.41,2058,2083,2043.25,2030,2051,193,0.19871,0.04267,0.04054,0.0165
5186,826653595,32,20.38,16,27,2061.56,2056,2066,2043.88,2033,2053,193,0.19697,0.06190,0.01459,0.0151
5187,826663765,32,19.56,8,26,2061.34,2051,2068,2043.5,2040,2056,193,0.18905,0.05031,0.00788,0.0110
5188,826673918,32,19.97,16,27,2061.72,2058,2066,2043.25,2037,2050,193,0.19301,0.04267,0.01947,0.0120
5189,826684091,32,20.06,15,27,2062.44,2056,2080,2043.03,2025,2051,193,0.19388,0.03596,0.04145,0.0150
5190,826694286,32,20.88,6,27,2060.88,2040,2067,2043.38,2040,2051,193,0.20181,0.04664,-0.00617,0.0082
5191,826704459,32,20.28,14,27,2062.53,2059,2067,2044.81,2038,2051,193,0.19601,0.09029,0.04420,0.0264
5192,826714658,32,20.13,3,27,2062.09,2059,2068,2043.78,2035,2052,193,0.19456,0.05885,0.03077,0.0174
5193,826724845,32,19.09,10,30,2063.0,2056,2072,2043.09,2028,2050,193,0.18450,0.03779,0.05855,0.0178
5194,826734999,32,20.69,17,26,2061.94,2053,2088,2043.0,2036,2050,193,0.19997,0.03504,0.02619,0.0122
5195,826745206,32,19.78,12,27,2061.19,2048,2068,2044.38,2037,2051,193,0.19117,0.07717,0.00330,0.0154
5196,826755423,32,19.81,16,32,2062.09,2056,2069,2043.84,2021,2062,193,0.19146,0.06068,0.03077,0.0175
5197,826765624,32,19.31,16,26,2062.13,2053,2072,2043.84,2040,2050,193,0.18663,0.06068,0.03199,0.0173
5198,826775806,32,19.47,3,26,2062.41,2054,2076,2044.84,2034,2070,193,0.18818,0.09121,0.04054,0.0248
5199,826786016,32,19.91,13,26,2059.81,2048,2066,2044.47,2040,2053,193,0.19243,0.07991,-0.03883,0.0079
5200,826796210,32,20.78,17,26,2061.69,2056,2073,2044.31,2032,2068,193,0.20084,0.07503,0.01856,0.0188
5201,826806408,32,21.19,17,45,2061.59,2051,2068,2042.56,2024,2050,193,0.20480,0.02161,0.01551,0.0076
5202,826816601,32,20.38,14,25,2061.44,2055,2067,2043.22,2035,2061,193,0.19697,0.04176,0.01093,0.0104
5203,826826813,32,19.63,0,28,2060.25,2046,2067,2043.94,2037,2071,193,0.18972,0.06374,-0.02540,0.0073
5204,826836984,32,20.09,17,26,2061.16,2042,2067,2043.47,2021,2051,193,0.19417,0.04939,0.00238,0.0101
5205,826847193,32,20.5,17,26,2062.13,2052,2078,2043.0,2021,2049,193,0.19813,0.03504,0.03199,0.0133
5206,826857354,32,20.03,17,26,2062.22,2054,2073,2043.28,2040,2049,193,0.19359,0.04359,0.03474,0.0152
5207,826867580,32,18.97,6,27,2062.75,2059,2079,2042.94,2032,2052,193,0.18335,0.03321,0.05092,0.0154
5208,826877760,32,19.41,0,26,2060.97,2053,2067,2042.81,2024,2051,193,0.18760,0.02924,-0.00342,0.0048
5209,826887967,32,19.41,0,27,2061.34,2057,2066,2044.69,2036,2067,193,0.18760,0.08663,0.00788,0.0177
5210,826898198,32,20.13,14,25,2062.22,2057,2066,2043.63,2026,2051,193,0.19456,0.05427,0.03474,0.0173
5211,826908393,32,20.97,14,34,2062.19,2052,2073,2042.31,2037,2049,193,0.20268,0.01398,0.03382,0.0097
5212,826918596,32,20.88,17,27,2062.66,2057,2069,2045.19,2040,2052,193,0.20181,0.10189,0.04817,0.0303
5213,826928789,32,21.38,16,28,2061.31,2056,2068,2043.88,2038,2051,193,0.20664,0.06190,0.00696,0.0142
5214,826938991,32,21.09,10,46,2062.25,2059,2072,2043.53,2036,2050,193,0.20383,0.05122,0.03565,0.0177
5215,826949173,32,20.91,13,34,2061.44,2058,2067,2043.03,2037,2054,193,0.20210,0.03596,0.01093,0.0095
5216,826959356,32,20.5,16,34,2061.72,2057,2067,2042.25,2011,2053,193,0.19813,0.01215,0.01947,0.0063
5217,826969519,32,20.34,13,28,2062.09,2059,2067,2042.66,2023,2049,193,0.19659,0.02466,0.03077,0.0109
5218,826979721,32,19.0,4,25,2061.78,2057,2069,2043.0,2030,2054,193,0.18363,0.03504,0.02131,0.0103
5219,826989869,32,20.16,17,27,2060.91,2056,2074,2043.78,2038,2051,193,0.19485,0.05885,-0.00525,0.0104
5220,827000084,32,20.72,14,44,2062.38,2058,2068,2044.34,2036,2053,193,0.20026,0.07595,0.03962,0.0231
5221,827010278,32,20.72,10,41,2061.31,2052,2073,2041.78,2026,2050,193,0.20026,-0.00220,0.00696,0.0010
5222,827020445,32,20.03,17,27,2061.84,2058,2072,2043.28,2019,2049,193,0.19359,0.04359,0.02314,0.0129
5223,827030654,32,20.28,11,28,2062.28,2058,2068,2042.5,2021,2052,193,0.19601,0.01978,0.03657,0.0110
5224,827040880,32,20.53,12,31,2061.56,2057,2067,2043.03,2040,2051,193,0.19842,0.03596,0.01459,0.0100
5225,827051053,32,20.03,17,25,2061.06,2050,2070,2044.72,2041,2061,193,0.19359,0.08755,-0.00067,0.0168
5226,827066851,32,20.66,16,27,2061.5,2058,2068,2041.66,2024,2054,193,0.19968,-0.00586,0.01276,0.0014
5227,827077070,32,20.91,12,26,2061.81,2057,2074,2044.44,2036,2068,193,0.20210,0.07900,0.02222,0.0205
5228,827087289,32,19.66,14,33,2062.78,2059,2078,2043.25,2032,2050,193,0.19001,0.04267,0.05183,0.0180
5229,827097474,32,21.16,16,35,2062.72,2052,2073,2044.5,2030,2051,193,0.20451,0.08083,0.05000,0.0268
5230,827107646,32,21.06,13,35,2061.94,2059,2068,2043.41,2033,2052,193,0.20354,0.04756,0.02619,0.0150
5231,827117833,32,19.72,3,29,2060.78,2052,2067,2042.97,2037,2052,193,0.19059,0.03413,-0.00922,0.0047
5232,827128037,32,20.88,17,26,2061.91,2048,2069,2045.03,2040,2060,193,0.20181,0.09701,0.02527,0.0247
5233,827138244,32,19.56,13,32,2061.56,2059,2069,2043.09,2037,2051,193,0.18905,0.03779,0.01459,0.0099
5234,827148502,32,20.03,16,27,2061.91,2054,2068,2044.09,2037,2050,193,0.19359,0.06831,0.02527,0.0181
5235,827158745,32,20.84,14,41,2061.84,2054,2067,2043.81,2037,2054,193,0.20142,0.05977,0.02314,0.0167
5236,827168937,32,20.94,16,31,2061.53,2058,2066,2042.56,2037,2049,193,0.20239,0.02161,0.01368,0.0071
5237,827179160,32,19.84,11,35,2062.75,2059,2069,2044.25,2027,2061,193,0.19175,0.07320,0.05092,0.0238
5238,827189324,32,20.44,14,54,2061.91,2056,2079,2044.13,2035,2062,193,0.19755,0.06954,0.02527,0.0187
5239,827199529,32,20.09,14,29,2061.88,2050,2067,2044.28,2040,2058,193,0.19417,0.07411,0.02436,0.0191
5240,827209771,32,19.34,6,29,2061.84,2055,2069,2044.94,2033,2061,193,0.18692,0.09426,0.02314,0.0219
5241,827219985,32,20.47,17,26,2061.63,2058,2066,2042.97,2038,2052,193,0.19784,0.03413,0.01673,0.0101
5242,827230191,32,20.66,13,29,2061.38,2057,2067,2042.63,2034,2052,193,0.19968,0.02375,0.00910,0.0066
5243,827240367,32,20.53,14,27,2062.03,2058,2067,2042.72,2038,2053,193,0.19842,0.02650,0.02894,0.0110
5244,827250555,32,19.69,13,27,2061.63,2057,2068,2043.06,2038,2050,193,0.19030,0.03687,0.01673,0.0102
5245,827260799,32,21.25,14,41,2061.53,2059,2066,2042.97,2038,2059,193,0.20538,0.03413,0.01368,0.0098
5246,827270975,32,19.22,9,27,2062.47,2059,2068,2042.97,2038,2050,193,0.18576,0.03413,0.04237,0.0142
5247,827281165,32,20.63,10,27,2061.81,2054,2068,2043.94,2038,2051,193,0.19939,0.06374,0.02222,0.0171
5248,827291368,32,19.69,13,26,2061.88,2054,2067,2042.97,2029,2065,193,0.19030,0.03413,0.02436,0.0111
5249,827301591,32,19.03,0,27,2062.19,2058,2070,2043.09,2034,2053,193,0.18392,0.03779,0.03382,0.0132
5250,827311784,32,22.38,17,51,2061.88,2059,2067,2042.59,2034,2050,193,0.21630,0.02253,0.02436,0.0101
5251,827321990,32,20.69,16,26,2061.63,2058,2067,2043.25,2028,2054,193,0.19997,0.04267,0.01673,0.0119
5252,827332147,32,21.06,17,34,2061.72,2058,2069,2042.88,2026,2050,193,0.20354,0.03138,0.01947,0.0104
5253,827342328,32,18.97,5,25,2061.84,2058,2068,2044.25,2040,2063,193,0.18335,0.07320,0.02314,0.0177
5254,827352485,32,20.13,10,32,2062.47,2058,2080,2046.22,2038,2085,193,0.19456,0.13333,0.04237,0.0342
5255,827362696,32,21.25,17,26,2060.41,2057,2065,2043.0,2037,2052,193,0.20538,0.03504,-0.02051,0.0030
5256,827372855,32,21.41,14,26,2062.19,2050,2076,2043.56,2036,2050,193,0.20693,0.05214,0.03382,0.0178
5257,827383053,32,19.94,16,29,2062.0,2054,2067,2043.06,2035,2051,193,0.19272,0.03687,0.02802,0.0125
5258,827393242,32,22.72,8,50,2061.63,2058,2070,2042.44,2034,2052,193,0.21959,0.01795,0.01673,0.0076
5259,827403451,32,19.59,16,26,2062.25,2051,2067,2045.44,2036,2057,193,0.18934,0.10952,0.03565,0.0275
5260,827413631,32,19.09,5,27,2061.28,2045,2069,2044.25,2029,2069,193,0.18450,0.07320,0.00604,0.0146
5261,827423829,32,19.84,15,33,2061.09,2050,2071,2044.22,2041,2050,193,0.19175,0.07228,0.00024,0.0139
5262,827434049,32,20.66,14,27,2061.38,2048,2069,2042.19,2038,2049,193,0.19968,0.01032,0.00910,0.0039
5263,827444232,32,21.0,5,31,2062.13,2056,2069,2042.66,2030,2050,193,0.20297,0.02466,0.03199,0.0115
5264,827454381,32,20.16,16,35,2062.53,2058,2068,2043.69,2038,2049,193,0.19485,0.05610,0.04420,0.0195
5265,827464533,32,21.28,8,28,2061.47,2053,2069,2044.09,2025,2075,193,0.20567,0.06831,0.01184,0.0165
5266,827474730,32,19.91,13,30,2062.63,2059,2069,2043.81,2040,2055,193,0.19243,0.05977,0.04725,0.0206
5267,827484903,32,19.53,6,33,2061.69,2051,2072,2043.41,2038,2050,193,0.18876,0.04756,0.01856,0.0125
5268,827495129,32,20.69,14,31,2061.34,2048,2075,2042.5,2028,2050,193,0.19997,0.01978,0.00788,0.0055
5269,827505326,32,18.91,10,27,2062.69,2059,2072,2044.56,2040,2056,193,0.18277,0.08266,0.04908,0.0241
5270,827515509,32,20.41,17,30,2061.38,2057,2067,2043.88,2035,2059,193,0.19726,0.06190,0.00910,0.0140
5271,827525691,32,20.03,11,35,2062.59,2056,2093,2043.06,2038,2052,193,0.19359,0.03687,0.04603,0.0160
5272,827535944,32,20.16,16,26,2061.5,2053,2077,2043.0,2038,2049,193,0.19485,0.03504,0.01276,0.0093
5273,827546111,32,19.97,17,26,2063.13,2057,2077,2042.19,2012,2058,193,0.19301,0.01032,0.06252,0.0141
5274,827556283,32,20.31,2,28,2060.78,2048,2067,2042.09,2028,2049,193,0.19630,0.00726,-0.00922,-0.0004
5275,827566477,32,19.78,14,25,2062.13,2059,2068,2045.88,2040,2069,193,0.19117,0.12295,0.03199,0.0296
5276,827576689,32,20.19,5,28,2063.16,2059,2073,2044.97,2037,2050,193,0.19514,0.09518,0.06343,0.0310
5277,827586891,32,20.56,16,36,2061.41,2052,2070,2042.91,2033,2052,193,0.19871,0.03230,0.01001,0.0084
5278,827597056,32,20.31,10,26,2061.84,2058,2069,2043.31,2034,2063,193,0.19630,0.04451,0.02314,0.0133
5279,827607246,32,19.13,14,27,2062.66,2056,2070,2043.47,2040,2051,193,0.18489,0.04939,0.04817,0.0180
5280,827617476,32,20.03,16,30,2061.69,2053,2067,2042.72,2033,2049,193,0.19359,0.02650,0.01856,0.0087
5281,827627635,32,19.22,15,33,2061.91,2059,2067,2043.38,2037,2049,193,0.18576,0.04664,0.02527,0.0134
5282,827637828,32,20.63,5,26,2062.13,2059,2068,2043.69,2040,2052,193,0.19939,0.05610,0.03199,0.0176
5283,827648009,32,20.72,13,29,2061.69,2056,2070,2044.09,2038,2061,193,0.20026,0.06831,0.01856,0.0174
5284,827658242,32,20.38,17,27,2060.63,2052,2067,2043.5,2032,2051,193,0.19697,0.05031,-0.01380,0.0072
5285,827668414,32,19.94,13,26,2062.5,2059,2068,2044.22,2038,2050,193,0.19272,0.07228,0.04328,0.0223
5286,827678577,32,19.88,16,28,2062.06,2054,2073,2045.03,2039,2057,193,0.19214,0.09701,0.02985,0.0244
5287,827688794,32,19.34,10,26,2061.72,2059,2068,2044.56,2037,2051,193,0.18692,0.08266,0.01947,0.0191
5288,827698977,32,20.03,12,27,2062.31,2057,2069,2043.13,2034,2053,193,0.19359,0.03901,0.03748,0.0148
5289,827709205,32,19.34,13,32,2060.97,2054,2066,2043.44,2039,2056,193,0.18692,0.04847,-0.00342,0.0084
5290,827719364,32,20.03,6,26,2062.09,2057,2074,2043.56,2035,2054,193,0.19359,0.05214,0.03077,0.0160
5291,827729559,32,19.78,3,26,2061.47,2052,2067,2041.97,2033,2054,193,0.19117,0.00360,0.01184,0.0030
